{"type":"FeatureCollection","features":[{"type":"Feature","properties":{"cp":"01000"},"geometry":{"type":"Polygon","coordinates":[[[-99.186965,19.349218],[-99.186913,19.349356],[-99.186583,19.350217],[-99.186551,19.35034],[-99.189452,19.350637],[-99.190482,19.350728],[-99.190437,19.351201],[-99.191545,19.351304],[-99.19268,19.351404],[-99.193728,19.351531],[-99.19379,19.351221],[-99.193912,19.350611],[-99.194125,19.349745],[-99.194174,19.349542],[-99.194429,19.348706],[-99.194648,19.348269],[-99.194808,19.347683],[-99.195161,19.346395],[-99.195293,19.345727],[-99.195376,19.345766],[-99.196099,19.345921],[-99.197663,19.346103],[-99.197998,19.346152],[-99.198472,19.346191],[-99.199692,19.346427],[-99.200099,19.346504],[-99.200997,19.346763],[-99.2016,19.346963],[-99.202012,19.347076],[-99.202292,19.345554],[-99.202371,19.345167],[-99.201384,19.34513],[-99.200693,19.344347],[-99.20027,19.344244],[-99.199467,19.344087],[-99.199338,19.344014],[-99.199266,19.343915],[-99.199222,19.343777],[-99.199238,19.342459],[-99.198426,19.343017],[-99.198195,19.342998],[-99.198007,19.342988],[-99.19781,19.341723],[-99.196415,19.341833],[-99.195894,19.341902],[-99.194859,19.342049],[-99.194361,19.341668],[-99.194261,19.341619],[-99.194043,19.34157],[-99.193872,19.341552],[-99.193522,19.341607],[-99.193331,19.341651],[-99.193222,19.341672],[-99.192919,19.34167],[-99.192601,19.341652],[-99.192385,19.341663],[-99.192134,19.341707],[-99.191927,19.341742],[-99.191794,19.34243],[-99.191187,19.342362],[-99.190752,19.342314],[-99.18933,19.342626],[-99.188843,19.343816],[-99.18871,19.344127],[-99.18844,19.344916],[-99.188308,19.345246],[-99.188246,19.3454],[-99.187692,19.346836],[-99.18754,19.347382],[-99.186965,19.349218]]]}},{"type":"Feature","properties":{"cp":"01010"},"geometry":{"type":"Polygon","coordinates":[[[-99.195845,19.363292],[-99.196121,19.362746],[-99.196398,19.362163],[-99.196686,19.361553],[-99.197025,19.360856],[-99.197506,19.359891],[-99.197923,19.358976],[-99.19811,19.358545],[-99.198453,19.357755],[-99.199057,19.356292],[-99.199072,19.356119],[-99.198948,19.355977],[-99.198572,19.355839],[-99.197549,19.356293],[-99.196762,19.356561],[-99.196535,19.356631],[-99.195798,19.356888],[-99.195536,19.357023],[-99.195128,19.357282],[-99.194916,19.357433],[-99.194548,19.357705],[-99.193971,19.358023],[-99.193634,19.358201],[-99.1934,19.35832],[-99.192774,19.358638],[-99.192252,19.358886],[-99.191961,19.358997],[-99.191721,19.359039],[-99.19075,19.359186],[-99.190655,19.359447],[-99.190159,19.360297],[-99.189509,19.360515],[-99.189372,19.360525],[-99.18922,19.361707],[-99.18916,19.362593],[-99.189133,19.363014],[-99.190076,19.363171],[-99.190502,19.36332],[-99.191093,19.36349],[-99.191297,19.363627],[-99.191739,19.363743],[-99.192293,19.363888],[-99.192901,19.364036],[-99.193085,19.364071],[-99.193357,19.36409],[-99.19382,19.364089],[-99.194265,19.36408],[-99.194543,19.364073],[-99.195644,19.364082],[-99.195845,19.363292]]]}},{"type":"Feature","properties":{"cp":"01020"},"geometry":{"type":"Polygon","coordinates":[[[-99.186551,19.35034],[-99.186451,19.350486],[-99.186311,19.350926],[-99.186196,19.351328],[-99.186142,19.351525],[-99.185889,19.352312],[-99.185628,19.353125],[-99.185507,19.353501],[-99.185179,19.354522],[-99.185023,19.35501],[-99.184851,19.355558],[-99.1847,19.356039],[-99.184252,19.35745],[-99.183801,19.358893],[-99.183764,19.35901],[-99.183299,19.360188],[-99.18298,19.361347],[-99.182676,19.362347],[-99.183536,19.361781],[-99.183712,19.361718],[-99.183881,19.361705],[-99.184833,19.36178],[-99.184999,19.361773],[-99.185373,19.361734],[-99.185541,19.361719],[-99.185685,19.361725],[-99.186623,19.36207],[-99.186793,19.362154],[-99.187005,19.362263],[-99.187845,19.362883],[-99.188004,19.362945],[-99.188114,19.36298],[-99.188214,19.363004],[-99.188305,19.363016],[-99.188445,19.363028],[-99.188674,19.362996],[-99.189133,19.363014],[-99.18916,19.362593],[-99.18922,19.361707],[-99.189372,19.360525],[-99.189395,19.360353],[-99.189466,19.359409],[-99.189538,19.35888],[-99.1897,19.357517],[-99.18971,19.357325],[-99.189889,19.355997],[-99.189912,19.355808],[-99.190083,19.354275],[-99.190112,19.354007],[-99.190143,19.353759],[-99.190209,19.353179],[-99.190327,19.352156],[-99.190357,19.3519],[-99.190437,19.351201],[-99.190482,19.350728],[-99.189452,19.350637],[-99.186551,19.35034]]]}},{"type":"Feature","properties":{"cp":"01030"},"geometry":{"type":"Polygon","coordinates":[[[-99.171706,19.359568],[-99.172859,19.360266],[-99.173082,19.360428],[-99.173276,19.360605],[-99.173708,19.36109],[-99.174509,19.362016],[-99.174802,19.362304],[-99.175105,19.362589],[-99.176722,19.364115],[-99.177194,19.364596],[-99.177858,19.365251],[-99.177879,19.364973],[-99.178156,19.364787],[-99.17838,19.364596],[-99.178812,19.364181],[-99.179204,19.363807],[-99.179368,19.363447],[-99.179466,19.363251],[-99.179601,19.36315],[-99.179797,19.363036],[-99.180001,19.362965],[-99.180199,19.362925],[-99.180547,19.362905],[-99.180972,19.362927],[-99.181198,19.36291],[-99.181543,19.362822],[-99.18185,19.362711],[-99.182327,19.362555],[-99.182676,19.362347],[-99.18298,19.361347],[-99.183299,19.360188],[-99.183764,19.35901],[-99.183801,19.358893],[-99.184252,19.35745],[-99.1847,19.356039],[-99.184851,19.355558],[-99.185023,19.35501],[-99.185179,19.354522],[-99.185507,19.353501],[-99.185628,19.353125],[-99.185889,19.352312],[-99.186142,19.351525],[-99.186196,19.351328],[-99.186311,19.350926],[-99.186451,19.350486],[-99.186119,19.350552],[-99.185649,19.350674],[-99.185307,19.350755],[-99.184301,19.350992],[-99.183723,19.351095],[-99.180671,19.351505],[-99.179922,19.351628],[-99.178699,19.351882],[-99.177453,19.352071],[-99.177284,19.35235],[-99.177226,19.352444],[-99.177139,19.352524],[-99.177042,19.3526],[-99.176031,19.35341],[-99.175784,19.35362],[-99.175427,19.353985],[-99.175222,19.354242],[-99.174924,19.354672],[-99.174203,19.355446],[-99.173562,19.356125],[-99.172994,19.356751],[-99.172775,19.357081],[-99.172727,19.357182],[-99.172414,19.357905],[-99.171706,19.359568]]]}},{"type":"Feature","properties":{"cp":"01040"},"geometry":{"type":"Polygon","coordinates":[[[-99.190437,19.351201],[-99.190357,19.3519],[-99.190327,19.352156],[-99.190209,19.353179],[-99.190143,19.353759],[-99.190112,19.354007],[-99.190083,19.354275],[-99.189912,19.355808],[-99.189889,19.355997],[-99.18971,19.357325],[-99.1897,19.357517],[-99.189538,19.35888],[-99.189466,19.359409],[-99.189395,19.360353],[-99.189372,19.360525],[-99.189509,19.360515],[-99.190159,19.360297],[-99.190655,19.359447],[-99.19075,19.359186],[-99.191721,19.359039],[-99.191961,19.358997],[-99.192252,19.358886],[-99.192774,19.358638],[-99.1934,19.35832],[-99.193634,19.358201],[-99.193971,19.358023],[-99.194548,19.357705],[-99.194916,19.357433],[-99.195128,19.357282],[-99.195536,19.357023],[-99.195798,19.356888],[-99.196535,19.356631],[-99.196762,19.356561],[-99.196686,19.356043],[-99.196629,19.355597],[-99.196375,19.355513],[-99.195347,19.355306],[-99.194305,19.355068],[-99.194237,19.355049],[-99.193526,19.354858],[-99.192735,19.35463],[-99.19281,19.354326],[-99.192879,19.354018],[-99.192903,19.35384],[-99.192905,19.353611],[-99.192915,19.353448],[-99.193185,19.35246],[-99.193262,19.35209],[-99.193315,19.352027],[-99.19339,19.351996],[-99.193471,19.351982],[-99.193591,19.351982],[-99.193658,19.351926],[-99.193658,19.351868],[-99.193728,19.351531],[-99.19268,19.351404],[-99.191545,19.351304],[-99.190437,19.351201]]]}},{"type":"Feature","properties":{"cp":"01049"},"geometry":{"type":"Polygon","coordinates":[[[-99.200559,19.352342],[-99.200747,19.351563],[-99.200278,19.351521],[-99.200107,19.35152],[-99.199918,19.351516],[-99.199759,19.351542],[-99.199618,19.351557],[-99.199317,19.351668],[-99.199056,19.35181],[-99.198868,19.351925],[-99.198606,19.352071],[-99.198451,19.352128],[-99.198321,19.352161],[-99.198144,19.3522],[-99.197908,19.352248],[-99.197813,19.352245],[-99.19702,19.352079],[-99.195369,19.351719],[-99.194957,19.351635],[-99.194773,19.351595],[-99.194655,19.351518],[-99.194539,19.351463],[-99.19443,19.351396],[-99.194351,19.351363],[-99.194276,19.351337],[-99.194173,19.3513],[-99.194061,19.351267],[-99.193923,19.351245],[-99.19379,19.351221],[-99.193728,19.351531],[-99.193658,19.351868],[-99.193658,19.351926],[-99.193591,19.351982],[-99.193471,19.351982],[-99.19339,19.351996],[-99.193315,19.352027],[-99.193262,19.35209],[-99.193185,19.35246],[-99.192915,19.353448],[-99.192905,19.353611],[-99.192903,19.35384],[-99.192879,19.354018],[-99.19281,19.354326],[-99.192735,19.35463],[-99.193526,19.354858],[-99.194237,19.355049],[-99.194305,19.355068],[-99.195347,19.355306],[-99.196375,19.355513],[-99.196629,19.355597],[-99.196686,19.356043],[-99.196762,19.356561],[-99.197549,19.356293],[-99.198572,19.355839],[-99.198948,19.355977],[-99.199255,19.355532],[-99.199644,19.354934],[-99.199872,19.354511],[-99.200051,19.354064],[-99.200305,19.353402],[-99.200391,19.353151],[-99.200559,19.352342]]]}},{"type":"Feature","properties":{"cp":"01050"},"geometry":{"type":"Polygon","coordinates":[[[-99.181826,19.347352],[-99.181825,19.347351],[-99.180823,19.347062],[-99.180821,19.347065],[-99.180803,19.347115],[-99.180786,19.347144],[-99.180763,19.347174],[-99.180751,19.347185],[-99.180731,19.347199],[-99.180721,19.347205],[-99.180706,19.347214],[-99.180692,19.34722],[-99.180673,19.347227],[-99.180652,19.347233],[-99.180637,19.347236],[-99.180619,19.347238],[-99.180609,19.347238],[-99.180555,19.347236],[-99.180127,19.349268],[-99.18009,19.349357],[-99.18006,19.349431],[-99.179931,19.349643],[-99.179784,19.349827],[-99.179607,19.35001],[-99.179248,19.350342],[-99.178452,19.35101],[-99.178323,19.351115],[-99.177662,19.351744],[-99.177599,19.351821],[-99.177552,19.351902],[-99.177488,19.352012],[-99.177453,19.352071],[-99.178699,19.351882],[-99.179922,19.351628],[-99.180671,19.351505],[-99.183723,19.351095],[-99.184301,19.350992],[-99.185307,19.350755],[-99.185649,19.350674],[-99.186119,19.350552],[-99.186451,19.350486],[-99.186551,19.35034],[-99.186583,19.350217],[-99.186913,19.349356],[-99.186965,19.349218],[-99.185173,19.348328],[-99.184826,19.348214],[-99.183655,19.347874],[-99.18193,19.347372],[-99.181826,19.347352]]]}},{"type":"Feature","properties":{"cp":"01060"},"geometry":{"type":"Polygon","coordinates":[[[-99.20198,19.34719],[-99.202012,19.347076],[-99.2016,19.346963],[-99.200997,19.346763],[-99.200099,19.346504],[-99.199692,19.346427],[-99.198472,19.346191],[-99.197998,19.346152],[-99.197663,19.346103],[-99.196099,19.345921],[-99.195376,19.345766],[-99.195293,19.345727],[-99.195161,19.346395],[-99.194808,19.347683],[-99.194648,19.348269],[-99.194429,19.348706],[-99.194174,19.349542],[-99.194125,19.349745],[-99.193912,19.350611],[-99.19379,19.351221],[-99.193923,19.351245],[-99.194061,19.351267],[-99.194173,19.3513],[-99.194276,19.351337],[-99.194351,19.351363],[-99.19443,19.351396],[-99.194539,19.351463],[-99.194655,19.351518],[-99.194773,19.351595],[-99.194957,19.351635],[-99.195369,19.351719],[-99.19702,19.352079],[-99.197813,19.352245],[-99.197908,19.352248],[-99.198144,19.3522],[-99.198321,19.352161],[-99.198451,19.352128],[-99.198606,19.352071],[-99.198868,19.351925],[-99.199056,19.35181],[-99.199317,19.351668],[-99.199618,19.351557],[-99.199759,19.351542],[-99.199918,19.351516],[-99.200107,19.35152],[-99.200278,19.351521],[-99.200747,19.351563],[-99.200908,19.350832],[-99.201046,19.350201],[-99.20113,19.349821],[-99.20121,19.349454],[-99.201248,19.349277],[-99.201292,19.349156],[-99.201486,19.348676],[-99.201954,19.347359],[-99.20198,19.34719]]]}},{"type":"Feature","properties":{"cp":"01070"},"geometry":{"type":"Polygon","coordinates":[[[-99.181826,19.347352],[-99.18193,19.347372],[-99.183655,19.347874],[-99.184826,19.348214],[-99.185173,19.348328],[-99.186965,19.349218],[-99.18754,19.347382],[-99.187692,19.346836],[-99.188246,19.3454],[-99.188308,19.345246],[-99.18844,19.344916],[-99.18871,19.344127],[-99.188843,19.343816],[-99.18933,19.342626],[-99.189805,19.341282],[-99.190426,19.339717],[-99.190493,19.339244],[-99.190406,19.338724],[-99.190046,19.338587],[-99.189489,19.339374],[-99.18933,19.339542],[-99.189161,19.339723],[-99.188569,19.340149],[-99.188224,19.340404],[-99.188,19.340645],[-99.187661,19.341015],[-99.187326,19.34113],[-99.186809,19.341278],[-99.186794,19.341293],[-99.186685,19.341398],[-99.186624,19.341596],[-99.186505,19.341933],[-99.185969,19.342448],[-99.185353,19.342977],[-99.184775,19.343438],[-99.184501,19.343588],[-99.184335,19.343623],[-99.184047,19.343692],[-99.183836,19.34392],[-99.183678,19.344256],[-99.183509,19.344569],[-99.183411,19.344775],[-99.183367,19.344925],[-99.183293,19.345265],[-99.183156,19.345847],[-99.183084,19.346127],[-99.182872,19.34652],[-99.182661,19.346523],[-99.182495,19.34658],[-99.182332,19.346697],[-99.181826,19.347352]]]}},{"type":"Feature","properties":{"cp":"01080"},"geometry":{"type":"Polygon","coordinates":[[[-99.19781,19.341723],[-99.198007,19.342988],[-99.198195,19.342998],[-99.198426,19.343017],[-99.199238,19.342459],[-99.199222,19.343777],[-99.199266,19.343915],[-99.199338,19.344014],[-99.199467,19.344087],[-99.20027,19.344244],[-99.200693,19.344347],[-99.201384,19.34513],[-99.202371,19.345167],[-99.20242,19.344404],[-99.202443,19.344036],[-99.202452,19.343107],[-99.202608,19.341373],[-99.202961,19.341389],[-99.204354,19.341467],[-99.204976,19.341506],[-99.205075,19.341301],[-99.205143,19.341208],[-99.205257,19.341128],[-99.205439,19.341013],[-99.206499,19.341144],[-99.206641,19.341036],[-99.208111,19.339928],[-99.209015,19.339346],[-99.210072,19.33879],[-99.210486,19.338583],[-99.211438,19.338096],[-99.211868,19.337983],[-99.212314,19.337927],[-99.213483,19.337908],[-99.213388,19.336579],[-99.213387,19.336532],[-99.213391,19.336524],[-99.213248,19.336499],[-99.213149,19.336481],[-99.212629,19.33629],[-99.211996,19.336261],[-99.211744,19.33625],[-99.211504,19.336238],[-99.211307,19.336228],[-99.211283,19.336241],[-99.211235,19.336235],[-99.211174,19.336227],[-99.211117,19.336168],[-99.211062,19.336104],[-99.210914,19.336078],[-99.210806,19.336098],[-99.210499,19.336268],[-99.210328,19.336361],[-99.210133,19.336393],[-99.20988,19.33644],[-99.209589,19.336469],[-99.209314,19.336552],[-99.209288,19.336738],[-99.209295,19.336836],[-99.209247,19.336868],[-99.209192,19.336888],[-99.209134,19.336899],[-99.209073,19.336907],[-99.209013,19.336916],[-99.208956,19.336929],[-99.208901,19.336947],[-99.208847,19.336968],[-99.208792,19.336992],[-99.208738,19.337017],[-99.208683,19.337043],[-99.208629,19.337071],[-99.208575,19.3371],[-99.208468,19.337157],[-99.208414,19.337185],[-99.20836,19.337212],[-99.208306,19.337238],[-99.208252,19.337262],[-99.208198,19.337284],[-99.208144,19.337304],[-99.20809,19.337321],[-99.208026,19.33733],[-99.207959,19.337317],[-99.207941,19.337289],[-99.208194,19.336735],[-99.20864,19.33605],[-99.208606,19.336063],[-99.208403,19.336142],[-99.208126,19.336244],[-99.20776,19.336359],[-99.207103,19.336601],[-99.206908,19.336568],[-99.206326,19.336505],[-99.205479,19.337234],[-99.205229,19.337455],[-99.20443,19.338178],[-99.204104,19.33853],[-99.203957,19.338335],[-99.203812,19.338145],[-99.203474,19.337709],[-99.203394,19.337816],[-99.203078,19.338136],[-99.202668,19.33855],[-99.202209,19.338906],[-99.202054,19.338947],[-99.201745,19.339038],[-99.201567,19.339094],[-99.201165,19.339337],[-99.201088,19.339365],[-99.200985,19.339385],[-99.20087,19.339368],[-99.200512,19.339252],[-99.200341,19.339224],[-99.200247,19.339231],[-99.200203,19.339237],[-99.200166,19.339263],[-99.199738,19.339605],[-99.199769,19.340568],[-99.199753,19.3407],[-99.1997,19.34087],[-99.199628,19.34103],[-99.199521,19.341222],[-99.199408,19.341339],[-99.199221,19.341434],[-99.19877,19.341577],[-99.198254,19.341666],[-99.19781,19.341723]]]}},{"type":"Feature","properties":{"cp":"01089"},"geometry":{"type":"Polygon","coordinates":[[[-99.206326,19.336505],[-99.206967,19.335949],[-99.205159,19.336257],[-99.204948,19.336275],[-99.2043,19.336119],[-99.203722,19.336334],[-99.20365,19.336348],[-99.203237,19.336458],[-99.202645,19.336615],[-99.202142,19.336788],[-99.201934,19.336817],[-99.20165,19.336903],[-99.201372,19.337697],[-99.201072,19.337853],[-99.200666,19.337944],[-99.200298,19.337994],[-99.200512,19.339252],[-99.20087,19.339368],[-99.200985,19.339385],[-99.201088,19.339365],[-99.201165,19.339337],[-99.201567,19.339094],[-99.201745,19.339038],[-99.202054,19.338947],[-99.202209,19.338906],[-99.202668,19.33855],[-99.203078,19.338136],[-99.203394,19.337816],[-99.203474,19.337709],[-99.203812,19.338145],[-99.203957,19.338335],[-99.204104,19.33853],[-99.20443,19.338178],[-99.205229,19.337455],[-99.205479,19.337234],[-99.206326,19.336505]]]}},{"type":"Feature","properties":{"cp":"01090"},"geometry":{"type":"Polygon","coordinates":[[[-99.18933,19.342626],[-99.190752,19.342314],[-99.191187,19.342362],[-99.191794,19.34243],[-99.191927,19.341742],[-99.192134,19.341707],[-99.192385,19.341663],[-99.192601,19.341652],[-99.192919,19.34167],[-99.193222,19.341672],[-99.193331,19.341651],[-99.193522,19.341607],[-99.193872,19.341552],[-99.194043,19.34157],[-99.194261,19.341619],[-99.194361,19.341668],[-99.194859,19.342049],[-99.195894,19.341902],[-99.196415,19.341833],[-99.19781,19.341723],[-99.198254,19.341666],[-99.19877,19.341577],[-99.199221,19.341434],[-99.199408,19.341339],[-99.199521,19.341222],[-99.199628,19.34103],[-99.1997,19.34087],[-99.199753,19.3407],[-99.199769,19.340568],[-99.199738,19.339605],[-99.200166,19.339263],[-99.200203,19.339237],[-99.200247,19.339231],[-99.200341,19.339224],[-99.200512,19.339252],[-99.200298,19.337994],[-99.200666,19.337944],[-99.201072,19.337853],[-99.201372,19.337697],[-99.20165,19.336903],[-99.201934,19.336817],[-99.202142,19.336788],[-99.202645,19.336615],[-99.203237,19.336458],[-99.20365,19.336348],[-99.203722,19.336334],[-99.2043,19.336119],[-99.204948,19.336275],[-99.205159,19.336257],[-99.206967,19.335949],[-99.207457,19.335512],[-99.207972,19.335082],[-99.208205,19.334851],[-99.208444,19.334573],[-99.208632,19.334329],[-99.208932,19.333908],[-99.209124,19.333633],[-99.209369,19.333278],[-99.209463,19.333111],[-99.209587,19.332891],[-99.210236,19.331578],[-99.210085,19.331431],[-99.209864,19.331422],[-99.209698,19.331447],[-99.209319,19.331507],[-99.207966,19.332127],[-99.207791,19.332212],[-99.207585,19.332297],[-99.207289,19.332389],[-99.207061,19.332467],[-99.205856,19.332607],[-99.205492,19.332706],[-99.205095,19.332652],[-99.2046,19.332838],[-99.204052,19.332922],[-99.202708,19.333128],[-99.201417,19.333303],[-99.2009,19.333334],[-99.200721,19.333336],[-99.200543,19.333302],[-99.200263,19.333235],[-99.20013,19.333236],[-99.200007,19.33323],[-99.199903,19.333509],[-99.199637,19.333862],[-99.199422,19.334109],[-99.1992,19.334333],[-99.19874,19.334985],[-99.198542,19.335175],[-99.198414,19.335284],[-99.19826,19.335378],[-99.198057,19.335484],[-99.197867,19.335544],[-99.197673,19.335595],[-99.196913,19.335713],[-99.196189,19.335887],[-99.195092,19.336174],[-99.194285,19.336392],[-99.193181,19.336635],[-99.191722,19.336836],[-99.191525,19.336858],[-99.191402,19.336866],[-99.19126,19.336844],[-99.191047,19.337143],[-99.190605,19.337723],[-99.190269,19.337965],[-99.190406,19.338724],[-99.190493,19.339244],[-99.190426,19.339717],[-99.189805,19.341282],[-99.18933,19.342626]]]}},{"type":"Feature","properties":{"cp":"01100"},"geometry":{"type":"Polygon","coordinates":[[[-99.205784,19.391293],[-99.203884,19.391801],[-99.203575,19.391897],[-99.203831,19.392373],[-99.204193,19.393046],[-99.204401,19.393434],[-99.204585,19.393775],[-99.204692,19.393974],[-99.204773,19.394126],[-99.204827,19.394226],[-99.204906,19.394195],[-99.205372,19.393971],[-99.205578,19.393872],[-99.205775,19.39375],[-99.206132,19.393412],[-99.20623,19.393353],[-99.206161,19.393026],[-99.205987,19.392245],[-99.205895,19.39182],[-99.205813,19.391442],[-99.205784,19.391293]]]}},{"type":"Feature","properties":{"cp":"01109"},"geometry":{"type":"Polygon","coordinates":[[[-99.20623,19.393353],[-99.206626,19.393241],[-99.207119,19.3931],[-99.207557,19.392904],[-99.20799,19.39271],[-99.208051,19.392613],[-99.208099,19.392386],[-99.208077,19.392309],[-99.208363,19.392216],[-99.208695,19.392112],[-99.209014,19.392004],[-99.209306,19.391908],[-99.209624,19.391803],[-99.209958,19.391694],[-99.210041,19.391665],[-99.210457,19.391538],[-99.210432,19.391469],[-99.210255,19.390979],[-99.210071,19.390472],[-99.20999,19.390246],[-99.209862,19.389893],[-99.209561,19.390023],[-99.209293,19.390139],[-99.208703,19.390394],[-99.208137,19.390558],[-99.207425,19.390671],[-99.206977,19.390656],[-99.20687,19.390652],[-99.206817,19.390645],[-99.20679,19.390638],[-99.206719,19.390619],[-99.206614,19.390583],[-99.206394,19.390496],[-99.206038,19.390346],[-99.205588,19.390169],[-99.205784,19.391293],[-99.205813,19.391442],[-99.205895,19.39182],[-99.205987,19.392245],[-99.206161,19.393026],[-99.20623,19.393353]]]}},{"type":"Feature","properties":{"cp":"01110"},"geometry":{"type":"Polygon","coordinates":[[[-99.20789,19.396375],[-99.208113,19.396508],[-99.207764,19.397059],[-99.207939,19.397151],[-99.208053,19.397238],[-99.208085,19.397283],[-99.208201,19.397448],[-99.208794,19.397364],[-99.208909,19.397373],[-99.209163,19.397395],[-99.209398,19.397477],[-99.209585,19.39755],[-99.209727,19.397602],[-99.209848,19.397638],[-99.20995,19.397645],[-99.20999,19.397642],[-99.210044,19.397738],[-99.210112,19.398235],[-99.210229,19.398955],[-99.21051,19.400425],[-99.210945,19.400277],[-99.211475,19.40013],[-99.212027,19.39995],[-99.212568,19.399806],[-99.212674,19.399765],[-99.213025,19.399559],[-99.213866,19.399118],[-99.21448,19.39884],[-99.214856,19.398706],[-99.215876,19.398377],[-99.216292,19.398253],[-99.216906,19.398034],[-99.217077,19.397974],[-99.218316,19.397555],[-99.219513,19.397171],[-99.22212,19.396383],[-99.222487,19.396241],[-99.223579,19.395853],[-99.22422,19.395746],[-99.224991,19.395633],[-99.225159,19.395639],[-99.22571,19.395666],[-99.226036,19.395691],[-99.226648,19.395772],[-99.226979,19.395803],[-99.227345,19.395796],[-99.227703,19.395731],[-99.228183,19.395645],[-99.229247,19.395417],[-99.22977,19.395303],[-99.229981,19.395256],[-99.230404,19.395113],[-99.230491,19.395083],[-99.230475,19.395018],[-99.229699,19.393748],[-99.22947,19.393385],[-99.227874,19.393355],[-99.226324,19.393039],[-99.224941,19.392477],[-99.223745,19.391649],[-99.222847,19.391096],[-99.221532,19.391148],[-99.219998,19.391024],[-99.219079,19.391261],[-99.219072,19.391531],[-99.218132,19.391564],[-99.21762,19.391488],[-99.217282,19.391619],[-99.216707,19.391985],[-99.215862,19.392535],[-99.21595,19.392717],[-99.21487,19.393904],[-99.214778,19.394044],[-99.214718,19.394229],[-99.214685,19.394413],[-99.214615,19.394574],[-99.214574,19.394607],[-99.214417,19.39473],[-99.214253,19.394867],[-99.21364,19.39379],[-99.213455,19.393859],[-99.213636,19.393616],[-99.213657,19.393549],[-99.214055,19.393412],[-99.214097,19.393499],[-99.214393,19.393344],[-99.214682,19.393085],[-99.21497,19.392777],[-99.214948,19.392701],[-99.215243,19.392579],[-99.215628,19.392389],[-99.215685,19.392221],[-99.215829,19.392033],[-99.215831,19.391884],[-99.215617,19.391271],[-99.21547,19.391323],[-99.215436,19.391334],[-99.215391,19.391349],[-99.215352,19.39106],[-99.215154,19.390627],[-99.214808,19.390908],[-99.214823,19.390955],[-99.214448,19.391267],[-99.214576,19.39162],[-99.214198,19.391749],[-99.21387,19.391858],[-99.213722,19.391906],[-99.213545,19.391965],[-99.213152,19.392095],[-99.212823,19.39221],[-99.212722,19.392244],[-99.212476,19.392325],[-99.212293,19.392386],[-99.212149,19.392433],[-99.211844,19.392535],[-99.211796,19.392551],[-99.211556,19.392656],[-99.211505,19.392677],[-99.211437,19.392723],[-99.211203,19.392889],[-99.211044,19.393025],[-99.210886,19.393149],[-99.210608,19.393368],[-99.210337,19.3936],[-99.209989,19.393886],[-99.209853,19.39399],[-99.209783,19.394277],[-99.209676,19.394719],[-99.209562,19.395185],[-99.209564,19.395208],[-99.209577,19.395372],[-99.209538,19.395392],[-99.209094,19.395618],[-99.209004,19.395664],[-99.208669,19.395834],[-99.208362,19.395916],[-99.208205,19.395956],[-99.207796,19.396244],[-99.20789,19.396375]]]}},{"type":"Feature","properties":{"cp":"01120"},"geometry":{"type":"Polygon","coordinates":[[[-99.199163,19.398912],[-99.198106,19.399127],[-99.197533,19.399077],[-99.197232,19.39905],[-99.196824,19.399147],[-99.196576,19.399265],[-99.196325,19.399297],[-99.196122,19.399414],[-99.195515,19.399671],[-99.195271,19.399772],[-99.19463,19.400108],[-99.193914,19.400468],[-99.193915,19.4006],[-99.193864,19.400774],[-99.193698,19.401056],[-99.193401,19.401419],[-99.192625,19.402508],[-99.192223,19.402857],[-99.192197,19.403096],[-99.192186,19.403238],[-99.192201,19.403743],[-99.192365,19.403725],[-99.19248,19.403712],[-99.19299,19.403656],[-99.193732,19.403577],[-99.193838,19.403565],[-99.194159,19.403527],[-99.194322,19.403507],[-99.194521,19.403485],[-99.194658,19.403468],[-99.19545,19.403344],[-99.195877,19.403292],[-99.196628,19.403205],[-99.196712,19.403192],[-99.197614,19.403091],[-99.198069,19.403004],[-99.198306,19.402934],[-99.198435,19.402885],[-99.198939,19.402663],[-99.199563,19.402398],[-99.199866,19.402279],[-99.200501,19.402033],[-99.200996,19.401843],[-99.201401,19.401694],[-99.201549,19.401655],[-99.201902,19.401556],[-99.202211,19.401527],[-99.202474,19.401502],[-99.203076,19.401434],[-99.203766,19.401362],[-99.204568,19.401275],[-99.20504,19.401215],[-99.206172,19.401066],[-99.207845,19.400854],[-99.208415,19.400765],[-99.209048,19.400657],[-99.21051,19.400425],[-99.210229,19.398955],[-99.210112,19.398235],[-99.210044,19.397738],[-99.20999,19.397642],[-99.20995,19.397645],[-99.209848,19.397638],[-99.209727,19.397602],[-99.209585,19.39755],[-99.209398,19.397477],[-99.209163,19.397395],[-99.208909,19.397373],[-99.208794,19.397364],[-99.208201,19.397448],[-99.208085,19.397283],[-99.208053,19.397238],[-99.207939,19.397151],[-99.207764,19.397059],[-99.207556,19.397052],[-99.20732,19.397189],[-99.207055,19.397255],[-99.206828,19.397314],[-99.206707,19.397396],[-99.20667,19.397499],[-99.206246,19.397487],[-99.205953,19.397464],[-99.205853,19.397443],[-99.205726,19.397434],[-99.205565,19.397456],[-99.205371,19.397516],[-99.205104,19.397566],[-99.20495,19.397293],[-99.204751,19.397348],[-99.204238,19.397489],[-99.202969,19.397737],[-99.202,19.398207],[-99.201576,19.398302],[-99.200123,19.398627],[-99.199163,19.398912]]]}},{"type":"Feature","properties":{"cp":"01125"},"geometry":{"type":"Polygon","coordinates":[[[-99.20495,19.397293],[-99.205104,19.397566],[-99.205371,19.397516],[-99.205565,19.397456],[-99.205726,19.397434],[-99.205853,19.397443],[-99.205953,19.397464],[-99.206246,19.397487],[-99.20667,19.397499],[-99.206707,19.397396],[-99.206828,19.397314],[-99.207055,19.397255],[-99.20732,19.397189],[-99.207556,19.397052],[-99.207764,19.397059],[-99.208113,19.396508],[-99.20789,19.396375],[-99.207616,19.396396],[-99.207236,19.396414],[-99.206857,19.396545],[-99.206221,19.396793],[-99.205682,19.397003],[-99.20495,19.397293]]]}},{"type":"Feature","properties":{"cp":"01130"},"geometry":{"type":"Polygon","coordinates":[[[-99.203575,19.391897],[-99.20334,19.39203],[-99.202286,19.392618],[-99.201281,19.393214],[-99.200158,19.39388],[-99.199855,19.393786],[-99.199685,19.393894],[-99.199578,19.394095],[-99.199461,19.394335],[-99.198882,19.395501],[-99.1986,19.396108],[-99.19854,19.396323],[-99.198556,19.396581],[-99.198853,19.397795],[-99.198923,19.398063],[-99.199163,19.398912],[-99.200123,19.398627],[-99.201576,19.398302],[-99.202,19.398207],[-99.202969,19.397737],[-99.204238,19.397489],[-99.204751,19.397348],[-99.20495,19.397293],[-99.205682,19.397003],[-99.206221,19.396793],[-99.206857,19.396545],[-99.207236,19.396414],[-99.207616,19.396396],[-99.20789,19.396375],[-99.207796,19.396244],[-99.208205,19.395956],[-99.208362,19.395916],[-99.208669,19.395834],[-99.209004,19.395664],[-99.209094,19.395618],[-99.209538,19.395392],[-99.209577,19.395372],[-99.209564,19.395208],[-99.209562,19.395185],[-99.209676,19.394719],[-99.209783,19.394277],[-99.209853,19.39399],[-99.209989,19.393886],[-99.210337,19.3936],[-99.210608,19.393368],[-99.210886,19.393149],[-99.211044,19.393025],[-99.211203,19.392889],[-99.211437,19.392723],[-99.211505,19.392677],[-99.211556,19.392656],[-99.211796,19.392551],[-99.211844,19.392535],[-99.212149,19.392433],[-99.212293,19.392386],[-99.212476,19.392325],[-99.212722,19.392244],[-99.212823,19.39221],[-99.213152,19.392095],[-99.213545,19.391965],[-99.213722,19.391906],[-99.21387,19.391858],[-99.214198,19.391749],[-99.214576,19.39162],[-99.214448,19.391267],[-99.214823,19.390955],[-99.214808,19.390908],[-99.215154,19.390627],[-99.214995,19.390284],[-99.214942,19.390185],[-99.214834,19.389977],[-99.214486,19.390062],[-99.214099,19.389028],[-99.213961,19.388659],[-99.213822,19.388287],[-99.21352,19.38841],[-99.213499,19.388418],[-99.2132,19.388539],[-99.212763,19.388717],[-99.212631,19.38877],[-99.211993,19.389029],[-99.211567,19.389201],[-99.211145,19.389373],[-99.210715,19.389547],[-99.210282,19.389721],[-99.210087,19.389801],[-99.20992,19.389869],[-99.209862,19.389893],[-99.20999,19.390246],[-99.210071,19.390472],[-99.210255,19.390979],[-99.210432,19.391469],[-99.210457,19.391538],[-99.210041,19.391665],[-99.209958,19.391694],[-99.209624,19.391803],[-99.209306,19.391908],[-99.209014,19.392004],[-99.208695,19.392112],[-99.208363,19.392216],[-99.208077,19.392309],[-99.208099,19.392386],[-99.208051,19.392613],[-99.20799,19.39271],[-99.207557,19.392904],[-99.207119,19.3931],[-99.206626,19.393241],[-99.20623,19.393353],[-99.206132,19.393412],[-99.205775,19.39375],[-99.205578,19.393872],[-99.205372,19.393971],[-99.204906,19.394195],[-99.204827,19.394226],[-99.204773,19.394126],[-99.204692,19.393974],[-99.204585,19.393775],[-99.204401,19.393434],[-99.204193,19.393046],[-99.203831,19.392373],[-99.203575,19.391897]],[[-99.202914,19.396227],[-99.202856,19.395293],[-99.203152,19.395317],[-99.203453,19.395372],[-99.203539,19.395389],[-99.203654,19.39541],[-99.203899,19.395456],[-99.203973,19.395469],[-99.204269,19.395525],[-99.204606,19.39559],[-99.204895,19.395647],[-99.205177,19.395703],[-99.205637,19.395796],[-99.20513,19.395936],[-99.20482,19.396032],[-99.204516,19.396127],[-99.204126,19.396249],[-99.203797,19.396362],[-99.203459,19.396445],[-99.203249,19.396511],[-99.203265,19.396432],[-99.202914,19.396227]]]}},{"type":"Feature","properties":{"cp":"01139"},"geometry":{"type":"Polygon","coordinates":[[[-99.202914,19.396227],[-99.203265,19.396432],[-99.203249,19.396511],[-99.203459,19.396445],[-99.203797,19.396362],[-99.204126,19.396249],[-99.204516,19.396127],[-99.20482,19.396032],[-99.20513,19.395936],[-99.205637,19.395796],[-99.205177,19.395703],[-99.204895,19.395647],[-99.204606,19.39559],[-99.204269,19.395525],[-99.203973,19.395469],[-99.203899,19.395456],[-99.203654,19.39541],[-99.203539,19.395389],[-99.203453,19.395372],[-99.203152,19.395317],[-99.202856,19.395293],[-99.202914,19.396227]]]}},{"type":"Feature","properties":{"cp":"01140"},"geometry":{"type":"Polygon","coordinates":[[[-99.202286,19.392618],[-99.201872,19.391992],[-99.202071,19.391739],[-99.202179,19.391513],[-99.202245,19.391264],[-99.202265,19.391137],[-99.202263,19.390947],[-99.202241,19.390783],[-99.202198,19.390553],[-99.202162,19.39047],[-99.201873,19.390641],[-99.201267,19.390995],[-99.201072,19.391108],[-99.200736,19.391303],[-99.200223,19.391606],[-99.199747,19.391876],[-99.199283,19.392139],[-99.198885,19.392354],[-99.198663,19.392473],[-99.198438,19.392595],[-99.198234,19.392707],[-99.197466,19.393138],[-99.197013,19.393412],[-99.196829,19.393391],[-99.196493,19.393409],[-99.195256,19.393582],[-99.194853,19.393635],[-99.193321,19.393844],[-99.193183,19.394434],[-99.193014,19.395153],[-99.192999,19.395284],[-99.19214,19.395215],[-99.191536,19.395227],[-99.190844,19.395364],[-99.190349,19.395446],[-99.189949,19.395528],[-99.189876,19.395571],[-99.189669,19.395581],[-99.18929,19.395639],[-99.189108,19.395717],[-99.189258,19.396075],[-99.189584,19.396854],[-99.189876,19.397586],[-99.189923,19.397707],[-99.190179,19.398315],[-99.190363,19.398756],[-99.190476,19.399022],[-99.190614,19.399322],[-99.19079,19.399595],[-99.190826,19.39965],[-99.191154,19.400109],[-99.191282,19.400265],[-99.191491,19.400437],[-99.191888,19.400727],[-99.192025,19.400856],[-99.192133,19.400981],[-99.192225,19.401132],[-99.192296,19.401329],[-99.192318,19.401393],[-99.192345,19.401653],[-99.192272,19.402387],[-99.192248,19.402628],[-99.192223,19.402857],[-99.192625,19.402508],[-99.193401,19.401419],[-99.193698,19.401056],[-99.193864,19.400774],[-99.193915,19.4006],[-99.193914,19.400468],[-99.19463,19.400108],[-99.195271,19.399772],[-99.195515,19.399671],[-99.196122,19.399414],[-99.196325,19.399297],[-99.196576,19.399265],[-99.196824,19.399147],[-99.197232,19.39905],[-99.197533,19.399077],[-99.198106,19.399127],[-99.199163,19.398912],[-99.198923,19.398063],[-99.198853,19.397795],[-99.198556,19.396581],[-99.19854,19.396323],[-99.1986,19.396108],[-99.198882,19.395501],[-99.199461,19.394335],[-99.199578,19.394095],[-99.199685,19.393894],[-99.199855,19.393786],[-99.200158,19.39388],[-99.201281,19.393214],[-99.202286,19.392618]]]}},{"type":"Feature","properties":{"cp":"01150"},"geometry":{"type":"Polygon","coordinates":[[[-99.205784,19.391293],[-99.205588,19.390169],[-99.206038,19.390346],[-99.206394,19.390496],[-99.206614,19.390583],[-99.206719,19.390619],[-99.20679,19.390638],[-99.206817,19.390645],[-99.20687,19.390652],[-99.206977,19.390656],[-99.207425,19.390671],[-99.208137,19.390558],[-99.208703,19.390394],[-99.209293,19.390139],[-99.209561,19.390023],[-99.209862,19.389893],[-99.20992,19.389869],[-99.210087,19.389801],[-99.210111,19.389628],[-99.210173,19.389332],[-99.210201,19.389333],[-99.210298,19.388835],[-99.210374,19.38881],[-99.210453,19.388456],[-99.210469,19.38835],[-99.210448,19.388343],[-99.210475,19.388173],[-99.210473,19.388123],[-99.210441,19.388113],[-99.210476,19.387929],[-99.210574,19.387927],[-99.210595,19.387706],[-99.210627,19.387649],[-99.211428,19.387512],[-99.211378,19.387331],[-99.211342,19.387062],[-99.211333,19.386793],[-99.211336,19.386652],[-99.210979,19.386662],[-99.210542,19.386686],[-99.21025,19.386707],[-99.20874,19.386794],[-99.206816,19.386914],[-99.20641,19.386934],[-99.205291,19.387028],[-99.205015,19.387029],[-99.20479,19.387047],[-99.204512,19.387052],[-99.204428,19.387035],[-99.204363,19.387103],[-99.203949,19.387528],[-99.202727,19.387561],[-99.202103,19.387597],[-99.201852,19.387668],[-99.201637,19.387895],[-99.201468,19.387645],[-99.201254,19.387331],[-99.201171,19.387203],[-99.20109,19.387021],[-99.200363,19.387072],[-99.199595,19.387147],[-99.199616,19.387181],[-99.199123,19.387549],[-99.198838,19.387738],[-99.198619,19.387902],[-99.198866,19.388187],[-99.197913,19.388827],[-99.197831,19.388719],[-99.197739,19.388783],[-99.197664,19.388676],[-99.197327,19.388766],[-99.197038,19.388803],[-99.196881,19.38878],[-99.196706,19.388748],[-99.196506,19.388836],[-99.196485,19.388977],[-99.196398,19.389096],[-99.196117,19.389027],[-99.195747,19.38879],[-99.195803,19.388613],[-99.195766,19.388592],[-99.19548,19.38855],[-99.195157,19.38847],[-99.194881,19.388768],[-99.19465,19.389001],[-99.194363,19.38926],[-99.194225,19.389887],[-99.194171,19.390033],[-99.193961,19.390964],[-99.193733,19.391991],[-99.193445,19.393288],[-99.193321,19.393844],[-99.194853,19.393635],[-99.194966,19.393273],[-99.195011,19.393092],[-99.195565,19.393007],[-99.196043,19.392938],[-99.196455,19.392889],[-99.196539,19.392428],[-99.196899,19.392382],[-99.197181,19.392339],[-99.197237,19.392326],[-99.197519,19.392299],[-99.198133,19.392286],[-99.198174,19.392343],[-99.198204,19.392322],[-99.198393,19.392216],[-99.198501,19.392155],[-99.199067,19.391838],[-99.199307,19.391704],[-99.199563,19.391585],[-99.199721,19.391489],[-99.200033,19.391256],[-99.200264,19.391109],[-99.200492,19.391009],[-99.200795,19.390895],[-99.200562,19.390612],[-99.201047,19.390628],[-99.20151,19.390642],[-99.201873,19.390641],[-99.202162,19.39047],[-99.202198,19.390553],[-99.202241,19.390783],[-99.202263,19.390947],[-99.202265,19.391137],[-99.202245,19.391264],[-99.202179,19.391513],[-99.202071,19.391739],[-99.201872,19.391992],[-99.202286,19.392618],[-99.20334,19.39203],[-99.203575,19.391897],[-99.203884,19.391801],[-99.205784,19.391293]]]}},{"type":"Feature","properties":{"cp":"01160"},"geometry":{"type":"MultiPolygon","coordinates":[[[[-99.195157,19.38847],[-99.19548,19.38855],[-99.195766,19.388592],[-99.195803,19.388613],[-99.195747,19.38879],[-99.196117,19.389027],[-99.196398,19.389096],[-99.196485,19.388977],[-99.196506,19.388836],[-99.196706,19.388748],[-99.196881,19.38878],[-99.197038,19.388803],[-99.197327,19.388766],[-99.197664,19.388676],[-99.197739,19.388783],[-99.197831,19.388719],[-99.197913,19.388827],[-99.198866,19.388187],[-99.198619,19.387902],[-99.198838,19.387738],[-99.199123,19.387549],[-99.199616,19.387181],[-99.199595,19.387147],[-99.200363,19.387072],[-99.20109,19.387021],[-99.201171,19.387203],[-99.201254,19.387331],[-99.201468,19.387645],[-99.201637,19.387895],[-99.201852,19.387668],[-99.202103,19.387597],[-99.202727,19.387561],[-99.203949,19.387528],[-99.204363,19.387103],[-99.204428,19.387035],[-99.204333,19.387017],[-99.204231,19.386139],[-99.204177,19.385862],[-99.203308,19.385977],[-99.203141,19.385995],[-99.203137,19.385996],[-99.201839,19.386169],[-99.200758,19.386313],[-99.200213,19.386386],[-99.199232,19.386512],[-99.199254,19.386141],[-99.199269,19.385944],[-99.199326,19.385531],[-99.199352,19.385305],[-99.199382,19.385093],[-99.199386,19.385064],[-99.199408,19.384921],[-99.199389,19.384728],[-99.199374,19.384573],[-99.199334,19.384536],[-99.199189,19.384005],[-99.199221,19.38364],[-99.199074,19.383999],[-99.19896,19.384331],[-99.198896,19.384522],[-99.198823,19.384761],[-99.198699,19.384963],[-99.198613,19.385069],[-99.197512,19.386266],[-99.197023,19.386735],[-99.196818,19.386793],[-99.196589,19.38706],[-99.19633,19.387405],[-99.196071,19.387638],[-99.19562,19.388029],[-99.195462,19.388162],[-99.195157,19.38847]]],[[[-99.213499,19.388418],[-99.213338,19.388135],[-99.212709,19.387153],[-99.212675,19.386956],[-99.212688,19.386788],[-99.212755,19.386634],[-99.213286,19.385803],[-99.213348,19.38568],[-99.213165,19.385679],[-99.212819,19.385678],[-99.212489,19.385676],[-99.212288,19.385675],[-99.212154,19.385674],[-99.2118,19.385673],[-99.211411,19.385671],[-99.211271,19.385671],[-99.21124,19.38567],[-99.211223,19.38567],[-99.210995,19.385693],[-99.210644,19.385724],[-99.210333,19.385747],[-99.209994,19.385767],[-99.209669,19.385779],[-99.209326,19.385787],[-99.208948,19.3858],[-99.208167,19.385832],[-99.207801,19.38585],[-99.207476,19.385867],[-99.207301,19.385879],[-99.207131,19.385877],[-99.206916,19.385858],[-99.206527,19.386734],[-99.20641,19.386934],[-99.206816,19.386914],[-99.20874,19.386794],[-99.21025,19.386707],[-99.210542,19.386686],[-99.210979,19.386662],[-99.211336,19.386652],[-99.211333,19.386793],[-99.211342,19.387062],[-99.211378,19.387331],[-99.211428,19.387512],[-99.210627,19.387649],[-99.210595,19.387706],[-99.210574,19.387927],[-99.210476,19.387929],[-99.210441,19.388113],[-99.210473,19.388123],[-99.210475,19.388173],[-99.210448,19.388343],[-99.210469,19.38835],[-99.210453,19.388456],[-99.210374,19.38881],[-99.210298,19.388835],[-99.210201,19.389333],[-99.210173,19.389332],[-99.210111,19.389628],[-99.210087,19.389801],[-99.210282,19.389721],[-99.210715,19.389547],[-99.211145,19.389373],[-99.211567,19.389201],[-99.211993,19.389029],[-99.212631,19.38877],[-99.212763,19.388717],[-99.2132,19.388539],[-99.213499,19.388418]]],[[[-99.20151,19.390642],[-99.201047,19.390628],[-99.200562,19.390612],[-99.200795,19.390895],[-99.200492,19.391009],[-99.200264,19.391109],[-99.200033,19.391256],[-99.199721,19.391489],[-99.199563,19.391585],[-99.199307,19.391704],[-99.199067,19.391838],[-99.198501,19.392155],[-99.198393,19.392216],[-99.198204,19.392322],[-99.198174,19.392343],[-99.198133,19.392286],[-99.197519,19.392299],[-99.197237,19.392326],[-99.197181,19.392339],[-99.196899,19.392382],[-99.196539,19.392428],[-99.196455,19.392889],[-99.196043,19.392938],[-99.195565,19.393007],[-99.195011,19.393092],[-99.194966,19.393273],[-99.194853,19.393635],[-99.195256,19.393582],[-99.196493,19.393409],[-99.196829,19.393391],[-99.197013,19.393412],[-99.197466,19.393138],[-99.198234,19.392707],[-99.198438,19.392595],[-99.198663,19.392473],[-99.198885,19.392354],[-99.199283,19.392139],[-99.199747,19.391876],[-99.200223,19.391606],[-99.200736,19.391303],[-99.201072,19.391108],[-99.201267,19.390995],[-99.201873,19.390641],[-99.20151,19.390642]]]]}},{"type":"Feature","properties":{"cp":"01170"},"geometry":{"type":"Polygon","coordinates":[[[-99.204428,19.387035],[-99.204512,19.387052],[-99.20479,19.387047],[-99.205015,19.387029],[-99.205291,19.387028],[-99.20641,19.386934],[-99.206527,19.386734],[-99.206916,19.385858],[-99.206393,19.385807],[-99.205452,19.385866],[-99.204789,19.385908],[-99.204695,19.385908],[-99.204578,19.385914],[-99.204391,19.385907],[-99.204177,19.385862],[-99.204231,19.386139],[-99.204333,19.387017],[-99.204428,19.387035]]]}},{"type":"Feature","properties":{"cp":"01180"},"geometry":{"type":"Polygon","coordinates":[[[-99.199221,19.38364],[-99.199553,19.382496],[-99.197012,19.383302],[-99.195501,19.383781],[-99.194757,19.384107],[-99.194468,19.384244],[-99.193856,19.384465],[-99.193161,19.384704],[-99.193054,19.384736],[-99.192365,19.38485],[-99.192025,19.384895],[-99.191869,19.384901],[-99.19171,19.384896],[-99.190835,19.385021],[-99.190835,19.385021],[-99.190402,19.386011],[-99.190339,19.386189],[-99.190166,19.386853],[-99.189987,19.387526],[-99.189839,19.388091],[-99.189809,19.3882],[-99.189658,19.388769],[-99.189496,19.389395],[-99.18947,19.389497],[-99.189316,19.390095],[-99.189038,19.391151],[-99.188816,19.392017],[-99.188724,19.392313],[-99.188413,19.39323],[-99.18837,19.393438],[-99.188364,19.393633],[-99.188372,19.393817],[-99.188393,19.393919],[-99.188412,19.394005],[-99.188414,19.394018],[-99.188452,19.394128],[-99.188569,19.394415],[-99.18868,19.394675],[-99.188707,19.394748],[-99.189054,19.395588],[-99.189055,19.39559],[-99.189076,19.395639],[-99.189087,19.395665],[-99.189095,19.395686],[-99.189108,19.395717],[-99.18929,19.395639],[-99.189669,19.395581],[-99.189876,19.395571],[-99.189949,19.395528],[-99.190349,19.395446],[-99.190844,19.395364],[-99.191536,19.395227],[-99.19214,19.395215],[-99.192999,19.395284],[-99.193014,19.395153],[-99.193183,19.394434],[-99.193321,19.393844],[-99.193445,19.393288],[-99.193733,19.391991],[-99.193961,19.390964],[-99.194171,19.390033],[-99.194225,19.389887],[-99.194363,19.38926],[-99.19465,19.389001],[-99.194881,19.388768],[-99.195157,19.38847],[-99.195462,19.388162],[-99.19562,19.388029],[-99.196071,19.387638],[-99.19633,19.387405],[-99.196589,19.38706],[-99.196818,19.386793],[-99.197023,19.386735],[-99.197512,19.386266],[-99.198613,19.385069],[-99.198699,19.384963],[-99.198823,19.384761],[-99.198896,19.384522],[-99.19896,19.384331],[-99.199074,19.383999],[-99.199221,19.38364]]]}},{"type":"Feature","properties":{"cp":"01200"},"geometry":{"type":"Polygon","coordinates":[[[-99.214055,19.386822],[-99.21429,19.387171],[-99.214544,19.387517],[-99.214757,19.387935],[-99.215322,19.387683],[-99.215847,19.3875],[-99.215994,19.387445],[-99.216837,19.387157],[-99.21771,19.386854],[-99.218227,19.386685],[-99.218451,19.386662],[-99.21873,19.386647],[-99.218947,19.386695],[-99.219606,19.387041],[-99.220062,19.387244],[-99.220693,19.387335],[-99.221198,19.387312],[-99.221605,19.387223],[-99.221951,19.387108],[-99.221793,19.387055],[-99.221307,19.386904],[-99.221182,19.386865],[-99.221045,19.386836],[-99.220628,19.38673],[-99.220174,19.38662],[-99.21974,19.386526],[-99.219057,19.386337],[-99.218925,19.386282],[-99.218693,19.386167],[-99.218428,19.386036],[-99.218162,19.385913],[-99.217923,19.385838],[-99.217766,19.385798],[-99.217602,19.385757],[-99.217479,19.385738],[-99.217196,19.385694],[-99.216993,19.385696],[-99.216396,19.385927],[-99.215455,19.386283],[-99.214055,19.386822]]]}},{"type":"Feature","properties":{"cp":"01220"},"geometry":{"type":"Polygon","coordinates":[[[-99.215154,19.390627],[-99.215352,19.39106],[-99.215391,19.391349],[-99.215436,19.391334],[-99.21547,19.391323],[-99.215617,19.391271],[-99.215831,19.391884],[-99.215829,19.392033],[-99.215685,19.392221],[-99.215628,19.392389],[-99.215243,19.392579],[-99.214948,19.392701],[-99.21497,19.392777],[-99.214682,19.393085],[-99.214393,19.393344],[-99.214097,19.393499],[-99.214055,19.393412],[-99.213657,19.393549],[-99.213636,19.393616],[-99.213455,19.393859],[-99.21364,19.39379],[-99.214253,19.394867],[-99.214417,19.39473],[-99.214574,19.394607],[-99.214615,19.394574],[-99.214685,19.394413],[-99.214718,19.394229],[-99.214778,19.394044],[-99.21487,19.393904],[-99.21595,19.392717],[-99.215862,19.392535],[-99.216707,19.391985],[-99.217282,19.391619],[-99.21762,19.391488],[-99.218132,19.391564],[-99.219072,19.391531],[-99.219079,19.391261],[-99.219998,19.391024],[-99.221532,19.391148],[-99.222847,19.391096],[-99.223745,19.391649],[-99.224941,19.392477],[-99.226324,19.393039],[-99.227874,19.393355],[-99.22947,19.393385],[-99.229699,19.393748],[-99.230475,19.395018],[-99.230491,19.395083],[-99.230855,19.39495],[-99.231067,19.394899],[-99.231276,19.394872],[-99.23152,19.394869],[-99.231937,19.394907],[-99.232253,19.394933],[-99.232577,19.394904],[-99.232842,19.394814],[-99.235482,19.393743],[-99.235808,19.393626],[-99.23604,19.393563],[-99.236259,19.393541],[-99.236485,19.393546],[-99.237099,19.393605],[-99.237383,19.393599],[-99.237603,19.393567],[-99.237843,19.393491],[-99.238028,19.393397],[-99.238171,19.393285],[-99.238807,19.392824],[-99.238921,19.392674],[-99.239007,19.392473],[-99.239033,19.392286],[-99.239016,19.391701],[-99.238997,19.391061],[-99.239022,19.390728],[-99.239133,19.390406],[-99.23942,19.389589],[-99.239516,19.38938],[-99.239337,19.389273],[-99.239058,19.388833],[-99.239021,19.388818],[-99.238576,19.387835],[-99.238338,19.387686],[-99.23813,19.387339],[-99.238264,19.387035],[-99.238264,19.386714],[-99.238702,19.386315],[-99.239286,19.386075],[-99.23976,19.385706],[-99.240775,19.385153],[-99.241237,19.385049],[-99.241419,19.384932],[-99.241305,19.384836],[-99.241215,19.384744],[-99.241064,19.384508],[-99.240767,19.38434],[-99.240637,19.384228],[-99.240527,19.384091],[-99.24048,19.384004],[-99.240443,19.383906],[-99.240431,19.383805],[-99.240421,19.383603],[-99.240383,19.383542],[-99.240328,19.38351],[-99.240298,19.383509],[-99.24026,19.383508],[-99.240208,19.383522],[-99.239991,19.383602],[-99.239831,19.383653],[-99.239595,19.383633],[-99.239298,19.383612],[-99.239131,19.383601],[-99.238861,19.383575],[-99.238816,19.383555],[-99.238679,19.383572],[-99.238536,19.383602],[-99.23835,19.383646],[-99.237836,19.383844],[-99.236514,19.384331],[-99.23612,19.38494],[-99.236136,19.38499],[-99.23573,19.385576],[-99.235709,19.385623],[-99.235644,19.385632],[-99.23559,19.385626],[-99.235521,19.385603],[-99.235468,19.385552],[-99.235354,19.385458],[-99.235225,19.385334],[-99.235048,19.38516],[-99.234895,19.385012],[-99.234841,19.384958],[-99.234769,19.384978],[-99.234646,19.384989],[-99.234198,19.384975],[-99.23363,19.384919],[-99.233213,19.384869],[-99.232958,19.38486],[-99.232851,19.384899],[-99.232215,19.385194],[-99.231595,19.385658],[-99.231535,19.385696],[-99.231506,19.385715],[-99.230781,19.385533],[-99.23057,19.385511],[-99.230563,19.385491],[-99.230394,19.385443],[-99.230256,19.385407],[-99.230031,19.385369],[-99.229905,19.385337],[-99.229766,19.385265],[-99.229527,19.385116],[-99.229399,19.385087],[-99.229257,19.385086],[-99.229189,19.384888],[-99.229182,19.384866],[-99.229032,19.384526],[-99.228938,19.384565],[-99.228696,19.384632],[-99.228383,19.384726],[-99.228158,19.384793],[-99.227592,19.384969],[-99.227115,19.385144],[-99.226855,19.385208],[-99.22574,19.385558],[-99.224509,19.38606],[-99.2243,19.38614],[-99.223178,19.386594],[-99.222475,19.386878],[-99.221951,19.387108],[-99.221605,19.387223],[-99.221198,19.387312],[-99.220693,19.387335],[-99.220062,19.387244],[-99.219606,19.387041],[-99.218947,19.386695],[-99.21873,19.386647],[-99.218451,19.386662],[-99.218227,19.386685],[-99.21771,19.386854],[-99.216837,19.387157],[-99.215994,19.387445],[-99.215847,19.3875],[-99.215322,19.387683],[-99.214757,19.387935],[-99.214544,19.387517],[-99.21429,19.387171],[-99.214055,19.386822],[-99.215455,19.386283],[-99.216396,19.385927],[-99.216993,19.385696],[-99.216889,19.385695],[-99.216141,19.385706],[-99.215903,19.385705],[-99.21579,19.385705],[-99.215498,19.385712],[-99.215265,19.385708],[-99.215005,19.385708],[-99.214681,19.38571],[-99.214415,19.385703],[-99.21416,19.385708],[-99.213954,19.385705],[-99.213791,19.385698],[-99.21352,19.38569],[-99.213351,19.38568],[-99.213348,19.38568],[-99.213286,19.385803],[-99.212755,19.386634],[-99.212688,19.386788],[-99.212675,19.386956],[-99.212709,19.387153],[-99.213338,19.388135],[-99.213499,19.388418],[-99.21352,19.38841],[-99.213822,19.388287],[-99.213961,19.388659],[-99.214099,19.389028],[-99.214486,19.390062],[-99.214834,19.389977],[-99.214942,19.390185],[-99.214995,19.390284],[-99.215154,19.390627]]]}},{"type":"Feature","properties":{"cp":"01260"},"geometry":{"type":"MultiPolygon","coordinates":[[[[-99.218912,19.383931],[-99.218987,19.383984],[-99.219332,19.384273],[-99.219635,19.384592],[-99.219914,19.384609],[-99.22048,19.384386],[-99.220799,19.384287],[-99.220978,19.384246],[-99.221084,19.384222],[-99.221239,19.384173],[-99.221315,19.384146],[-99.221428,19.384055],[-99.222101,19.383958],[-99.222604,19.38388],[-99.222892,19.383828],[-99.22433,19.383069],[-99.224967,19.382805],[-99.224809,19.382675],[-99.224927,19.38261],[-99.225122,19.382517],[-99.225495,19.382224],[-99.225673,19.381945],[-99.225888,19.381609],[-99.225911,19.381572],[-99.226026,19.381537],[-99.226359,19.381383],[-99.226229,19.381301],[-99.226119,19.380807],[-99.226083,19.380709],[-99.225903,19.380574],[-99.226027,19.380405],[-99.226249,19.38006],[-99.226342,19.380043],[-99.226472,19.379998],[-99.226593,19.379716],[-99.226646,19.379566],[-99.226681,19.379391],[-99.226699,19.379226],[-99.226881,19.378973],[-99.226821,19.378785],[-99.226109,19.378986],[-99.225891,19.378888],[-99.225789,19.378845],[-99.225534,19.37938],[-99.225472,19.379494],[-99.225335,19.379576],[-99.225151,19.379745],[-99.224709,19.380088],[-99.22458,19.380273],[-99.224544,19.380281],[-99.223929,19.381052],[-99.223924,19.381059],[-99.223523,19.38155],[-99.223237,19.381922],[-99.222915,19.382153],[-99.221989,19.382574],[-99.221985,19.382661],[-99.221416,19.382933],[-99.22098,19.383145],[-99.219749,19.383746],[-99.218773,19.383833],[-99.218912,19.383931]]],[[[-99.233615,19.383571],[-99.233474,19.382716],[-99.234033,19.382633],[-99.234024,19.382312],[-99.233869,19.381704],[-99.233856,19.381303],[-99.233825,19.381116],[-99.23362,19.380485],[-99.233033,19.380626],[-99.233033,19.380627],[-99.233009,19.380633],[-99.233057,19.380863],[-99.232673,19.380954],[-99.232493,19.380199],[-99.232111,19.380267],[-99.231928,19.379458],[-99.231924,19.379459],[-99.231553,19.379487],[-99.231043,19.379711],[-99.230901,19.379818],[-99.23085,19.379891],[-99.23082,19.38008],[-99.230835,19.380301],[-99.230737,19.38037],[-99.230603,19.380422],[-99.230394,19.380427],[-99.230232,19.380643],[-99.230106,19.380709],[-99.229871,19.380763],[-99.229609,19.380781],[-99.229425,19.380833],[-99.229262,19.380857],[-99.229158,19.380827],[-99.229015,19.380823],[-99.22845,19.380859],[-99.228332,19.380966],[-99.228371,19.381068],[-99.228428,19.381225],[-99.22847,19.381355],[-99.228575,19.381552],[-99.228477,19.381711],[-99.228567,19.38196],[-99.228681,19.382223],[-99.228719,19.382344],[-99.228767,19.382571],[-99.228184,19.382701],[-99.227949,19.382767],[-99.227851,19.382483],[-99.2276,19.382549],[-99.227621,19.382631],[-99.227705,19.38286],[-99.227745,19.382981],[-99.227766,19.383044],[-99.227683,19.383028],[-99.227377,19.382956],[-99.227204,19.382789],[-99.227123,19.382819],[-99.227063,19.382839],[-99.226828,19.382911],[-99.226703,19.383004],[-99.22663,19.383058],[-99.226418,19.383233],[-99.226394,19.383254],[-99.226027,19.383303],[-99.225905,19.383328],[-99.225695,19.383346],[-99.225695,19.383451],[-99.225268,19.384025],[-99.225203,19.384106],[-99.225157,19.38419],[-99.225572,19.385168],[-99.22574,19.385558],[-99.226855,19.385208],[-99.227115,19.385144],[-99.227592,19.384969],[-99.228158,19.384793],[-99.228383,19.384726],[-99.228696,19.384632],[-99.228938,19.384565],[-99.229032,19.384526],[-99.229384,19.384421],[-99.229881,19.38426],[-99.230304,19.384125],[-99.230787,19.383998],[-99.231264,19.38391],[-99.231734,19.383825],[-99.232179,19.383767],[-99.232833,19.383682],[-99.233215,19.383628],[-99.233615,19.383571]]]]}},{"type":"Feature","properties":{"cp":"01270"},"geometry":{"type":"Polygon","coordinates":[[[-99.212756,19.383302],[-99.213003,19.383292],[-99.213244,19.383244],[-99.213244,19.383244],[-99.213244,19.383244],[-99.213564,19.383153],[-99.2137,19.38308],[-99.213848,19.383014],[-99.213973,19.382929],[-99.214075,19.382874],[-99.214135,19.382842],[-99.214306,19.382786],[-99.214526,19.382771],[-99.214768,19.382801],[-99.214867,19.382803],[-99.215146,19.382835],[-99.215402,19.38287],[-99.215625,19.382892],[-99.215799,19.38291],[-99.215924,19.382924],[-99.21598,19.38293],[-99.216055,19.382919],[-99.21613,19.382901],[-99.216298,19.38285],[-99.216463,19.382779],[-99.216626,19.382745],[-99.216749,19.382746],[-99.216817,19.382767],[-99.217066,19.38288],[-99.217257,19.383079],[-99.217414,19.383348],[-99.217682,19.383718],[-99.217832,19.383874],[-99.217995,19.383937],[-99.218154,19.383977],[-99.218344,19.383999],[-99.218453,19.384007],[-99.218758,19.383925],[-99.218912,19.383931],[-99.218773,19.383833],[-99.2187,19.383726],[-99.218552,19.383552],[-99.218464,19.382962],[-99.218592,19.382871],[-99.218599,19.382853],[-99.218652,19.382725],[-99.218651,19.382617],[-99.218585,19.38208],[-99.218487,19.381203],[-99.217271,19.381386],[-99.2173,19.381521],[-99.216388,19.381595],[-99.216331,19.3816],[-99.216272,19.381432],[-99.217134,19.380643],[-99.217175,19.380599],[-99.21717,19.380443],[-99.217169,19.380001],[-99.217166,19.379611],[-99.217113,19.379491],[-99.216922,19.379463],[-99.21676,19.379552],[-99.21672,19.379596],[-99.216715,19.379202],[-99.216705,19.378782],[-99.217549,19.378767],[-99.218395,19.378777],[-99.218933,19.378952],[-99.219055,19.378971],[-99.219177,19.37896],[-99.219491,19.378908],[-99.219475,19.377737],[-99.219472,19.376871],[-99.219277,19.376954],[-99.219105,19.377022],[-99.2184,19.377042],[-99.219013,19.376821],[-99.21892,19.376672],[-99.218812,19.376523],[-99.218705,19.376382],[-99.218572,19.376155],[-99.218481,19.375929],[-99.218518,19.375593],[-99.218351,19.375278],[-99.218183,19.375383],[-99.218061,19.375405],[-99.217772,19.375424],[-99.217487,19.375455],[-99.217138,19.375585],[-99.216892,19.375675],[-99.216224,19.375922],[-99.215765,19.376105],[-99.215398,19.376253],[-99.215132,19.376437],[-99.214612,19.376774],[-99.214338,19.376937],[-99.214088,19.377046],[-99.213964,19.377164],[-99.213589,19.37742],[-99.213144,19.377724],[-99.213047,19.377783],[-99.212775,19.377948],[-99.212563,19.378089],[-99.212369,19.378235],[-99.21202,19.378392],[-99.211819,19.378439],[-99.211545,19.378539],[-99.211318,19.378705],[-99.211102,19.378898],[-99.210924,19.379068],[-99.210779,19.379212],[-99.210553,19.379428],[-99.210378,19.379587],[-99.210237,19.379676],[-99.209966,19.379827],[-99.209654,19.379995],[-99.209393,19.380122],[-99.209341,19.380148],[-99.209358,19.380576],[-99.209301,19.380603],[-99.209093,19.380797],[-99.208969,19.38098],[-99.208769,19.381214],[-99.208737,19.381252],[-99.209685,19.381765],[-99.209825,19.381824],[-99.210093,19.381953],[-99.210227,19.382038],[-99.21057,19.382138],[-99.210734,19.382431],[-99.210938,19.382612],[-99.211327,19.382839],[-99.211542,19.382964],[-99.211803,19.383081],[-99.212179,19.383194],[-99.212426,19.383276],[-99.212629,19.383298],[-99.212756,19.383302]]]}},{"type":"Feature","properties":{"cp":"01275"},"geometry":{"type":"Polygon","coordinates":[[[-99.218773,19.383833],[-99.219749,19.383746],[-99.22098,19.383145],[-99.221416,19.382933],[-99.221402,19.382585],[-99.221225,19.38268],[-99.22121,19.382593],[-99.22089,19.382675],[-99.220572,19.382764],[-99.22023,19.382836],[-99.219943,19.382913],[-99.219657,19.383009],[-99.219339,19.383055],[-99.219035,19.383091],[-99.218998,19.382824],[-99.218639,19.382852],[-99.218592,19.382871],[-99.218464,19.382962],[-99.218552,19.383552],[-99.2187,19.383726],[-99.218773,19.383833]]]}},{"type":"Feature","properties":{"cp":"01276"},"geometry":{"type":"Polygon","coordinates":[[[-99.218487,19.381203],[-99.218698,19.381171],[-99.218709,19.381169],[-99.218703,19.380727],[-99.218468,19.379435],[-99.218395,19.378777],[-99.217549,19.378767],[-99.216705,19.378782],[-99.216715,19.379202],[-99.21672,19.379596],[-99.21676,19.379552],[-99.216922,19.379463],[-99.217113,19.379491],[-99.217166,19.379611],[-99.217169,19.380001],[-99.21717,19.380443],[-99.217175,19.380599],[-99.217134,19.380643],[-99.216272,19.381432],[-99.216331,19.3816],[-99.216388,19.381595],[-99.2173,19.381521],[-99.217271,19.381386],[-99.218487,19.381203]]]}},{"type":"Feature","properties":{"cp":"01278"},"geometry":{"type":"Polygon","coordinates":[[[-99.218592,19.382871],[-99.218639,19.382852],[-99.218998,19.382824],[-99.219035,19.383091],[-99.219339,19.383055],[-99.219657,19.383009],[-99.219943,19.382913],[-99.22023,19.382836],[-99.220572,19.382764],[-99.22089,19.382675],[-99.22121,19.382593],[-99.221225,19.38268],[-99.221402,19.382585],[-99.221416,19.382933],[-99.221985,19.382661],[-99.221989,19.382574],[-99.222915,19.382153],[-99.223237,19.381922],[-99.223523,19.38155],[-99.223924,19.381059],[-99.22383,19.380865],[-99.223622,19.380474],[-99.223374,19.380512],[-99.223266,19.380528],[-99.222577,19.380626],[-99.222375,19.380655],[-99.221176,19.380825],[-99.220458,19.38091],[-99.219491,19.381053],[-99.218709,19.381169],[-99.218698,19.381171],[-99.218487,19.381203],[-99.218585,19.38208],[-99.218651,19.382617],[-99.218652,19.382725],[-99.218599,19.382853],[-99.218592,19.382871]]]}},{"type":"Feature","properties":{"cp":"01279"},"geometry":{"type":"Polygon","coordinates":[[[-99.221951,19.387108],[-99.222475,19.386878],[-99.223178,19.386594],[-99.2243,19.38614],[-99.224509,19.38606],[-99.22574,19.385558],[-99.225572,19.385168],[-99.225157,19.38419],[-99.224908,19.383589],[-99.225018,19.38341],[-99.225167,19.383281],[-99.225059,19.383025],[-99.224967,19.382805],[-99.22433,19.383069],[-99.222892,19.383828],[-99.222604,19.38388],[-99.222101,19.383958],[-99.221428,19.384055],[-99.221315,19.384146],[-99.221239,19.384173],[-99.221084,19.384222],[-99.220978,19.384246],[-99.220799,19.384287],[-99.22048,19.384386],[-99.219914,19.384609],[-99.219635,19.384592],[-99.219332,19.384273],[-99.218987,19.383984],[-99.218912,19.383931],[-99.218758,19.383925],[-99.218453,19.384007],[-99.218344,19.383999],[-99.218154,19.383977],[-99.217995,19.383937],[-99.217832,19.383874],[-99.217682,19.383718],[-99.217414,19.383348],[-99.217257,19.383079],[-99.217066,19.38288],[-99.216817,19.382767],[-99.216749,19.382746],[-99.216626,19.382745],[-99.216463,19.382779],[-99.216298,19.38285],[-99.21613,19.382901],[-99.216055,19.382919],[-99.21598,19.38293],[-99.215924,19.382924],[-99.215799,19.38291],[-99.215625,19.382892],[-99.215402,19.38287],[-99.215146,19.382835],[-99.214867,19.382803],[-99.214768,19.382801],[-99.214526,19.382771],[-99.214306,19.382786],[-99.214135,19.382842],[-99.214075,19.382874],[-99.213973,19.382929],[-99.213848,19.383014],[-99.2137,19.38308],[-99.213564,19.383153],[-99.213244,19.383244],[-99.213244,19.383244],[-99.213341,19.383882],[-99.213452,19.383872],[-99.213483,19.384029],[-99.213483,19.38403],[-99.213508,19.384192],[-99.213536,19.384348],[-99.213551,19.384445],[-99.213667,19.384476],[-99.213605,19.384786],[-99.213482,19.384886],[-99.21352,19.38569],[-99.213791,19.385698],[-99.213954,19.385705],[-99.21416,19.385708],[-99.214415,19.385703],[-99.214681,19.38571],[-99.215005,19.385708],[-99.215265,19.385708],[-99.215498,19.385712],[-99.21579,19.385705],[-99.215903,19.385705],[-99.216141,19.385706],[-99.216889,19.385695],[-99.216993,19.385696],[-99.217196,19.385694],[-99.217479,19.385738],[-99.217602,19.385757],[-99.217766,19.385798],[-99.217923,19.385838],[-99.218162,19.385913],[-99.218428,19.386036],[-99.218693,19.386167],[-99.218925,19.386282],[-99.219057,19.386337],[-99.21974,19.386526],[-99.220174,19.38662],[-99.220628,19.38673],[-99.221045,19.386836],[-99.221182,19.386865],[-99.221307,19.386904],[-99.221793,19.387055],[-99.221951,19.387108]]]}},{"type":"Feature","properties":{"cp":"01280"},"geometry":{"type":"Polygon","coordinates":[[[-99.204177,19.385862],[-99.204391,19.385907],[-99.204578,19.385914],[-99.204695,19.385908],[-99.204789,19.385908],[-99.205452,19.385866],[-99.206393,19.385807],[-99.206916,19.385858],[-99.207131,19.385877],[-99.207301,19.385879],[-99.207476,19.385867],[-99.207801,19.38585],[-99.208167,19.385832],[-99.208948,19.3858],[-99.209326,19.385787],[-99.209669,19.385779],[-99.209994,19.385767],[-99.210333,19.385747],[-99.210644,19.385724],[-99.210995,19.385693],[-99.211223,19.38567],[-99.21124,19.38567],[-99.211271,19.385671],[-99.211411,19.385671],[-99.2118,19.385673],[-99.212154,19.385674],[-99.212288,19.385675],[-99.212489,19.385676],[-99.212819,19.385678],[-99.213165,19.385679],[-99.213348,19.38568],[-99.213351,19.38568],[-99.21352,19.38569],[-99.213482,19.384886],[-99.213605,19.384786],[-99.213667,19.384476],[-99.213551,19.384445],[-99.213536,19.384348],[-99.213508,19.384192],[-99.213483,19.38403],[-99.213483,19.384029],[-99.213452,19.383872],[-99.213341,19.383882],[-99.213244,19.383244],[-99.213244,19.383244],[-99.213003,19.383292],[-99.212756,19.383302],[-99.212629,19.383298],[-99.212426,19.383276],[-99.212179,19.383194],[-99.211803,19.383081],[-99.211542,19.382964],[-99.211327,19.382839],[-99.210938,19.382612],[-99.210734,19.382431],[-99.21057,19.382138],[-99.210227,19.382038],[-99.210093,19.381953],[-99.209825,19.381824],[-99.209685,19.381765],[-99.208737,19.381252],[-99.208434,19.381005],[-99.20835,19.380926],[-99.208203,19.380868],[-99.207996,19.380891],[-99.207911,19.380707],[-99.207826,19.380557],[-99.207604,19.380542],[-99.207361,19.380562],[-99.206818,19.380925],[-99.206452,19.380992],[-99.206061,19.38099],[-99.20548,19.380938],[-99.205079,19.381023],[-99.20433,19.380903],[-99.203984,19.380973],[-99.203813,19.380958],[-99.203374,19.380858],[-99.203363,19.380988],[-99.203192,19.38107],[-99.202681,19.381366],[-99.202113,19.38171],[-99.200344,19.382331],[-99.199774,19.38252],[-99.199553,19.382496],[-99.199221,19.38364],[-99.199189,19.384005],[-99.199334,19.384536],[-99.199374,19.384573],[-99.199389,19.384728],[-99.199408,19.384921],[-99.199386,19.385064],[-99.199382,19.385093],[-99.199352,19.385305],[-99.199326,19.385531],[-99.199269,19.385944],[-99.199254,19.386141],[-99.199232,19.386512],[-99.200213,19.386386],[-99.200758,19.386313],[-99.201839,19.386169],[-99.203137,19.385996],[-99.203141,19.385995],[-99.203308,19.385977],[-99.204177,19.385862]],[[-99.207862,19.383702],[-99.207767,19.383363],[-99.207697,19.383045],[-99.207615,19.382708],[-99.207531,19.382385],[-99.207372,19.381694],[-99.207303,19.381373],[-99.207328,19.38137],[-99.207919,19.38128],[-99.207857,19.380919],[-99.207928,19.380916],[-99.208422,19.381527],[-99.208845,19.382062],[-99.209125,19.382331],[-99.209333,19.382458],[-99.209403,19.382501],[-99.209587,19.382616],[-99.20983,19.38273],[-99.210034,19.382822],[-99.210535,19.383062],[-99.210975,19.383389],[-99.211068,19.383439],[-99.21082,19.383435],[-99.208013,19.384082],[-99.207953,19.384083],[-99.207948,19.384068],[-99.207862,19.383702]]]}},{"type":"Feature","properties":{"cp":"01285"},"geometry":{"type":"Polygon","coordinates":[[[-99.209341,19.380148],[-99.209044,19.38024],[-99.208274,19.379993],[-99.208236,19.379998],[-99.208033,19.380024],[-99.207853,19.380081],[-99.207803,19.380319],[-99.207793,19.380434],[-99.207826,19.380557],[-99.207911,19.380707],[-99.207996,19.380891],[-99.208203,19.380868],[-99.20835,19.380926],[-99.208434,19.381005],[-99.208737,19.381252],[-99.208769,19.381214],[-99.208969,19.38098],[-99.209093,19.380797],[-99.209301,19.380603],[-99.209358,19.380576],[-99.209341,19.380148]]]}},{"type":"Feature","properties":{"cp":"01289"},"geometry":{"type":"Polygon","coordinates":[[[-99.207862,19.383702],[-99.207948,19.384068],[-99.207953,19.384083],[-99.208013,19.384082],[-99.21082,19.383435],[-99.211068,19.383439],[-99.210975,19.383389],[-99.210535,19.383062],[-99.210034,19.382822],[-99.20983,19.38273],[-99.209587,19.382616],[-99.209403,19.382501],[-99.209333,19.382458],[-99.209125,19.382331],[-99.208845,19.382062],[-99.208422,19.381527],[-99.207928,19.380916],[-99.207857,19.380919],[-99.207919,19.38128],[-99.207328,19.38137],[-99.207303,19.381373],[-99.207372,19.381694],[-99.207531,19.382385],[-99.207615,19.382708],[-99.207697,19.383045],[-99.207767,19.383363],[-99.207862,19.383702]]]}},{"type":"Feature","properties":{"cp":"01290"},"geometry":{"type":"MultiPolygon","coordinates":[[[[-99.227397,19.377638],[-99.228317,19.377405],[-99.228463,19.3773],[-99.228561,19.377406],[-99.228985,19.377123],[-99.229169,19.377064],[-99.2293,19.377019],[-99.229958,19.376636],[-99.230823,19.376164],[-99.232073,19.375932],[-99.23262,19.375711],[-99.232644,19.375657],[-99.232713,19.375548],[-99.232835,19.375287],[-99.232952,19.374956],[-99.233017,19.374602],[-99.233101,19.374378],[-99.233221,19.374194],[-99.233328,19.374027],[-99.233445,19.373873],[-99.233587,19.373749],[-99.233721,19.37363],[-99.233779,19.37348],[-99.233852,19.373372],[-99.233876,19.373218],[-99.233993,19.373145],[-99.23435,19.373024],[-99.234471,19.372981],[-99.234551,19.372905],[-99.234663,19.372739],[-99.234752,19.372667],[-99.234499,19.372453],[-99.2345,19.372277],[-99.23451,19.372172],[-99.234519,19.372066],[-99.234445,19.37152],[-99.234298,19.37147],[-99.234202,19.371451],[-99.234202,19.371294],[-99.234229,19.371203],[-99.234275,19.371118],[-99.234304,19.371081],[-99.234353,19.371033],[-99.234293,19.3709],[-99.234575,19.37106],[-99.234706,19.370324],[-99.23483,19.369789],[-99.234968,19.369246],[-99.235109,19.368689],[-99.235264,19.368102],[-99.235395,19.367588],[-99.235474,19.367314],[-99.234381,19.367068],[-99.234266,19.367042],[-99.234114,19.367013],[-99.233639,19.366917],[-99.233174,19.36682],[-99.232916,19.366775],[-99.232927,19.367089],[-99.232922,19.367312],[-99.232927,19.367556],[-99.232904,19.368089],[-99.232878,19.368651],[-99.23283,19.369168],[-99.23277,19.369806],[-99.232765,19.369906],[-99.23196,19.369971],[-99.231968,19.37111],[-99.231664,19.371258],[-99.231322,19.371425],[-99.231007,19.371579],[-99.2308,19.37168],[-99.230745,19.372103],[-99.230724,19.372197],[-99.230682,19.372391],[-99.230628,19.372477],[-99.230402,19.372637],[-99.230317,19.372722],[-99.230169,19.372923],[-99.229589,19.373314],[-99.229622,19.373383],[-99.229656,19.373625],[-99.229632,19.373869],[-99.229624,19.374397],[-99.229558,19.375133],[-99.229572,19.375403],[-99.229347,19.375798],[-99.227847,19.377066],[-99.227625,19.377225],[-99.227461,19.37739],[-99.227397,19.377638]]],[[[-99.218395,19.378777],[-99.218468,19.379435],[-99.218703,19.380727],[-99.218709,19.381169],[-99.219491,19.381053],[-99.220458,19.38091],[-99.221176,19.380825],[-99.222375,19.380655],[-99.22223,19.379937],[-99.224235,19.379327],[-99.224345,19.379227],[-99.224034,19.378879],[-99.223922,19.378762],[-99.223877,19.37869],[-99.22387,19.378473],[-99.223999,19.378091],[-99.223761,19.377393],[-99.223381,19.376244],[-99.222997,19.375055],[-99.222692,19.375295],[-99.222578,19.375406],[-99.222152,19.375757],[-99.221656,19.376196],[-99.221422,19.376332],[-99.221006,19.376408],[-99.220467,19.376471],[-99.220307,19.376529],[-99.219967,19.37666],[-99.219472,19.376871],[-99.219475,19.377737],[-99.219491,19.378908],[-99.219177,19.37896],[-99.219055,19.378971],[-99.218933,19.378952],[-99.218395,19.378777]]]]}},{"type":"Feature","properties":{"cp":"01298"},"geometry":{"type":"Polygon","coordinates":[[[-99.219472,19.376871],[-99.219967,19.37666],[-99.220307,19.376529],[-99.220467,19.376471],[-99.221006,19.376408],[-99.221422,19.376332],[-99.221656,19.376196],[-99.222152,19.375757],[-99.222578,19.375406],[-99.222692,19.375295],[-99.222997,19.375055],[-99.223438,19.374683],[-99.22354,19.3746],[-99.224267,19.373938],[-99.224538,19.373691],[-99.225163,19.372998],[-99.22537,19.372802],[-99.226147,19.37208],[-99.226468,19.371817],[-99.226567,19.371737],[-99.226701,19.371647],[-99.226858,19.371542],[-99.227087,19.371392],[-99.227289,19.371283],[-99.227523,19.371198],[-99.227712,19.371222],[-99.227783,19.371232],[-99.2279,19.371276],[-99.228,19.371338],[-99.228154,19.371434],[-99.228524,19.37167],[-99.229047,19.371938],[-99.229195,19.372008],[-99.229334,19.372033],[-99.229542,19.372033],[-99.229704,19.37201],[-99.229813,19.371993],[-99.230002,19.371969],[-99.230291,19.371891],[-99.230514,19.371847],[-99.2308,19.37168],[-99.231007,19.371579],[-99.231322,19.371425],[-99.231664,19.371258],[-99.231968,19.37111],[-99.23196,19.369971],[-99.232765,19.369906],[-99.23277,19.369806],[-99.23283,19.369168],[-99.232878,19.368651],[-99.232904,19.368089],[-99.232927,19.367556],[-99.232922,19.367312],[-99.232927,19.367089],[-99.232916,19.366775],[-99.232549,19.366699],[-99.232376,19.366678],[-99.232249,19.36668],[-99.231611,19.366812],[-99.231547,19.366827],[-99.230968,19.367767],[-99.230947,19.368003],[-99.229758,19.368267],[-99.228455,19.368509],[-99.228439,19.368388],[-99.227888,19.368427],[-99.227669,19.368468],[-99.227264,19.368659],[-99.227054,19.368669],[-99.226793,19.368689],[-99.226,19.36909],[-99.225492,19.369485],[-99.225162,19.369691],[-99.224924,19.369851],[-99.224794,19.369948],[-99.224588,19.370133],[-99.225032,19.370501],[-99.225197,19.370645],[-99.223683,19.371988],[-99.223468,19.372239],[-99.22316,19.372514],[-99.2227,19.372892],[-99.221089,19.373579],[-99.220666,19.373978],[-99.219893,19.374642],[-99.21977,19.374708],[-99.219633,19.374749],[-99.219364,19.374742],[-99.219107,19.374789],[-99.218887,19.374895],[-99.218581,19.375102],[-99.218351,19.375278],[-99.218518,19.375593],[-99.218481,19.375929],[-99.218572,19.376155],[-99.218705,19.376382],[-99.218812,19.376523],[-99.21892,19.376672],[-99.219013,19.376821],[-99.2184,19.377042],[-99.219105,19.377022],[-99.219277,19.376954],[-99.219472,19.376871]]]}},{"type":"Feature","properties":{"cp":"01299"},"geometry":{"type":"Polygon","coordinates":[[[-99.225789,19.378845],[-99.225898,19.378379],[-99.226235,19.377895],[-99.226331,19.377879],[-99.227397,19.377638],[-99.227461,19.37739],[-99.227625,19.377225],[-99.227847,19.377066],[-99.229347,19.375798],[-99.229572,19.375403],[-99.229558,19.375133],[-99.229624,19.374397],[-99.229632,19.373869],[-99.229656,19.373625],[-99.229622,19.373383],[-99.229589,19.373314],[-99.230169,19.372923],[-99.230317,19.372722],[-99.230402,19.372637],[-99.230628,19.372477],[-99.230682,19.372391],[-99.230724,19.372197],[-99.230745,19.372103],[-99.2308,19.37168],[-99.230514,19.371847],[-99.230291,19.371891],[-99.230002,19.371969],[-99.229813,19.371993],[-99.229704,19.37201],[-99.229542,19.372033],[-99.229334,19.372033],[-99.229195,19.372008],[-99.229047,19.371938],[-99.228524,19.37167],[-99.228154,19.371434],[-99.228,19.371338],[-99.2279,19.371276],[-99.227783,19.371232],[-99.227712,19.371222],[-99.227523,19.371198],[-99.227289,19.371283],[-99.227087,19.371392],[-99.226858,19.371542],[-99.226701,19.371647],[-99.226567,19.371737],[-99.226468,19.371817],[-99.226147,19.37208],[-99.22537,19.372802],[-99.225163,19.372998],[-99.224538,19.373691],[-99.224267,19.373938],[-99.22354,19.3746],[-99.223438,19.374683],[-99.222997,19.375055],[-99.223381,19.376244],[-99.223761,19.377393],[-99.223999,19.378091],[-99.22387,19.378473],[-99.223877,19.37869],[-99.223922,19.378762],[-99.224034,19.378879],[-99.224345,19.379227],[-99.224235,19.379327],[-99.22223,19.379937],[-99.222375,19.380655],[-99.222577,19.380626],[-99.223266,19.380528],[-99.223374,19.380512],[-99.223622,19.380474],[-99.22383,19.380865],[-99.223924,19.381059],[-99.223929,19.381052],[-99.224544,19.380281],[-99.22458,19.380273],[-99.224709,19.380088],[-99.225151,19.379745],[-99.225335,19.379576],[-99.225472,19.379494],[-99.225534,19.37938],[-99.225789,19.378845]]]}},{"type":"Feature","properties":{"cp":"01400"},"geometry":{"type":"Polygon","coordinates":[[[-99.202296,19.375659],[-99.201382,19.377773],[-99.201599,19.377777],[-99.202027,19.377954],[-99.202383,19.377903],[-99.202448,19.377767],[-99.202598,19.377444],[-99.202637,19.377365],[-99.202672,19.377252],[-99.202743,19.377127],[-99.202833,19.376942],[-99.203339,19.377124],[-99.203786,19.377255],[-99.204078,19.377322],[-99.204257,19.377377],[-99.204777,19.377548],[-99.204883,19.377575],[-99.205223,19.377636],[-99.205224,19.377636],[-99.205805,19.377607],[-99.205806,19.377607],[-99.205809,19.377606],[-99.206409,19.377476],[-99.206613,19.377421],[-99.206614,19.377421],[-99.206949,19.377343],[-99.207528,19.377247],[-99.207789,19.37713],[-99.207791,19.37713],[-99.208608,19.376727],[-99.208744,19.376667],[-99.20896,19.376581],[-99.208961,19.376581],[-99.209187,19.376491],[-99.209188,19.376491],[-99.209423,19.376413],[-99.209469,19.376394],[-99.209739,19.376305],[-99.209739,19.376305],[-99.210034,19.376184],[-99.210036,19.376183],[-99.210709,19.375847],[-99.210916,19.375767],[-99.210917,19.375766],[-99.211091,19.375701],[-99.21124,19.37566],[-99.211241,19.37566],[-99.21148,19.375567],[-99.211756,19.375476],[-99.211833,19.37545],[-99.212329,19.375308],[-99.212395,19.375288],[-99.212947,19.375066],[-99.21287,19.374901],[-99.212738,19.374468],[-99.212628,19.37405],[-99.212467,19.37345],[-99.212366,19.373099],[-99.213162,19.372902],[-99.212972,19.372643],[-99.212778,19.372323],[-99.212627,19.372037],[-99.212441,19.371691],[-99.211857,19.371975],[-99.211678,19.372058],[-99.211677,19.372058],[-99.210086,19.372774],[-99.209574,19.372789],[-99.209573,19.372789],[-99.20902,19.372808],[-99.209019,19.372808],[-99.208459,19.372805],[-99.208158,19.372813],[-99.208157,19.372813],[-99.207958,19.372819],[-99.207678,19.372822],[-99.207391,19.372824],[-99.20739,19.372824],[-99.206846,19.372842],[-99.206845,19.372842],[-99.206767,19.372846],[-99.206767,19.372845],[-99.206886,19.371737],[-99.206927,19.371364],[-99.207114,19.369983],[-99.207114,19.369982],[-99.207142,19.369719],[-99.207022,19.369668],[-99.206831,19.369566],[-99.206763,19.369459],[-99.206762,19.369279],[-99.206748,19.369234],[-99.206747,19.369233],[-99.206737,19.369205],[-99.206736,19.369205],[-99.206599,19.369196],[-99.206531,19.369246],[-99.206414,19.36933],[-99.206398,19.369341],[-99.206336,19.369382],[-99.206268,19.369428],[-99.206116,19.369497],[-99.205995,19.369488],[-99.205922,19.3694],[-99.205739,19.369256],[-99.205603,19.369152],[-99.205288,19.368961],[-99.205008,19.369059],[-99.204379,19.369256],[-99.204205,19.369335],[-99.204205,19.369335],[-99.204204,19.369336],[-99.204203,19.36934],[-99.204103,19.369845],[-99.203963,19.370505],[-99.203963,19.370506],[-99.203831,19.371057],[-99.203831,19.371058],[-99.203344,19.372913],[-99.20263,19.374699],[-99.20263,19.3747],[-99.202298,19.375657],[-99.202297,19.375658],[-99.202296,19.375659]]]}},{"type":"Feature","properties":{"cp":"01408"},"geometry":{"type":"Polygon","coordinates":[[[-99.218351,19.375278],[-99.218581,19.375102],[-99.218887,19.374895],[-99.219107,19.374789],[-99.219364,19.374742],[-99.219633,19.374749],[-99.21977,19.374708],[-99.219893,19.374642],[-99.220666,19.373978],[-99.221089,19.373579],[-99.2227,19.372892],[-99.22316,19.372514],[-99.223468,19.372239],[-99.223683,19.371988],[-99.223624,19.371814],[-99.223565,19.371647],[-99.223399,19.371084],[-99.223177,19.370302],[-99.222992,19.369649],[-99.222727,19.368721],[-99.222557,19.368676],[-99.222147,19.368826],[-99.221629,19.36896],[-99.22157,19.368976],[-99.221019,19.369124],[-99.220912,19.369151],[-99.220458,19.369266],[-99.22034,19.369294],[-99.219879,19.369416],[-99.219702,19.369464],[-99.219278,19.369572],[-99.219077,19.369621],[-99.218708,19.369714],[-99.218608,19.369741],[-99.218175,19.369855],[-99.217605,19.370002],[-99.217031,19.370164],[-99.216476,19.370314],[-99.215905,19.370457],[-99.215313,19.370604],[-99.214759,19.370743],[-99.2142,19.370868],[-99.213651,19.371053],[-99.213122,19.371313],[-99.212586,19.371621],[-99.212441,19.371691],[-99.212627,19.372037],[-99.212778,19.372323],[-99.212972,19.372643],[-99.213162,19.372902],[-99.212366,19.373099],[-99.212467,19.37345],[-99.212628,19.37405],[-99.212738,19.374468],[-99.21287,19.374901],[-99.212947,19.375066],[-99.213318,19.374883],[-99.2135,19.374643],[-99.213946,19.374398],[-99.214151,19.375123],[-99.214675,19.374767],[-99.214747,19.375056],[-99.214906,19.375585],[-99.215132,19.376437],[-99.215398,19.376253],[-99.215765,19.376105],[-99.216224,19.375922],[-99.216892,19.375675],[-99.217138,19.375585],[-99.217487,19.375455],[-99.217772,19.375424],[-99.218061,19.375405],[-99.218183,19.375383],[-99.218351,19.375278]]]}},{"type":"Feature","properties":{"cp":"01410"},"geometry":{"type":"Polygon","coordinates":[[[-99.215132,19.376437],[-99.214906,19.375585],[-99.214747,19.375056],[-99.214675,19.374767],[-99.214151,19.375123],[-99.213946,19.374398],[-99.2135,19.374643],[-99.213318,19.374883],[-99.212947,19.375066],[-99.212395,19.375288],[-99.212329,19.375308],[-99.211833,19.37545],[-99.211756,19.375476],[-99.21148,19.375567],[-99.211241,19.37566],[-99.21124,19.37566],[-99.211091,19.375701],[-99.210917,19.375766],[-99.210916,19.375767],[-99.210709,19.375847],[-99.210036,19.376183],[-99.210034,19.376184],[-99.209739,19.376305],[-99.209739,19.376305],[-99.209469,19.376394],[-99.209423,19.376413],[-99.209188,19.376491],[-99.209187,19.376491],[-99.208961,19.376581],[-99.20896,19.376581],[-99.208744,19.376667],[-99.208608,19.376727],[-99.207791,19.37713],[-99.207789,19.37713],[-99.207528,19.377247],[-99.206949,19.377343],[-99.206614,19.377421],[-99.206613,19.377421],[-99.206409,19.377476],[-99.205809,19.377606],[-99.205806,19.377607],[-99.205805,19.377607],[-99.205224,19.377636],[-99.205223,19.377636],[-99.204883,19.377575],[-99.204777,19.377548],[-99.204257,19.377377],[-99.204078,19.377322],[-99.203786,19.377255],[-99.203339,19.377124],[-99.202833,19.376942],[-99.202743,19.377127],[-99.202672,19.377252],[-99.202637,19.377365],[-99.202598,19.377444],[-99.202448,19.377767],[-99.202383,19.377903],[-99.2025,19.377887],[-99.202872,19.377845],[-99.203303,19.377794],[-99.203616,19.377749],[-99.203727,19.377733],[-99.203824,19.377722],[-99.203682,19.378905],[-99.203647,19.379195],[-99.203594,19.379631],[-99.20351,19.380507],[-99.20344,19.380625],[-99.203374,19.380858],[-99.203813,19.380958],[-99.203984,19.380973],[-99.20433,19.380903],[-99.205079,19.381023],[-99.20548,19.380938],[-99.206061,19.38099],[-99.206452,19.380992],[-99.206818,19.380925],[-99.207361,19.380562],[-99.207604,19.380542],[-99.207826,19.380557],[-99.207793,19.380434],[-99.207803,19.380319],[-99.207853,19.380081],[-99.208033,19.380024],[-99.208236,19.379998],[-99.208274,19.379993],[-99.209044,19.38024],[-99.209341,19.380148],[-99.209393,19.380122],[-99.209654,19.379995],[-99.209966,19.379827],[-99.210237,19.379676],[-99.210378,19.379587],[-99.210553,19.379428],[-99.210779,19.379212],[-99.210924,19.379068],[-99.211102,19.378898],[-99.211318,19.378705],[-99.211545,19.378539],[-99.211819,19.378439],[-99.21202,19.378392],[-99.212369,19.378235],[-99.212563,19.378089],[-99.212775,19.377948],[-99.213047,19.377783],[-99.213144,19.377724],[-99.213589,19.37742],[-99.213964,19.377164],[-99.214088,19.377046],[-99.214338,19.376937],[-99.214612,19.376774],[-99.215132,19.376437]]]}},{"type":"Feature","properties":{"cp":"01419"},"geometry":{"type":"Polygon","coordinates":[[[-99.203374,19.380858],[-99.20344,19.380625],[-99.20351,19.380507],[-99.203594,19.379631],[-99.203647,19.379195],[-99.203682,19.378905],[-99.203824,19.377722],[-99.203727,19.377733],[-99.203616,19.377749],[-99.203303,19.377794],[-99.202872,19.377845],[-99.2025,19.377887],[-99.202383,19.377903],[-99.202027,19.377954],[-99.201599,19.377777],[-99.201382,19.377773],[-99.202296,19.375659],[-99.201744,19.376019],[-99.201376,19.376252],[-99.201216,19.376355],[-99.200887,19.37656],[-99.200677,19.376701],[-99.200025,19.377138],[-99.198767,19.378146],[-99.199539,19.380025],[-99.199962,19.381127],[-99.1999,19.381335],[-99.199837,19.38154],[-99.199553,19.382496],[-99.199774,19.38252],[-99.200344,19.382331],[-99.202113,19.38171],[-99.202681,19.381366],[-99.203192,19.38107],[-99.203363,19.380988],[-99.203374,19.380858]]]}},{"type":"Feature","properties":{"cp":"01420"},"geometry":{"type":"Polygon","coordinates":[[[-99.198767,19.378146],[-99.198471,19.37832],[-99.198301,19.378381],[-99.198153,19.378418],[-99.197961,19.378451],[-99.197695,19.378509],[-99.197001,19.378745],[-99.196769,19.37886],[-99.196098,19.379395],[-99.195428,19.379165],[-99.194754,19.378939],[-99.194374,19.378813],[-99.194075,19.378712],[-99.193452,19.37856],[-99.192958,19.378431],[-99.192163,19.378203],[-99.191641,19.378064],[-99.191695,19.378794],[-99.191705,19.378929],[-99.191757,19.379633],[-99.191755,19.380358],[-99.191754,19.380831],[-99.191748,19.381339],[-99.191746,19.381634],[-99.191734,19.382681],[-99.191698,19.382915],[-99.191685,19.382975],[-99.191673,19.38303],[-99.191391,19.383718],[-99.191321,19.383882],[-99.190998,19.384639],[-99.190835,19.385021],[-99.19171,19.384896],[-99.191869,19.384901],[-99.192025,19.384895],[-99.192365,19.38485],[-99.193054,19.384736],[-99.193161,19.384704],[-99.193856,19.384465],[-99.194468,19.384244],[-99.194757,19.384107],[-99.195501,19.383781],[-99.197012,19.383302],[-99.199553,19.382496],[-99.199837,19.38154],[-99.1999,19.381335],[-99.199962,19.381127],[-99.199539,19.380025],[-99.198767,19.378146]]]}},{"type":"Feature","properties":{"cp":"01430"},"geometry":{"type":"Polygon","coordinates":[[[-99.234114,19.367013],[-99.234079,19.36657],[-99.233994,19.366098],[-99.233909,19.366039],[-99.233742,19.365937],[-99.233551,19.365822],[-99.233501,19.365749],[-99.233458,19.365671],[-99.233433,19.365568],[-99.233441,19.365479],[-99.233504,19.365333],[-99.233683,19.365128],[-99.233734,19.365078],[-99.233776,19.365003],[-99.233887,19.364876],[-99.233915,19.364671],[-99.233912,19.364548],[-99.233883,19.364475],[-99.233823,19.364419],[-99.233624,19.364354],[-99.233642,19.363917],[-99.233668,19.363262],[-99.233168,19.363213],[-99.233036,19.363077],[-99.232807,19.362895],[-99.232488,19.362813],[-99.232203,19.362724],[-99.231965,19.362779],[-99.231767,19.362852],[-99.231661,19.362934],[-99.231548,19.362979],[-99.231381,19.36298],[-99.231016,19.36298],[-99.230727,19.36298],[-99.230587,19.3629],[-99.230414,19.3629],[-99.230393,19.362746],[-99.230278,19.362763],[-99.230192,19.362829],[-99.230065,19.362894],[-99.229986,19.362997],[-99.229968,19.363027],[-99.229775,19.363009],[-99.229461,19.36294],[-99.2293,19.362928],[-99.229107,19.362939],[-99.228831,19.363045],[-99.228778,19.363146],[-99.228775,19.363434],[-99.228723,19.363544],[-99.228562,19.363691],[-99.228396,19.363739],[-99.227965,19.363799],[-99.227743,19.363906],[-99.2276,19.36404],[-99.227491,19.3642],[-99.227326,19.36428],[-99.226949,19.364388],[-99.22647,19.364458],[-99.226213,19.364457],[-99.225957,19.364373],[-99.225674,19.364318],[-99.225431,19.364324],[-99.225251,19.3644],[-99.224923,19.364437],[-99.224705,19.364463],[-99.224593,19.364439],[-99.224536,19.364465],[-99.224331,19.364543],[-99.224171,19.364622],[-99.224089,19.364674],[-99.223918,19.36481],[-99.223753,19.364915],[-99.223719,19.364971],[-99.223668,19.365055],[-99.223642,19.365384],[-99.22353,19.365576],[-99.223309,19.365699],[-99.22298,19.365753],[-99.222831,19.365732],[-99.222741,19.365711],[-99.222639,19.365687],[-99.222548,19.365654],[-99.222456,19.365575],[-99.222399,19.365512],[-99.222302,19.36539],[-99.222225,19.365318],[-99.222137,19.365318],[-99.222013,19.365336],[-99.221893,19.36542],[-99.221811,19.365502],[-99.221735,19.365638],[-99.221712,19.365747],[-99.221712,19.365907],[-99.221759,19.366075],[-99.221752,19.366096],[-99.221703,19.366101],[-99.221528,19.366163],[-99.221241,19.366278],[-99.220977,19.366361],[-99.220731,19.36651],[-99.220644,19.366585],[-99.220594,19.366609],[-99.220454,19.366633],[-99.220378,19.366614],[-99.22029,19.366582],[-99.220205,19.366471],[-99.220109,19.366295],[-99.219969,19.366088],[-99.219848,19.365974],[-99.219693,19.365905],[-99.21949,19.365876],[-99.219389,19.365891],[-99.219301,19.365938],[-99.219244,19.366036],[-99.219226,19.366172],[-99.219221,19.366505],[-99.219207,19.366652],[-99.219144,19.366796],[-99.21903,19.366832],[-99.218775,19.366837],[-99.218583,19.366856],[-99.218484,19.366849],[-99.218315,19.366796],[-99.218184,19.366734],[-99.218072,19.366639],[-99.217956,19.366512],[-99.217833,19.366464],[-99.217714,19.366468],[-99.217613,19.366494],[-99.217559,19.366557],[-99.217543,19.366658],[-99.217604,19.366922],[-99.217587,19.367001],[-99.217558,19.367095],[-99.217537,19.367123],[-99.217447,19.367134],[-99.217382,19.367124],[-99.217316,19.367106],[-99.217277,19.367074],[-99.21718,19.366876],[-99.216841,19.366563],[-99.21661,19.366574],[-99.216537,19.366588],[-99.216443,19.366607],[-99.216425,19.36661],[-99.216361,19.366675],[-99.216339,19.366942],[-99.216338,19.366948],[-99.216505,19.36693],[-99.216665,19.366914],[-99.216803,19.367169],[-99.217048,19.36808],[-99.217212,19.368631],[-99.217386,19.369234],[-99.21841,19.368929],[-99.218608,19.369741],[-99.218708,19.369714],[-99.219077,19.369621],[-99.219278,19.369572],[-99.219702,19.369464],[-99.219879,19.369416],[-99.22034,19.369294],[-99.220458,19.369266],[-99.220912,19.369151],[-99.221019,19.369124],[-99.22157,19.368976],[-99.221629,19.36896],[-99.222147,19.368826],[-99.222557,19.368676],[-99.222727,19.368721],[-99.222992,19.369649],[-99.223177,19.370302],[-99.223399,19.371084],[-99.223603,19.370938],[-99.223797,19.3708],[-99.224076,19.370602],[-99.224274,19.370428],[-99.224419,19.370304],[-99.224588,19.370133],[-99.224794,19.369948],[-99.224924,19.369851],[-99.225162,19.369691],[-99.225492,19.369485],[-99.226,19.36909],[-99.226793,19.368689],[-99.227054,19.368669],[-99.227264,19.368659],[-99.227669,19.368468],[-99.227888,19.368427],[-99.228439,19.368388],[-99.228455,19.368509],[-99.229758,19.368267],[-99.230947,19.368003],[-99.230968,19.367767],[-99.231547,19.366827],[-99.231611,19.366812],[-99.232249,19.36668],[-99.232376,19.366678],[-99.232549,19.366699],[-99.232916,19.366775],[-99.233174,19.36682],[-99.233639,19.366917],[-99.234114,19.367013]]]}},{"type":"Feature","properties":{"cp":"01450"},"geometry":{"type":"Polygon","coordinates":[[[-99.212441,19.371691],[-99.212586,19.371621],[-99.213122,19.371313],[-99.213651,19.371053],[-99.2142,19.370868],[-99.214759,19.370743],[-99.215313,19.370604],[-99.215905,19.370457],[-99.216476,19.370314],[-99.217031,19.370164],[-99.217605,19.370002],[-99.218175,19.369855],[-99.218608,19.369741],[-99.21841,19.368929],[-99.217386,19.369234],[-99.217212,19.368631],[-99.217048,19.36808],[-99.216803,19.367169],[-99.216665,19.366914],[-99.216505,19.36693],[-99.216338,19.366948],[-99.216316,19.367209],[-99.216305,19.367344],[-99.216335,19.367398],[-99.21643,19.367481],[-99.216457,19.367528],[-99.216457,19.367589],[-99.216433,19.367621],[-99.21638,19.367652],[-99.216176,19.367733],[-99.216028,19.367791],[-99.215946,19.367805],[-99.215898,19.367806],[-99.215847,19.367805],[-99.215824,19.367804],[-99.215742,19.367792],[-99.215643,19.36776],[-99.215594,19.367732],[-99.215566,19.367704],[-99.215556,19.367694],[-99.215487,19.367626],[-99.215436,19.367587],[-99.215367,19.367567],[-99.215217,19.367575],[-99.215068,19.367607],[-99.215021,19.367642],[-99.214996,19.367679],[-99.214881,19.368045],[-99.214788,19.368338],[-99.214754,19.368394],[-99.214718,19.368422],[-99.214676,19.368431],[-99.21463,19.368428],[-99.214494,19.368347],[-99.214244,19.368183],[-99.214154,19.368125],[-99.213941,19.367985],[-99.213893,19.367954],[-99.213825,19.367951],[-99.213776,19.367993],[-99.213771,19.368052],[-99.21389,19.36826],[-99.2139,19.368278],[-99.214057,19.368551],[-99.214078,19.368632],[-99.214053,19.368704],[-99.213999,19.368743],[-99.213904,19.368753],[-99.2138,19.368728],[-99.213442,19.368554],[-99.21342,19.368543],[-99.213329,19.3685],[-99.21316,19.368455],[-99.213047,19.368452],[-99.212935,19.368474],[-99.21284,19.368523],[-99.212805,19.368585],[-99.212804,19.368792],[-99.212776,19.36886],[-99.212724,19.368899],[-99.212645,19.368925],[-99.212486,19.368932],[-99.212353,19.368938],[-99.21222,19.368957],[-99.212175,19.36899],[-99.212156,19.369076],[-99.212172,19.369234],[-99.212153,19.369277],[-99.21211,19.369292],[-99.212057,19.369277],[-99.212015,19.369255],[-99.211868,19.369173],[-99.211722,19.36909],[-99.211655,19.369031],[-99.211572,19.368887],[-99.211482,19.3688],[-99.211455,19.368791],[-99.211393,19.36877],[-99.211308,19.36878],[-99.211271,19.368812],[-99.211241,19.368837],[-99.211136,19.368988],[-99.210425,19.369209],[-99.210304,19.369212],[-99.210221,19.369153],[-99.210133,19.369078],[-99.210014,19.368976],[-99.209874,19.368932],[-99.20976,19.368949],[-99.209706,19.368995],[-99.209475,19.369092],[-99.209242,19.36909],[-99.208914,19.369176],[-99.208722,19.369245],[-99.208463,19.369263],[-99.207477,19.369539],[-99.207142,19.369719],[-99.207114,19.369982],[-99.207114,19.369983],[-99.206927,19.371364],[-99.206886,19.371737],[-99.206767,19.372845],[-99.206767,19.372846],[-99.206845,19.372842],[-99.206846,19.372842],[-99.20739,19.372824],[-99.207391,19.372824],[-99.207678,19.372822],[-99.207958,19.372819],[-99.208157,19.372813],[-99.208158,19.372813],[-99.208459,19.372805],[-99.209019,19.372808],[-99.20902,19.372808],[-99.209573,19.372789],[-99.209574,19.372789],[-99.210086,19.372774],[-99.211677,19.372058],[-99.211678,19.372058],[-99.211857,19.371975],[-99.212441,19.371691]]]}},{"type":"Feature","properties":{"cp":"01460"},"geometry":{"type":"Polygon","coordinates":[[[-99.191641,19.378064],[-99.191641,19.378064],[-99.192163,19.378203],[-99.192958,19.378431],[-99.193452,19.37856],[-99.194075,19.378712],[-99.194374,19.378813],[-99.194754,19.378939],[-99.195428,19.379165],[-99.196098,19.379395],[-99.196769,19.37886],[-99.197001,19.378745],[-99.197695,19.378509],[-99.197961,19.378451],[-99.198153,19.378418],[-99.198301,19.378381],[-99.198471,19.37832],[-99.198767,19.378146],[-99.199002,19.37704],[-99.199212,19.376044],[-99.199301,19.374994],[-99.199361,19.374199],[-99.198866,19.374108],[-99.198716,19.374081],[-99.198354,19.374036],[-99.198011,19.37398],[-99.197874,19.373957],[-99.197334,19.373876],[-99.196881,19.373803],[-99.196746,19.373785],[-99.196382,19.373741],[-99.195864,19.373669],[-99.195381,19.373594],[-99.194883,19.373515],[-99.194467,19.373446],[-99.194177,19.373429],[-99.194226,19.372903],[-99.194238,19.372555],[-99.193935,19.37254],[-99.19351,19.372512],[-99.193514,19.37248],[-99.192589,19.372422],[-99.19242,19.372429],[-99.191892,19.372565],[-99.191919,19.372628],[-99.192006,19.372813],[-99.192102,19.373098],[-99.192116,19.373196],[-99.192137,19.373324],[-99.192141,19.373403],[-99.192134,19.373598],[-99.192053,19.374248],[-99.191908,19.375284],[-99.191792,19.376123],[-99.191774,19.376265],[-99.191637,19.377415],[-99.191626,19.377669],[-99.19163,19.377883],[-99.191641,19.378064]]]}},{"type":"Feature","properties":{"cp":"01470"},"geometry":{"type":"Polygon","coordinates":[[[-99.204103,19.369845],[-99.203679,19.369742],[-99.203154,19.369597],[-99.202796,19.369637],[-99.202646,19.369656],[-99.202513,19.369633],[-99.202153,19.369211],[-99.202129,19.369198],[-99.201991,19.369138],[-99.201771,19.369113],[-99.201623,19.369078],[-99.20133,19.369064],[-99.201181,19.369056],[-99.200972,19.36908],[-99.200878,19.369119],[-99.200808,19.369156],[-99.200435,19.369476],[-99.200229,19.369547],[-99.20009,19.369576],[-99.19995,19.36959],[-99.199524,19.369642],[-99.199201,19.3698],[-99.198875,19.369932],[-99.198399,19.37004],[-99.198244,19.370149],[-99.198089,19.370421],[-99.197929,19.370641],[-99.19773,19.370846],[-99.197577,19.370964],[-99.197339,19.37104],[-99.197077,19.371046],[-99.196769,19.37103],[-99.196676,19.37104],[-99.196494,19.371087],[-99.196267,19.371195],[-99.196155,19.371292],[-99.196076,19.371365],[-99.195944,19.371517],[-99.195677,19.371799],[-99.195256,19.37189],[-99.194596,19.371994],[-99.19429,19.372019],[-99.194001,19.372079],[-99.193737,19.372141],[-99.193543,19.372155],[-99.192976,19.372126],[-99.192594,19.372332],[-99.19242,19.372429],[-99.192589,19.372422],[-99.193514,19.37248],[-99.19351,19.372512],[-99.193935,19.37254],[-99.194238,19.372555],[-99.194226,19.372903],[-99.194177,19.373429],[-99.194467,19.373446],[-99.194883,19.373515],[-99.195381,19.373594],[-99.195864,19.373669],[-99.196382,19.373741],[-99.196746,19.373785],[-99.196881,19.373803],[-99.197334,19.373876],[-99.197874,19.373957],[-99.198011,19.37398],[-99.198354,19.374036],[-99.198716,19.374081],[-99.198866,19.374108],[-99.199361,19.374199],[-99.199301,19.374994],[-99.199212,19.376044],[-99.199002,19.37704],[-99.198767,19.378146],[-99.200025,19.377138],[-99.200677,19.376701],[-99.200887,19.37656],[-99.201216,19.376355],[-99.201376,19.376252],[-99.201744,19.376019],[-99.202296,19.375659],[-99.202297,19.375658],[-99.202298,19.375657],[-99.20263,19.3747],[-99.20263,19.374699],[-99.203344,19.372913],[-99.203831,19.371058],[-99.203831,19.371057],[-99.203963,19.370506],[-99.203963,19.370505],[-99.204103,19.369845]]]}},{"type":"Feature","properties":{"cp":"01480"},"geometry":{"type":"Polygon","coordinates":[[[-99.207142,19.369719],[-99.207477,19.369539],[-99.208463,19.369263],[-99.208722,19.369245],[-99.208914,19.369176],[-99.209242,19.36909],[-99.209475,19.369092],[-99.209706,19.368995],[-99.20976,19.368949],[-99.209874,19.368932],[-99.210014,19.368976],[-99.210133,19.369078],[-99.210221,19.369153],[-99.210304,19.369212],[-99.210425,19.369209],[-99.211136,19.368988],[-99.211241,19.368837],[-99.211271,19.368812],[-99.211308,19.36878],[-99.211393,19.36877],[-99.211455,19.368791],[-99.211482,19.3688],[-99.211572,19.368887],[-99.211655,19.369031],[-99.211722,19.36909],[-99.211868,19.369173],[-99.212015,19.369255],[-99.212057,19.369277],[-99.21211,19.369292],[-99.212153,19.369277],[-99.212172,19.369234],[-99.212156,19.369076],[-99.212175,19.36899],[-99.21222,19.368957],[-99.212353,19.368938],[-99.212486,19.368932],[-99.212645,19.368925],[-99.212724,19.368899],[-99.212776,19.36886],[-99.212804,19.368792],[-99.212805,19.368585],[-99.21284,19.368523],[-99.212935,19.368474],[-99.213047,19.368452],[-99.21316,19.368455],[-99.213329,19.3685],[-99.21342,19.368543],[-99.213442,19.368554],[-99.2138,19.368728],[-99.213904,19.368753],[-99.213999,19.368743],[-99.214053,19.368704],[-99.214078,19.368632],[-99.214057,19.368551],[-99.2139,19.368278],[-99.21389,19.36826],[-99.213771,19.368052],[-99.213776,19.367993],[-99.213825,19.367951],[-99.213893,19.367954],[-99.213941,19.367985],[-99.214154,19.368125],[-99.214244,19.368183],[-99.214494,19.368347],[-99.21463,19.368428],[-99.214676,19.368431],[-99.214718,19.368422],[-99.214754,19.368394],[-99.214788,19.368338],[-99.214881,19.368045],[-99.214996,19.367679],[-99.215021,19.367642],[-99.215068,19.367607],[-99.215217,19.367575],[-99.215367,19.367567],[-99.215436,19.367587],[-99.215487,19.367626],[-99.215556,19.367694],[-99.215566,19.367704],[-99.215594,19.367732],[-99.215643,19.36776],[-99.215742,19.367792],[-99.215824,19.367804],[-99.215847,19.367805],[-99.215898,19.367806],[-99.215946,19.367805],[-99.216028,19.367791],[-99.216176,19.367733],[-99.21638,19.367652],[-99.216433,19.367621],[-99.216457,19.367589],[-99.216457,19.367528],[-99.21643,19.367481],[-99.216335,19.367398],[-99.216305,19.367344],[-99.216316,19.367209],[-99.216338,19.366948],[-99.216339,19.366942],[-99.216361,19.366675],[-99.216425,19.36661],[-99.216244,19.366041],[-99.216082,19.366051],[-99.215968,19.36604],[-99.215753,19.365999],[-99.215632,19.365941],[-99.215213,19.366137],[-99.214869,19.366273],[-99.214787,19.366306],[-99.214284,19.366501],[-99.214064,19.366562],[-99.213842,19.366598],[-99.213841,19.366598],[-99.213522,19.366637],[-99.2126,19.366609],[-99.209661,19.366549],[-99.208557,19.366521],[-99.207502,19.366497],[-99.206428,19.366464],[-99.205222,19.366427],[-99.205097,19.366515],[-99.204995,19.366585],[-99.204908,19.366635],[-99.204841,19.36667],[-99.204783,19.366698],[-99.204694,19.366734],[-99.204637,19.366747],[-99.20457,19.366747],[-99.204455,19.366752],[-99.204285,19.366741],[-99.204212,19.366735],[-99.203767,19.366735],[-99.202447,19.366714],[-99.200897,19.366687],[-99.200719,19.366668],[-99.200374,19.366633],[-99.200051,19.366718],[-99.200056,19.36658],[-99.196283,19.36622],[-99.195482,19.366148],[-99.195453,19.3664],[-99.194987,19.36636],[-99.19447,19.366316],[-99.193753,19.366253],[-99.193352,19.366252],[-99.193187,19.366371],[-99.193106,19.366552],[-99.192843,19.367297],[-99.192699,19.367681],[-99.192443,19.368371],[-99.192311,19.368797],[-99.192269,19.369022],[-99.192101,19.369913],[-99.191816,19.36997],[-99.191774,19.370386],[-99.191741,19.370683],[-99.191647,19.371511],[-99.191641,19.371655],[-99.191655,19.37187],[-99.191679,19.371996],[-99.191726,19.37216],[-99.191892,19.372565],[-99.19242,19.372429],[-99.192594,19.372332],[-99.192976,19.372126],[-99.193543,19.372155],[-99.193737,19.372141],[-99.194001,19.372079],[-99.19429,19.372019],[-99.194596,19.371994],[-99.195256,19.37189],[-99.195677,19.371799],[-99.195944,19.371517],[-99.195723,19.371331],[-99.195606,19.371229],[-99.195535,19.371151],[-99.195445,19.37105],[-99.195372,19.370893],[-99.195588,19.370853],[-99.195879,19.370754],[-99.196555,19.370578],[-99.196553,19.370419],[-99.196809,19.370407],[-99.196972,19.370382],[-99.197237,19.370282],[-99.198502,19.369394],[-99.198735,19.36929],[-99.199403,19.369107],[-99.199722,19.368979],[-99.199976,19.368858],[-99.20022,19.368741],[-99.200594,19.368548],[-99.201014,19.368337],[-99.201156,19.368265],[-99.201327,19.368181],[-99.201565,19.368066],[-99.201685,19.36806],[-99.201733,19.368089],[-99.201734,19.36809],[-99.202006,19.368219],[-99.202166,19.368389],[-99.202536,19.368566],[-99.202841,19.368712],[-99.203158,19.368813],[-99.203385,19.368888],[-99.203476,19.368893],[-99.203542,19.368882],[-99.203615,19.368855],[-99.203729,19.368801],[-99.204171,19.368444],[-99.204306,19.368338],[-99.20432,19.368324],[-99.204324,19.36832],[-99.204476,19.368198],[-99.204205,19.369335],[-99.204205,19.369335],[-99.204205,19.369335],[-99.204379,19.369256],[-99.205008,19.369059],[-99.205288,19.368961],[-99.205603,19.369152],[-99.205739,19.369256],[-99.205922,19.3694],[-99.205995,19.369488],[-99.206116,19.369497],[-99.206268,19.369428],[-99.206336,19.369382],[-99.206398,19.369341],[-99.206414,19.36933],[-99.206531,19.369246],[-99.206599,19.369196],[-99.206736,19.369205],[-99.206737,19.369205],[-99.206747,19.369233],[-99.206748,19.369234],[-99.206762,19.369279],[-99.206763,19.369459],[-99.206831,19.369566],[-99.207022,19.369668],[-99.207142,19.369719]]]}},{"type":"Feature","properties":{"cp":"01490"},"geometry":{"type":"Polygon","coordinates":[[[-99.204205,19.369335],[-99.204205,19.369335],[-99.204476,19.368198],[-99.204324,19.36832],[-99.20432,19.368324],[-99.204306,19.368338],[-99.204171,19.368444],[-99.203729,19.368801],[-99.203615,19.368855],[-99.203542,19.368882],[-99.203476,19.368893],[-99.203385,19.368888],[-99.203158,19.368813],[-99.202841,19.368712],[-99.202536,19.368566],[-99.202166,19.368389],[-99.202006,19.368219],[-99.201734,19.36809],[-99.201733,19.368089],[-99.201685,19.36806],[-99.201565,19.368066],[-99.201327,19.368181],[-99.201156,19.368265],[-99.201014,19.368337],[-99.200594,19.368548],[-99.20022,19.368741],[-99.199976,19.368858],[-99.199722,19.368979],[-99.199403,19.369107],[-99.198735,19.36929],[-99.198502,19.369394],[-99.197237,19.370282],[-99.196972,19.370382],[-99.196809,19.370407],[-99.196553,19.370419],[-99.196555,19.370578],[-99.195879,19.370754],[-99.195588,19.370853],[-99.195372,19.370893],[-99.195445,19.37105],[-99.195535,19.371151],[-99.195606,19.371229],[-99.195723,19.371331],[-99.195944,19.371517],[-99.196076,19.371365],[-99.196155,19.371292],[-99.196267,19.371195],[-99.196494,19.371087],[-99.196676,19.37104],[-99.196769,19.37103],[-99.197077,19.371046],[-99.197339,19.37104],[-99.197577,19.370964],[-99.19773,19.370846],[-99.197929,19.370641],[-99.198089,19.370421],[-99.198244,19.370149],[-99.198399,19.37004],[-99.198875,19.369932],[-99.199201,19.3698],[-99.199524,19.369642],[-99.19995,19.36959],[-99.20009,19.369576],[-99.200229,19.369547],[-99.200435,19.369476],[-99.200808,19.369156],[-99.200878,19.369119],[-99.200972,19.36908],[-99.201181,19.369056],[-99.20133,19.369064],[-99.201623,19.369078],[-99.201771,19.369113],[-99.201991,19.369138],[-99.202129,19.369198],[-99.202153,19.369211],[-99.202513,19.369633],[-99.202646,19.369656],[-99.202796,19.369637],[-99.203154,19.369597],[-99.203679,19.369742],[-99.204103,19.369845],[-99.204203,19.36934],[-99.204204,19.369336],[-99.204205,19.369335]]]}},{"type":"Feature","properties":{"cp":"01560"},"geometry":{"type":"MultiPolygon","coordinates":[[[[-99.237493,19.359554],[-99.237143,19.359736],[-99.23714,19.359729],[-99.236949,19.359817],[-99.236609,19.359954],[-99.236376,19.360053],[-99.235876,19.359873],[-99.235854,19.360279],[-99.235882,19.361234],[-99.234886,19.361606],[-99.234878,19.361313],[-99.233928,19.361813],[-99.233937,19.362006],[-99.233122,19.362381],[-99.23315,19.36247],[-99.233185,19.362584],[-99.233225,19.362715],[-99.233328,19.362792],[-99.233526,19.36277],[-99.233634,19.362786],[-99.233668,19.363262],[-99.233642,19.363917],[-99.233954,19.363925],[-99.234188,19.363931],[-99.234361,19.363801],[-99.234597,19.36373],[-99.234871,19.363647],[-99.235047,19.363594],[-99.235275,19.36358],[-99.235444,19.363586],[-99.235517,19.36349],[-99.235691,19.363402],[-99.235848,19.36326],[-99.236024,19.363379],[-99.236114,19.363279],[-99.23629,19.363202],[-99.236527,19.363195],[-99.237,19.363208],[-99.237491,19.363173],[-99.237536,19.363168],[-99.239,19.36286],[-99.239348,19.362854],[-99.239639,19.36285],[-99.239852,19.362205],[-99.239796,19.361707],[-99.239897,19.361394],[-99.239681,19.361355],[-99.239343,19.361292],[-99.239275,19.361279],[-99.239263,19.361277],[-99.238951,19.361219],[-99.238931,19.361215],[-99.238911,19.361211],[-99.238656,19.361164],[-99.238646,19.361162],[-99.238638,19.361161],[-99.238346,19.361106],[-99.238336,19.361104],[-99.238327,19.361103],[-99.238054,19.361052],[-99.238044,19.36105],[-99.237909,19.361031],[-99.23783,19.360843],[-99.23782,19.360831],[-99.23781,19.360816],[-99.237745,19.360568],[-99.237742,19.360559],[-99.23774,19.36055],[-99.237676,19.360302],[-99.237673,19.360291],[-99.23767,19.360279],[-99.237601,19.36002],[-99.237595,19.359997],[-99.23759,19.359973],[-99.237495,19.359617],[-99.237493,19.359554]]],[[[-99.231661,19.362934],[-99.231661,19.362828],[-99.231661,19.36265],[-99.231661,19.362533],[-99.231623,19.362461],[-99.231652,19.362333],[-99.232096,19.361085],[-99.231387,19.361556],[-99.231034,19.361718],[-99.231034,19.361716],[-99.230803,19.361],[-99.230495,19.360042],[-99.230341,19.360091],[-99.230136,19.360104],[-99.229943,19.360084],[-99.229554,19.359912],[-99.229417,19.359849],[-99.229298,19.359791],[-99.229045,19.359882],[-99.228985,19.359903],[-99.228842,19.359976],[-99.228716,19.36004],[-99.228423,19.360236],[-99.228401,19.360251],[-99.228062,19.360478],[-99.227937,19.36056],[-99.227345,19.360946],[-99.226939,19.361149],[-99.226544,19.361331],[-99.226686,19.362213],[-99.226816,19.362811],[-99.226858,19.362971],[-99.226852,19.362972],[-99.224527,19.363297],[-99.22442,19.363321],[-99.224402,19.363123],[-99.224356,19.363049],[-99.22432,19.36297],[-99.224246,19.362832],[-99.224129,19.362656],[-99.224019,19.362495],[-99.223961,19.362703],[-99.223871,19.362967],[-99.22383,19.363067],[-99.223753,19.363191],[-99.223659,19.3633],[-99.223592,19.363386],[-99.223483,19.363504],[-99.223407,19.363578],[-99.223342,19.363638],[-99.223298,19.363679],[-99.223135,19.363767],[-99.22302,19.363815],[-99.222493,19.364002],[-99.220631,19.364663],[-99.221558,19.364708],[-99.222174,19.364713],[-99.222437,19.364733],[-99.222612,19.36556],[-99.222548,19.365654],[-99.222639,19.365687],[-99.222741,19.365711],[-99.222831,19.365732],[-99.22298,19.365753],[-99.223309,19.365699],[-99.22353,19.365576],[-99.223642,19.365384],[-99.223668,19.365055],[-99.223719,19.364971],[-99.223753,19.364915],[-99.223918,19.36481],[-99.224089,19.364674],[-99.224171,19.364622],[-99.224331,19.364543],[-99.224536,19.364465],[-99.224593,19.364439],[-99.224705,19.364463],[-99.224923,19.364437],[-99.225251,19.3644],[-99.225431,19.364324],[-99.225674,19.364318],[-99.225957,19.364373],[-99.226213,19.364457],[-99.22647,19.364458],[-99.226949,19.364388],[-99.227326,19.36428],[-99.227491,19.3642],[-99.2276,19.36404],[-99.227743,19.363906],[-99.227965,19.363799],[-99.228396,19.363739],[-99.228562,19.363691],[-99.228723,19.363544],[-99.228775,19.363434],[-99.228778,19.363146],[-99.228831,19.363045],[-99.229107,19.362939],[-99.2293,19.362928],[-99.229461,19.36294],[-99.229775,19.363009],[-99.229968,19.363027],[-99.229986,19.362997],[-99.230065,19.362894],[-99.230192,19.362829],[-99.230278,19.362763],[-99.230393,19.362746],[-99.230414,19.3629],[-99.230587,19.3629],[-99.230727,19.36298],[-99.231016,19.36298],[-99.231381,19.36298],[-99.231548,19.362979],[-99.231661,19.362934]]]]}},{"type":"Feature","properties":{"cp":"01600"},"geometry":{"type":"Polygon","coordinates":[[[-99.206051,19.361857],[-99.205964,19.361859],[-99.205813,19.361947],[-99.205669,19.36212],[-99.205446,19.362156],[-99.205255,19.362201],[-99.205144,19.362213],[-99.205071,19.362228],[-99.204818,19.362257],[-99.204721,19.36226],[-99.204601,19.362268],[-99.204319,19.362305],[-99.204173,19.362332],[-99.204045,19.362412],[-99.20384,19.362573],[-99.203653,19.362721],[-99.203596,19.362765],[-99.203366,19.362936],[-99.203252,19.363017],[-99.203061,19.363043],[-99.202963,19.363074],[-99.202863,19.36314],[-99.202811,19.363207],[-99.202775,19.363313],[-99.202703,19.363307],[-99.202215,19.363314],[-99.202215,19.363341],[-99.202214,19.363582],[-99.202215,19.363612],[-99.201988,19.363617],[-99.201135,19.363606],[-99.200365,19.36358],[-99.200384,19.363781],[-99.199979,19.363814],[-99.199989,19.363992],[-99.19942,19.364047],[-99.199408,19.363916],[-99.199378,19.363516],[-99.199149,19.363505],[-99.198961,19.363396],[-99.19854,19.363123],[-99.1975,19.363125],[-99.196676,19.363104],[-99.196354,19.363106],[-99.196351,19.363269],[-99.195982,19.36328],[-99.195845,19.363292],[-99.195644,19.364082],[-99.194543,19.364073],[-99.194265,19.36408],[-99.19382,19.364089],[-99.193357,19.36409],[-99.193085,19.364071],[-99.192901,19.364036],[-99.192293,19.363888],[-99.191739,19.363743],[-99.191297,19.363627],[-99.191093,19.36349],[-99.190937,19.364836],[-99.190827,19.365852],[-99.19078,19.366435],[-99.190756,19.366788],[-99.190766,19.366887],[-99.190782,19.36699],[-99.190799,19.367086],[-99.190844,19.367259],[-99.190907,19.367422],[-99.191006,19.367595],[-99.19123,19.367998],[-99.191434,19.368377],[-99.191532,19.368545],[-99.191626,19.368771],[-99.19166,19.368868],[-99.191727,19.36909],[-99.191763,19.369252],[-99.191796,19.36947],[-99.191813,19.369729],[-99.191816,19.36997],[-99.191816,19.36997],[-99.192101,19.369913],[-99.192269,19.369022],[-99.192311,19.368797],[-99.192443,19.368371],[-99.192699,19.367681],[-99.192843,19.367297],[-99.193106,19.366552],[-99.193187,19.366371],[-99.193352,19.366252],[-99.193753,19.366253],[-99.19447,19.366316],[-99.194987,19.36636],[-99.195453,19.3664],[-99.195482,19.366148],[-99.196283,19.36622],[-99.200056,19.36658],[-99.200051,19.366718],[-99.200374,19.366633],[-99.200719,19.366668],[-99.200897,19.366687],[-99.202447,19.366714],[-99.203767,19.366735],[-99.204212,19.366735],[-99.204285,19.366741],[-99.204455,19.366752],[-99.20457,19.366747],[-99.204637,19.366747],[-99.204694,19.366734],[-99.204783,19.366698],[-99.204841,19.36667],[-99.204908,19.366635],[-99.204995,19.366585],[-99.205097,19.366515],[-99.205222,19.366427],[-99.206428,19.366464],[-99.207502,19.366497],[-99.208557,19.366521],[-99.209661,19.366549],[-99.2126,19.366609],[-99.213522,19.366637],[-99.213841,19.366598],[-99.213842,19.366598],[-99.214064,19.366562],[-99.214284,19.366501],[-99.214787,19.366306],[-99.214869,19.366273],[-99.215213,19.366137],[-99.215632,19.365941],[-99.21566,19.365284],[-99.215666,19.364739],[-99.21571,19.364187],[-99.215727,19.363823],[-99.214588,19.363794],[-99.213432,19.363795],[-99.212656,19.363767],[-99.212642,19.364576],[-99.211082,19.364578],[-99.210973,19.364557],[-99.210441,19.364538],[-99.209845,19.364516],[-99.208443,19.364475],[-99.208231,19.364465],[-99.206649,19.364453],[-99.206448,19.364438],[-99.206454,19.364291],[-99.206497,19.363913],[-99.206262,19.363951],[-99.206258,19.363907],[-99.20625,19.363828],[-99.205834,19.363912],[-99.205833,19.363294],[-99.205833,19.363276],[-99.205929,19.362266],[-99.206051,19.361857]]]}},{"type":"Feature","properties":{"cp":"01610"},"geometry":{"type":"Polygon","coordinates":[[[-99.222493,19.364002],[-99.222116,19.363075],[-99.221781,19.363193],[-99.221014,19.362059],[-99.220986,19.362019],[-99.221321,19.361805],[-99.22139,19.361904],[-99.221868,19.361757],[-99.222069,19.361643],[-99.221436,19.360897],[-99.221573,19.359983],[-99.22184,19.359892],[-99.221656,19.359124],[-99.221544,19.358658],[-99.221288,19.358616],[-99.2208,19.358572],[-99.220653,19.358575],[-99.220316,19.358626],[-99.218554,19.358944],[-99.218133,19.359016],[-99.217932,19.359077],[-99.217694,19.359191],[-99.217619,19.35925],[-99.217198,19.359585],[-99.217139,19.359662],[-99.216971,19.359867],[-99.21661,19.360195],[-99.216545,19.360253],[-99.216629,19.361026],[-99.216682,19.361127],[-99.216969,19.361336],[-99.217011,19.36142],[-99.217053,19.3616],[-99.21712,19.36206],[-99.217208,19.362305],[-99.217482,19.362624],[-99.21807,19.363184],[-99.218079,19.363192],[-99.218383,19.363463],[-99.218582,19.363609],[-99.219116,19.364067],[-99.219364,19.364244],[-99.219799,19.364655],[-99.220033,19.364636],[-99.220171,19.364856],[-99.220174,19.364855],[-99.220527,19.364706],[-99.220631,19.364663],[-99.222493,19.364002]]]}},{"type":"Feature","properties":{"cp":"01618"},"geometry":{"type":"MultiPolygon","coordinates":[[[[-99.228423,19.360236],[-99.228408,19.360225],[-99.227006,19.359118],[-99.226777,19.359222],[-99.2266,19.35935],[-99.226886,19.359609],[-99.227122,19.359832],[-99.227482,19.360137],[-99.227829,19.360467],[-99.227937,19.36056],[-99.228062,19.360478],[-99.228401,19.360251],[-99.228423,19.360236]]],[[[-99.224019,19.362495],[-99.224034,19.362443],[-99.224084,19.362347],[-99.224812,19.362061],[-99.225264,19.361877],[-99.225863,19.361625],[-99.225227,19.360581],[-99.225102,19.360364],[-99.225101,19.360363],[-99.225028,19.360266],[-99.22484,19.360173],[-99.224739,19.360107],[-99.224586,19.360001],[-99.224472,19.359902],[-99.224382,19.359769],[-99.224382,19.359768],[-99.224274,19.359617],[-99.224243,19.35957],[-99.224071,19.359341],[-99.223917,19.359131],[-99.223794,19.359001],[-99.223706,19.358932],[-99.223638,19.358884],[-99.223475,19.35882],[-99.223236,19.358775],[-99.223023,19.358773],[-99.222566,19.358766],[-99.222222,19.358751],[-99.222158,19.358748],[-99.22195,19.358726],[-99.221696,19.358684],[-99.221544,19.358658],[-99.221656,19.359124],[-99.22184,19.359892],[-99.221573,19.359983],[-99.221436,19.360897],[-99.222069,19.361643],[-99.223183,19.363474],[-99.223342,19.363638],[-99.223407,19.363578],[-99.223483,19.363504],[-99.223592,19.363386],[-99.223659,19.3633],[-99.223753,19.363191],[-99.22383,19.363067],[-99.223871,19.362967],[-99.223961,19.362703],[-99.224019,19.362495]]]]}},{"type":"Feature","properties":{"cp":"01619"},"geometry":{"type":"MultiPolygon","coordinates":[[[[-99.227937,19.36056],[-99.227829,19.360467],[-99.227482,19.360137],[-99.227122,19.359832],[-99.226886,19.359609],[-99.2266,19.35935],[-99.226777,19.359222],[-99.227006,19.359118],[-99.228408,19.360225],[-99.228423,19.360236],[-99.228716,19.36004],[-99.228842,19.359976],[-99.228985,19.359903],[-99.229045,19.359882],[-99.228833,19.359547],[-99.228311,19.359254],[-99.228014,19.359089],[-99.227331,19.358749],[-99.22707,19.358643],[-99.226636,19.358326],[-99.226077,19.357891],[-99.225681,19.357582],[-99.225516,19.357454],[-99.225516,19.357453],[-99.225419,19.357532],[-99.225182,19.357231],[-99.223724,19.358184],[-99.22356,19.358467],[-99.223579,19.358645],[-99.223638,19.358884],[-99.223706,19.358932],[-99.223794,19.359001],[-99.223917,19.359131],[-99.224071,19.359341],[-99.224243,19.35957],[-99.224274,19.359617],[-99.224382,19.359768],[-99.224382,19.359769],[-99.224472,19.359902],[-99.224586,19.360001],[-99.224739,19.360107],[-99.22484,19.360173],[-99.225028,19.360266],[-99.225101,19.360363],[-99.225102,19.360364],[-99.225227,19.360581],[-99.225863,19.361625],[-99.226544,19.361331],[-99.226939,19.361149],[-99.227345,19.360946],[-99.227937,19.36056]]],[[[-99.223342,19.363638],[-99.223183,19.363474],[-99.222069,19.361643],[-99.221868,19.361757],[-99.22139,19.361904],[-99.221321,19.361805],[-99.220986,19.362019],[-99.221014,19.362059],[-99.221781,19.363193],[-99.222116,19.363075],[-99.222493,19.364002],[-99.22302,19.363815],[-99.223135,19.363767],[-99.223298,19.363679],[-99.223342,19.363638]]]]}},{"type":"Feature","properties":{"cp":"01620"},"geometry":{"type":"Polygon","coordinates":[[[-99.222548,19.365654],[-99.222612,19.36556],[-99.222437,19.364733],[-99.222174,19.364713],[-99.221558,19.364708],[-99.220631,19.364663],[-99.220527,19.364706],[-99.220174,19.364855],[-99.220171,19.364856],[-99.220033,19.364636],[-99.219799,19.364655],[-99.219364,19.364244],[-99.219116,19.364067],[-99.218582,19.363609],[-99.218383,19.363463],[-99.218079,19.363192],[-99.21807,19.363184],[-99.217482,19.362624],[-99.217208,19.362305],[-99.21712,19.36206],[-99.217053,19.3616],[-99.217011,19.36142],[-99.216969,19.361336],[-99.216682,19.361127],[-99.216629,19.361026],[-99.216545,19.360253],[-99.21661,19.360195],[-99.216971,19.359867],[-99.217139,19.359662],[-99.217198,19.359585],[-99.217619,19.35925],[-99.217284,19.358985],[-99.216513,19.359115],[-99.215637,19.35936],[-99.214851,19.35962],[-99.214171,19.359821],[-99.213536,19.360037],[-99.212977,19.35998],[-99.212734,19.359789],[-99.212586,19.359875],[-99.21251,19.359992],[-99.212502,19.360028],[-99.212534,19.360096],[-99.21258,19.360203],[-99.212276,19.360309],[-99.211773,19.360727],[-99.211728,19.360723],[-99.211664,19.360718],[-99.21153,19.360648],[-99.211475,19.360662],[-99.211351,19.360813],[-99.211292,19.360827],[-99.210964,19.360789],[-99.210825,19.360752],[-99.210766,19.36078],[-99.210741,19.360959],[-99.210702,19.361034],[-99.210632,19.361068],[-99.210301,19.36108],[-99.210061,19.361396],[-99.209779,19.361378],[-99.209442,19.361317],[-99.208932,19.361253],[-99.208408,19.361505],[-99.208311,19.361531],[-99.20818,19.361534],[-99.208107,19.361528],[-99.208038,19.361504],[-99.207949,19.361445],[-99.207903,19.361419],[-99.207866,19.361417],[-99.207742,19.36142],[-99.20767,19.361432],[-99.207382,19.361517],[-99.207333,19.361527],[-99.207226,19.361527],[-99.207122,19.361502],[-99.206859,19.361342],[-99.206769,19.361334],[-99.206674,19.361346],[-99.20659,19.36137],[-99.206487,19.361408],[-99.206384,19.361469],[-99.206229,19.361611],[-99.206088,19.361733],[-99.206051,19.361857],[-99.205929,19.362266],[-99.205833,19.363276],[-99.205833,19.363294],[-99.205834,19.363912],[-99.20625,19.363828],[-99.206258,19.363907],[-99.206262,19.363951],[-99.206497,19.363913],[-99.206454,19.364291],[-99.206448,19.364438],[-99.206649,19.364453],[-99.208231,19.364465],[-99.208443,19.364475],[-99.209845,19.364516],[-99.210441,19.364538],[-99.210973,19.364557],[-99.211082,19.364578],[-99.212642,19.364576],[-99.212656,19.363767],[-99.213432,19.363795],[-99.214588,19.363794],[-99.215727,19.363823],[-99.21571,19.364187],[-99.215666,19.364739],[-99.21566,19.365284],[-99.215632,19.365941],[-99.215753,19.365999],[-99.215968,19.36604],[-99.216082,19.366051],[-99.216244,19.366041],[-99.216425,19.36661],[-99.216443,19.366607],[-99.216537,19.366588],[-99.21661,19.366574],[-99.216841,19.366563],[-99.21718,19.366876],[-99.217277,19.367074],[-99.217316,19.367106],[-99.217382,19.367124],[-99.217447,19.367134],[-99.217537,19.367123],[-99.217558,19.367095],[-99.217587,19.367001],[-99.217604,19.366922],[-99.217543,19.366658],[-99.217559,19.366557],[-99.217613,19.366494],[-99.217714,19.366468],[-99.217833,19.366464],[-99.217956,19.366512],[-99.218072,19.366639],[-99.218184,19.366734],[-99.218315,19.366796],[-99.218484,19.366849],[-99.218583,19.366856],[-99.218775,19.366837],[-99.21903,19.366832],[-99.219144,19.366796],[-99.219207,19.366652],[-99.219221,19.366505],[-99.219226,19.366172],[-99.219244,19.366036],[-99.219301,19.365938],[-99.219389,19.365891],[-99.21949,19.365876],[-99.219693,19.365905],[-99.219848,19.365974],[-99.219969,19.366088],[-99.220109,19.366295],[-99.220205,19.366471],[-99.22029,19.366582],[-99.220378,19.366614],[-99.220454,19.366633],[-99.220594,19.366609],[-99.220644,19.366585],[-99.220731,19.36651],[-99.220977,19.366361],[-99.221241,19.366278],[-99.221528,19.366163],[-99.221703,19.366101],[-99.221752,19.366096],[-99.221759,19.366075],[-99.221712,19.365907],[-99.221712,19.365747],[-99.221735,19.365638],[-99.221811,19.365502],[-99.221893,19.36542],[-99.222013,19.365336],[-99.222137,19.365318],[-99.222225,19.365318],[-99.222302,19.36539],[-99.222399,19.365512],[-99.222456,19.365575],[-99.222548,19.365654]]]}},{"type":"Feature","properties":{"cp":"01700"},"geometry":{"type":"Polygon","coordinates":[[[-99.21141,19.345853],[-99.211363,19.345989],[-99.211352,19.346025],[-99.211319,19.346052],[-99.211261,19.346097],[-99.211181,19.346126],[-99.211088,19.346131],[-99.210974,19.346101],[-99.21086,19.346059],[-99.210621,19.345964],[-99.210595,19.34626],[-99.210499,19.346477],[-99.210599,19.346541],[-99.210704,19.346561],[-99.210829,19.346609],[-99.210923,19.346634],[-99.21111,19.34666],[-99.211277,19.3467],[-99.211399,19.346743],[-99.211547,19.346824],[-99.21176,19.346888],[-99.212092,19.34699],[-99.212373,19.347068],[-99.212639,19.347145],[-99.212764,19.347177],[-99.212846,19.347191],[-99.213019,19.34719],[-99.213257,19.347179],[-99.213397,19.347185],[-99.213476,19.347201],[-99.213604,19.347257],[-99.213751,19.347337],[-99.21391,19.347418],[-99.214041,19.347447],[-99.214293,19.347471],[-99.21454,19.347482],[-99.214781,19.347484],[-99.214926,19.347527],[-99.214702,19.347288],[-99.214897,19.347293],[-99.215118,19.347281],[-99.215446,19.347262],[-99.215624,19.347248],[-99.215811,19.347241],[-99.215933,19.347213],[-99.216271,19.347119],[-99.216437,19.347112],[-99.216529,19.34714],[-99.217055,19.347264],[-99.217236,19.3473],[-99.217501,19.347315],[-99.217633,19.347291],[-99.21779,19.347259],[-99.218068,19.347215],[-99.218308,19.347182],[-99.218801,19.347127],[-99.218978,19.347009],[-99.219129,19.346937],[-99.219311,19.346906],[-99.219431,19.346901],[-99.219564,19.346887],[-99.219729,19.346866],[-99.219841,19.346846],[-99.220052,19.3468],[-99.220177,19.346781],[-99.220291,19.346776],[-99.220467,19.346785],[-99.220822,19.346822],[-99.221165,19.346789],[-99.221406,19.346754],[-99.221598,19.346696],[-99.221751,19.346594],[-99.222037,19.346344],[-99.222181,19.346174],[-99.222222,19.346085],[-99.222246,19.346033],[-99.222336,19.345805],[-99.222532,19.34544],[-99.222642,19.345447],[-99.222868,19.345462],[-99.223027,19.345518],[-99.223534,19.345684],[-99.223624,19.345725],[-99.223747,19.345789],[-99.223732,19.3457],[-99.223809,19.345641],[-99.224072,19.345616],[-99.224313,19.345696],[-99.224452,19.34599],[-99.224835,19.346232],[-99.225296,19.346245],[-99.225627,19.346176],[-99.225834,19.345918],[-99.226034,19.345629],[-99.225966,19.345519],[-99.225884,19.345464],[-99.225689,19.345291],[-99.22541,19.345056],[-99.225492,19.344967],[-99.225547,19.344867],[-99.225592,19.344673],[-99.225628,19.34461],[-99.225639,19.344548],[-99.225796,19.344422],[-99.225904,19.344356],[-99.226125,19.344309],[-99.226414,19.34428],[-99.226621,19.344262],[-99.226721,19.34422],[-99.226793,19.344162],[-99.226874,19.34414],[-99.226937,19.344147],[-99.226969,19.344182],[-99.226979,19.344256],[-99.22696,19.344321],[-99.22692,19.344375],[-99.226863,19.344418],[-99.226833,19.344477],[-99.226918,19.344697],[-99.227041,19.344932],[-99.226981,19.345039],[-99.227212,19.345203],[-99.227327,19.34508],[-99.227529,19.34486],[-99.227885,19.344749],[-99.227818,19.344542],[-99.227765,19.344321],[-99.227666,19.344051],[-99.227642,19.343743],[-99.227688,19.343563],[-99.227751,19.343378],[-99.227858,19.343225],[-99.228019,19.343033],[-99.228083,19.342993],[-99.228149,19.342885],[-99.228253,19.342697],[-99.228365,19.3425],[-99.22851,19.342356],[-99.228646,19.342244],[-99.228867,19.342041],[-99.228907,19.34192],[-99.228958,19.341741],[-99.229185,19.341725],[-99.229182,19.341711],[-99.229701,19.341614],[-99.230177,19.3416],[-99.230955,19.341572],[-99.231143,19.341544],[-99.231532,19.341544],[-99.231936,19.341543],[-99.23202,19.341537],[-99.232055,19.341534],[-99.232086,19.341609],[-99.232215,19.341756],[-99.232181,19.341775],[-99.231998,19.341873],[-99.231965,19.341885],[-99.231735,19.342009],[-99.231575,19.342081],[-99.23155,19.34236],[-99.231513,19.342594],[-99.231462,19.342645],[-99.231441,19.342678],[-99.231525,19.342693],[-99.231489,19.343085],[-99.231556,19.3434],[-99.231593,19.343651],[-99.231607,19.343952],[-99.231606,19.344246],[-99.23201,19.343993],[-99.232162,19.343658],[-99.232212,19.343578],[-99.232312,19.343419],[-99.232395,19.343397],[-99.232443,19.343376],[-99.232558,19.34328],[-99.232644,19.343184],[-99.232745,19.343034],[-99.232828,19.342921],[-99.233332,19.342899],[-99.233801,19.34299],[-99.233846,19.34299],[-99.233883,19.342988],[-99.234972,19.342706],[-99.235008,19.342711],[-99.235193,19.342752],[-99.235256,19.342761],[-99.235368,19.342767],[-99.235407,19.342749],[-99.235444,19.34271],[-99.235481,19.342637],[-99.235522,19.342539],[-99.235573,19.342473],[-99.235629,19.342429],[-99.23569,19.342389],[-99.235792,19.342332],[-99.236136,19.342202],[-99.236311,19.342169],[-99.236445,19.342155],[-99.236512,19.342159],[-99.236595,19.342178],[-99.236856,19.342297],[-99.236947,19.342344],[-99.237034,19.342356],[-99.23713,19.342336],[-99.237221,19.342269],[-99.237279,19.342162],[-99.237321,19.342032],[-99.237335,19.341921],[-99.237382,19.341881],[-99.237449,19.341843],[-99.23751,19.341834],[-99.237563,19.341833],[-99.237613,19.34184],[-99.237688,19.341874],[-99.237902,19.342018],[-99.237987,19.342028],[-99.238062,19.342001],[-99.238373,19.341594],[-99.238425,19.341577],[-99.238486,19.341581],[-99.238542,19.341594],[-99.239326,19.342098],[-99.239473,19.34202],[-99.239878,19.34179],[-99.239883,19.341659],[-99.239998,19.341266],[-99.240066,19.341068],[-99.240309,19.340557],[-99.240732,19.339573],[-99.240922,19.339219],[-99.240922,19.339139],[-99.240864,19.339103],[-99.240838,19.338853],[-99.241074,19.338793],[-99.240817,19.338643],[-99.240598,19.338463],[-99.240361,19.338227],[-99.239618,19.338453],[-99.239181,19.338637],[-99.239032,19.338276],[-99.238315,19.338403],[-99.237764,19.338556],[-99.236787,19.338521],[-99.235621,19.337982],[-99.234735,19.337837],[-99.23378,19.337726],[-99.233256,19.337694],[-99.2325,19.337666],[-99.231576,19.33795],[-99.230499,19.337906],[-99.230114,19.337984],[-99.228259,19.33793],[-99.227643,19.338058],[-99.227372,19.3382],[-99.226403,19.338788],[-99.226089,19.339123],[-99.225805,19.339649],[-99.225706,19.339726],[-99.225255,19.339807],[-99.2249,19.339977],[-99.224257,19.340081],[-99.223587,19.340228],[-99.221751,19.340716],[-99.221759,19.340738],[-99.222075,19.341547],[-99.222373,19.341729],[-99.222451,19.341962],[-99.222564,19.342119],[-99.222866,19.342507],[-99.222875,19.342543],[-99.222833,19.342738],[-99.222385,19.342688],[-99.22164,19.342541],[-99.221407,19.342528],[-99.220842,19.34261],[-99.219445,19.342751],[-99.21865,19.342771],[-99.218174,19.342833],[-99.217382,19.342986],[-99.217137,19.343034],[-99.21681,19.343097],[-99.216909,19.343565],[-99.216941,19.344016],[-99.216843,19.344017],[-99.216015,19.344035],[-99.215327,19.344057],[-99.215194,19.344689],[-99.215063,19.344588],[-99.21469,19.344459],[-99.214171,19.344333],[-99.214076,19.344394],[-99.213895,19.344629],[-99.21374,19.344781],[-99.213531,19.344961],[-99.213082,19.345252],[-99.212667,19.345446],[-99.21252,19.345472],[-99.212193,19.34547],[-99.212013,19.345437],[-99.211747,19.345584],[-99.211456,19.345709],[-99.211418,19.345737],[-99.21141,19.345853]]]}},{"type":"Feature","properties":{"cp":"01710"},"geometry":{"type":"Polygon","coordinates":[[[-99.206051,19.361857],[-99.206088,19.361733],[-99.206229,19.361611],[-99.206384,19.361469],[-99.206487,19.361408],[-99.20659,19.36137],[-99.206674,19.361346],[-99.206769,19.361334],[-99.206859,19.361342],[-99.207122,19.361502],[-99.207226,19.361527],[-99.207333,19.361527],[-99.207382,19.361517],[-99.20767,19.361432],[-99.207742,19.36142],[-99.207866,19.361417],[-99.207903,19.361419],[-99.207949,19.361445],[-99.208038,19.361504],[-99.208107,19.361528],[-99.20818,19.361534],[-99.208311,19.361531],[-99.208408,19.361505],[-99.208932,19.361253],[-99.209442,19.361317],[-99.209453,19.361258],[-99.209444,19.36095],[-99.209387,19.359753],[-99.209301,19.359639],[-99.20977,19.359396],[-99.210382,19.359027],[-99.210803,19.358784],[-99.210956,19.35872],[-99.211607,19.35851],[-99.211884,19.358423],[-99.212174,19.358295],[-99.212507,19.358134],[-99.212785,19.357986],[-99.21335,19.357695],[-99.214187,19.357285],[-99.214361,19.357151],[-99.214495,19.356913],[-99.214715,19.356616],[-99.215017,19.356193],[-99.21524,19.355801],[-99.215441,19.355492],[-99.215448,19.355481],[-99.215697,19.355066],[-99.215902,19.354698],[-99.216016,19.354047],[-99.21608,19.353677],[-99.21614,19.353211],[-99.216169,19.352877],[-99.216281,19.352518],[-99.216392,19.352372],[-99.215146,19.351998],[-99.213708,19.351564],[-99.213405,19.353324],[-99.212975,19.353208],[-99.211636,19.352874],[-99.207278,19.351639],[-99.205879,19.351315],[-99.205556,19.351342],[-99.205285,19.351431],[-99.20505,19.351561],[-99.204455,19.351937],[-99.204201,19.352143],[-99.204032,19.35228],[-99.203766,19.352623],[-99.203522,19.353214],[-99.203212,19.353963],[-99.202774,19.354702],[-99.202659,19.35463],[-99.201767,19.353829],[-99.201565,19.35342],[-99.201332,19.353064],[-99.201099,19.352753],[-99.200822,19.352458],[-99.200771,19.352409],[-99.200559,19.352342],[-99.200391,19.353151],[-99.200305,19.353402],[-99.200051,19.354064],[-99.199872,19.354511],[-99.199644,19.354934],[-99.199255,19.355532],[-99.198948,19.355977],[-99.199072,19.356119],[-99.199057,19.356292],[-99.198453,19.357755],[-99.19811,19.358545],[-99.197923,19.358976],[-99.197506,19.359891],[-99.197025,19.360856],[-99.196686,19.361553],[-99.196398,19.362163],[-99.196121,19.362746],[-99.195845,19.363292],[-99.195982,19.36328],[-99.196351,19.363269],[-99.196354,19.363106],[-99.196676,19.363104],[-99.1975,19.363125],[-99.19854,19.363123],[-99.198961,19.363396],[-99.199149,19.363505],[-99.199378,19.363516],[-99.199408,19.363916],[-99.19942,19.364047],[-99.199989,19.363992],[-99.199979,19.363814],[-99.200384,19.363781],[-99.200365,19.36358],[-99.201135,19.363606],[-99.201988,19.363617],[-99.202215,19.363612],[-99.202214,19.363582],[-99.202215,19.363341],[-99.202215,19.363314],[-99.202703,19.363307],[-99.202775,19.363313],[-99.202811,19.363207],[-99.202863,19.36314],[-99.202963,19.363074],[-99.203061,19.363043],[-99.203252,19.363017],[-99.203366,19.362936],[-99.203596,19.362765],[-99.203653,19.362721],[-99.20384,19.362573],[-99.204045,19.362412],[-99.204173,19.362332],[-99.204319,19.362305],[-99.204601,19.362268],[-99.204721,19.36226],[-99.204818,19.362257],[-99.205071,19.362228],[-99.205144,19.362213],[-99.205255,19.362201],[-99.205446,19.362156],[-99.205669,19.36212],[-99.205813,19.361947],[-99.205964,19.361859],[-99.206051,19.361857]]]}},{"type":"Feature","properties":{"cp":"01750"},"geometry":{"type":"Polygon","coordinates":[[[-99.221544,19.358658],[-99.221696,19.358684],[-99.22195,19.358726],[-99.222158,19.358748],[-99.222222,19.358751],[-99.222566,19.358766],[-99.223023,19.358773],[-99.223236,19.358775],[-99.223475,19.35882],[-99.223638,19.358884],[-99.223579,19.358645],[-99.22356,19.358467],[-99.223724,19.358184],[-99.225182,19.357231],[-99.225419,19.357532],[-99.225516,19.357453],[-99.225691,19.357313],[-99.226264,19.356851],[-99.226157,19.356743],[-99.226426,19.356602],[-99.227041,19.35619],[-99.227193,19.356147],[-99.22744,19.355979],[-99.22772,19.355654],[-99.228151,19.355556],[-99.228874,19.35536],[-99.229572,19.355164],[-99.229935,19.355164],[-99.230073,19.355267],[-99.23097,19.354772],[-99.231602,19.354282],[-99.231801,19.354102],[-99.232066,19.353861],[-99.232315,19.353527],[-99.23236,19.353497],[-99.232931,19.353117],[-99.232894,19.352563],[-99.232874,19.352268],[-99.232868,19.352121],[-99.232835,19.351863],[-99.232849,19.351493],[-99.232892,19.35127],[-99.232871,19.351001],[-99.232818,19.350749],[-99.23268,19.350112],[-99.232663,19.350096],[-99.232443,19.349701],[-99.231961,19.349988],[-99.231711,19.350224],[-99.231398,19.350368],[-99.230826,19.350261],[-99.230683,19.350438],[-99.230659,19.350716],[-99.230241,19.35075],[-99.230239,19.350756],[-99.229804,19.350787],[-99.229828,19.350624],[-99.229584,19.350578],[-99.229438,19.350764],[-99.228778,19.350966],[-99.228754,19.350973],[-99.228143,19.351044],[-99.227704,19.351044],[-99.227484,19.351091],[-99.227093,19.351091],[-99.226849,19.351301],[-99.226531,19.351301],[-99.226434,19.351278],[-99.226116,19.351301],[-99.225969,19.351186],[-99.225505,19.351233],[-99.225041,19.351349],[-99.224431,19.351466],[-99.224187,19.351814],[-99.223332,19.352209],[-99.22332,19.352141],[-99.2233,19.351986],[-99.223295,19.351896],[-99.223271,19.351825],[-99.223268,19.351693],[-99.223297,19.351304],[-99.223301,19.351111],[-99.223298,19.350985],[-99.223292,19.350757],[-99.223278,19.350293],[-99.222284,19.350626],[-99.221782,19.35077],[-99.221463,19.350863],[-99.221413,19.350946],[-99.221358,19.35119],[-99.221244,19.351414],[-99.221098,19.351538],[-99.220892,19.351623],[-99.220825,19.351639],[-99.22071,19.35169],[-99.220446,19.351867],[-99.220342,19.351945],[-99.220203,19.352008],[-99.220082,19.352022],[-99.219748,19.352],[-99.219607,19.351989],[-99.219404,19.351977],[-99.219216,19.35197],[-99.218998,19.351976],[-99.218753,19.35204],[-99.218666,19.352107],[-99.218337,19.352267],[-99.218184,19.352354],[-99.21784,19.352602],[-99.217554,19.352791],[-99.217094,19.353105],[-99.217022,19.353119],[-99.216924,19.353326],[-99.216689,19.354214],[-99.216533,19.354835],[-99.216394,19.354981],[-99.215655,19.355411],[-99.215441,19.355492],[-99.21524,19.355801],[-99.215017,19.356193],[-99.214715,19.356616],[-99.214495,19.356913],[-99.214361,19.357151],[-99.214187,19.357285],[-99.21335,19.357695],[-99.212785,19.357986],[-99.212507,19.358134],[-99.212174,19.358295],[-99.211884,19.358423],[-99.211607,19.35851],[-99.210956,19.35872],[-99.210803,19.358784],[-99.210382,19.359027],[-99.20977,19.359396],[-99.209301,19.359639],[-99.209387,19.359753],[-99.209444,19.36095],[-99.209453,19.361258],[-99.209442,19.361317],[-99.209779,19.361378],[-99.210061,19.361396],[-99.210301,19.36108],[-99.210632,19.361068],[-99.210702,19.361034],[-99.210741,19.360959],[-99.210766,19.36078],[-99.210825,19.360752],[-99.210964,19.360789],[-99.211292,19.360827],[-99.211351,19.360813],[-99.211475,19.360662],[-99.21153,19.360648],[-99.211664,19.360718],[-99.211728,19.360723],[-99.211773,19.360727],[-99.212276,19.360309],[-99.21258,19.360203],[-99.212534,19.360096],[-99.212502,19.360028],[-99.21251,19.359992],[-99.212586,19.359875],[-99.212734,19.359789],[-99.212977,19.35998],[-99.213536,19.360037],[-99.214171,19.359821],[-99.214851,19.35962],[-99.215637,19.35936],[-99.216513,19.359115],[-99.217284,19.358985],[-99.217619,19.35925],[-99.217694,19.359191],[-99.217932,19.359077],[-99.218133,19.359016],[-99.218554,19.358944],[-99.220316,19.358626],[-99.220653,19.358575],[-99.2208,19.358572],[-99.221288,19.358616],[-99.221544,19.358658]]]}},{"type":"Feature","properties":{"cp":"01759"},"geometry":{"type":"Polygon","coordinates":[[[-99.214926,19.347527],[-99.215032,19.347794],[-99.215109,19.347888],[-99.215368,19.348131],[-99.21562,19.348675],[-99.215666,19.348874],[-99.215929,19.349552],[-99.216005,19.349535],[-99.216298,19.349252],[-99.216415,19.349141],[-99.216495,19.349107],[-99.216593,19.349092],[-99.218141,19.348898],[-99.218444,19.349023],[-99.218651,19.349161],[-99.218508,19.349169],[-99.218169,19.349185],[-99.2181,19.349196],[-99.218048,19.349208],[-99.217976,19.349255],[-99.217949,19.349309],[-99.217943,19.349358],[-99.217966,19.349404],[-99.218017,19.349437],[-99.218097,19.349456],[-99.218237,19.349477],[-99.218378,19.34949],[-99.218496,19.349508],[-99.218572,19.349534],[-99.218653,19.34957],[-99.218744,19.34964],[-99.218829,19.349741],[-99.21883,19.349841],[-99.218762,19.349927],[-99.218663,19.350011],[-99.218554,19.350105],[-99.218433,19.350252],[-99.218361,19.350375],[-99.218346,19.350603],[-99.218312,19.351289],[-99.21728,19.351827],[-99.21657,19.352203],[-99.216392,19.352372],[-99.216281,19.352518],[-99.216169,19.352877],[-99.21614,19.353211],[-99.21608,19.353677],[-99.216016,19.354047],[-99.215902,19.354698],[-99.215697,19.355066],[-99.215448,19.355481],[-99.215441,19.355492],[-99.215655,19.355411],[-99.216394,19.354981],[-99.216533,19.354835],[-99.216689,19.354214],[-99.216924,19.353326],[-99.217022,19.353119],[-99.217094,19.353105],[-99.217554,19.352791],[-99.21784,19.352602],[-99.218184,19.352354],[-99.218337,19.352267],[-99.218666,19.352107],[-99.218753,19.35204],[-99.218998,19.351976],[-99.219216,19.35197],[-99.219404,19.351977],[-99.219607,19.351989],[-99.219748,19.352],[-99.220082,19.352022],[-99.220203,19.352008],[-99.220342,19.351945],[-99.220446,19.351867],[-99.22071,19.35169],[-99.220825,19.351639],[-99.220892,19.351623],[-99.221098,19.351538],[-99.221244,19.351414],[-99.221358,19.35119],[-99.221413,19.350946],[-99.221463,19.350863],[-99.221782,19.35077],[-99.222284,19.350626],[-99.223278,19.350293],[-99.223283,19.349667],[-99.223264,19.34865],[-99.223258,19.348301],[-99.223342,19.348274],[-99.223435,19.348236],[-99.223474,19.348145],[-99.223508,19.348042],[-99.223525,19.347961],[-99.223549,19.347896],[-99.223615,19.347767],[-99.223572,19.34719],[-99.223604,19.347017],[-99.223663,19.346694],[-99.22373,19.345908],[-99.223747,19.345789],[-99.223624,19.345725],[-99.223534,19.345684],[-99.223027,19.345518],[-99.222868,19.345462],[-99.222642,19.345447],[-99.222532,19.34544],[-99.222336,19.345805],[-99.222246,19.346033],[-99.222222,19.346085],[-99.222181,19.346174],[-99.222037,19.346344],[-99.221751,19.346594],[-99.221598,19.346696],[-99.221406,19.346754],[-99.221165,19.346789],[-99.220822,19.346822],[-99.220467,19.346785],[-99.220291,19.346776],[-99.220177,19.346781],[-99.220052,19.3468],[-99.219841,19.346846],[-99.219729,19.346866],[-99.219564,19.346887],[-99.219431,19.346901],[-99.219311,19.346906],[-99.219129,19.346937],[-99.218978,19.347009],[-99.218801,19.347127],[-99.218308,19.347182],[-99.218068,19.347215],[-99.21779,19.347259],[-99.217633,19.347291],[-99.217501,19.347315],[-99.217236,19.3473],[-99.217055,19.347264],[-99.216529,19.34714],[-99.216437,19.347112],[-99.216271,19.347119],[-99.215933,19.347213],[-99.215811,19.347241],[-99.215624,19.347248],[-99.215446,19.347262],[-99.215118,19.347281],[-99.214897,19.347293],[-99.214702,19.347288],[-99.214926,19.347527]]]}},{"type":"Feature","properties":{"cp":"01760"},"geometry":{"type":"Polygon","coordinates":[[[-99.211418,19.345737],[-99.21139,19.345627],[-99.211266,19.345495],[-99.211137,19.345353],[-99.210967,19.34515],[-99.210793,19.344829],[-99.210703,19.344356],[-99.210717,19.344199],[-99.21072,19.344168],[-99.210791,19.344035],[-99.210814,19.343992],[-99.21091,19.343904],[-99.21095,19.343885],[-99.210971,19.343874],[-99.211306,19.343754],[-99.211224,19.343262],[-99.211331,19.34319],[-99.211519,19.343132],[-99.211712,19.343135],[-99.211844,19.342943],[-99.211588,19.342748],[-99.210543,19.343069],[-99.210345,19.343219],[-99.210309,19.343247],[-99.210191,19.343379],[-99.210101,19.343522],[-99.209902,19.343882],[-99.209759,19.344122],[-99.209699,19.344456],[-99.209533,19.344983],[-99.209324,19.344993],[-99.209131,19.345051],[-99.208947,19.345135],[-99.208807,19.345231],[-99.208612,19.345481],[-99.208281,19.345941],[-99.208279,19.345944],[-99.208319,19.346222],[-99.208222,19.34648],[-99.208056,19.346584],[-99.207664,19.346771],[-99.207423,19.346822],[-99.207252,19.34686],[-99.207186,19.346861],[-99.207007,19.346882],[-99.205954,19.346769],[-99.205569,19.34675],[-99.205322,19.346793],[-99.204387,19.347209],[-99.204224,19.347247],[-99.203913,19.347257],[-99.203454,19.347158],[-99.203184,19.347111],[-99.202683,19.347064],[-99.202238,19.347126],[-99.20198,19.34719],[-99.201954,19.347359],[-99.201486,19.348676],[-99.201292,19.349156],[-99.201248,19.349277],[-99.20121,19.349454],[-99.20113,19.349821],[-99.201046,19.350201],[-99.200908,19.350832],[-99.200747,19.351563],[-99.200559,19.352342],[-99.200771,19.352409],[-99.200822,19.352458],[-99.201099,19.352753],[-99.201332,19.353064],[-99.201565,19.35342],[-99.201767,19.353829],[-99.202659,19.35463],[-99.202774,19.354702],[-99.203212,19.353963],[-99.203522,19.353214],[-99.203766,19.352623],[-99.204032,19.35228],[-99.204201,19.352143],[-99.204455,19.351937],[-99.20505,19.351561],[-99.205285,19.351431],[-99.205556,19.351342],[-99.205879,19.351315],[-99.207278,19.351639],[-99.211636,19.352874],[-99.212975,19.353208],[-99.213405,19.353324],[-99.213708,19.351564],[-99.215146,19.351998],[-99.216392,19.352372],[-99.21657,19.352203],[-99.21728,19.351827],[-99.218312,19.351289],[-99.218346,19.350603],[-99.218361,19.350375],[-99.218433,19.350252],[-99.218554,19.350105],[-99.218663,19.350011],[-99.218762,19.349927],[-99.21883,19.349841],[-99.218829,19.349741],[-99.218744,19.34964],[-99.218653,19.34957],[-99.218572,19.349534],[-99.218496,19.349508],[-99.218378,19.34949],[-99.218237,19.349477],[-99.218097,19.349456],[-99.218017,19.349437],[-99.217966,19.349404],[-99.217943,19.349358],[-99.217949,19.349309],[-99.217976,19.349255],[-99.218048,19.349208],[-99.2181,19.349196],[-99.218169,19.349185],[-99.218508,19.349169],[-99.218651,19.349161],[-99.218444,19.349023],[-99.218141,19.348898],[-99.216593,19.349092],[-99.216495,19.349107],[-99.216415,19.349141],[-99.216298,19.349252],[-99.216005,19.349535],[-99.215929,19.349552],[-99.215666,19.348874],[-99.21562,19.348675],[-99.215368,19.348131],[-99.215109,19.347888],[-99.215032,19.347794],[-99.214926,19.347527],[-99.214781,19.347484],[-99.21454,19.347482],[-99.214293,19.347471],[-99.214041,19.347447],[-99.21391,19.347418],[-99.213751,19.347337],[-99.213604,19.347257],[-99.213476,19.347201],[-99.213397,19.347185],[-99.213257,19.347179],[-99.213019,19.34719],[-99.212846,19.347191],[-99.212764,19.347177],[-99.212639,19.347145],[-99.212373,19.347068],[-99.212092,19.34699],[-99.21176,19.346888],[-99.211547,19.346824],[-99.211399,19.346743],[-99.211277,19.3467],[-99.21111,19.34666],[-99.210923,19.346634],[-99.210829,19.346609],[-99.210704,19.346561],[-99.210599,19.346541],[-99.210499,19.346477],[-99.210595,19.34626],[-99.210621,19.345964],[-99.21086,19.346059],[-99.210974,19.346101],[-99.211088,19.346131],[-99.211181,19.346126],[-99.211261,19.346097],[-99.211319,19.346052],[-99.211352,19.346025],[-99.211363,19.345989],[-99.21141,19.345853],[-99.211418,19.345737]]]}},{"type":"Feature","properties":{"cp":"01780"},"geometry":{"type":"Polygon","coordinates":[[[-99.206499,19.341144],[-99.206801,19.341146],[-99.207559,19.341047],[-99.208212,19.341002],[-99.20883,19.340944],[-99.20958,19.340892],[-99.209194,19.342479],[-99.209106,19.342857],[-99.209166,19.342928],[-99.210006,19.34301],[-99.210252,19.343036],[-99.210345,19.343219],[-99.210543,19.343069],[-99.211588,19.342748],[-99.211844,19.342943],[-99.211852,19.342949],[-99.212667,19.342786],[-99.214202,19.342589],[-99.214415,19.342561],[-99.218679,19.341326],[-99.218743,19.341443],[-99.218516,19.341511],[-99.218522,19.341535],[-99.21845,19.341557],[-99.218595,19.342301],[-99.21865,19.342771],[-99.219445,19.342751],[-99.220842,19.34261],[-99.221407,19.342528],[-99.22164,19.342541],[-99.222385,19.342688],[-99.222833,19.342738],[-99.222875,19.342543],[-99.222866,19.342507],[-99.222564,19.342119],[-99.222451,19.341962],[-99.222373,19.341729],[-99.222075,19.341547],[-99.221759,19.340738],[-99.221751,19.340716],[-99.223587,19.340228],[-99.224257,19.340081],[-99.2249,19.339977],[-99.225255,19.339807],[-99.225074,19.339252],[-99.225056,19.338856],[-99.225124,19.338394],[-99.22516,19.337799],[-99.225198,19.337187],[-99.22614,19.336987],[-99.226643,19.336879],[-99.227197,19.336838],[-99.227642,19.336833],[-99.227627,19.337265],[-99.227636,19.337487],[-99.22767,19.337494],[-99.227643,19.338058],[-99.228259,19.33793],[-99.230114,19.337984],[-99.230499,19.337906],[-99.231576,19.33795],[-99.2325,19.337666],[-99.233256,19.337694],[-99.23378,19.337726],[-99.234735,19.337837],[-99.235621,19.337982],[-99.236787,19.338521],[-99.237764,19.338556],[-99.238315,19.338403],[-99.239032,19.338276],[-99.239181,19.338637],[-99.239618,19.338453],[-99.240361,19.338227],[-99.240598,19.338463],[-99.240817,19.338643],[-99.241074,19.338793],[-99.243306,19.33853],[-99.243644,19.338475],[-99.244312,19.338334],[-99.245227,19.338119],[-99.246086,19.337872],[-99.246756,19.337689],[-99.247224,19.337563],[-99.247448,19.337456],[-99.247612,19.337358],[-99.24827,19.337007],[-99.2487,19.336728],[-99.249375,19.336353],[-99.249783,19.336129],[-99.250112,19.335986],[-99.251886,19.335485],[-99.252295,19.335352],[-99.253012,19.334858],[-99.252941,19.334687],[-99.252081,19.333816],[-99.251472,19.333297],[-99.251412,19.33324],[-99.250149,19.333846],[-99.249826,19.333865],[-99.249536,19.333859],[-99.249558,19.333983],[-99.249461,19.334123],[-99.249345,19.334223],[-99.249035,19.334466],[-99.247239,19.335309],[-99.245543,19.335967],[-99.244443,19.336282],[-99.24269,19.33698],[-99.241492,19.336876],[-99.24103,19.336721],[-99.240816,19.336609],[-99.240661,19.336447],[-99.240553,19.336281],[-99.240474,19.336148],[-99.240419,19.335867],[-99.240417,19.335583],[-99.240643,19.334992],[-99.240835,19.334799],[-99.241449,19.334575],[-99.241825,19.334407],[-99.242271,19.334223],[-99.243166,19.333956],[-99.242815,19.332553],[-99.24158,19.332881],[-99.238543,19.333691],[-99.237459,19.333975],[-99.236158,19.334318],[-99.236061,19.334365],[-99.234733,19.334695],[-99.234601,19.334716],[-99.234576,19.334715],[-99.233785,19.334407],[-99.232998,19.334135],[-99.232504,19.334247],[-99.232211,19.333922],[-99.231875,19.333675],[-99.231544,19.333577],[-99.231488,19.333472],[-99.23144,19.33328],[-99.231522,19.332968],[-99.231336,19.332323],[-99.231134,19.332325],[-99.230958,19.331968],[-99.230933,19.331635],[-99.231133,19.331611],[-99.231201,19.331635],[-99.230739,19.331333],[-99.230294,19.331042],[-99.22929,19.330515],[-99.22919,19.330577],[-99.229115,19.330624],[-99.228875,19.330781],[-99.227157,19.331604],[-99.22667,19.331604],[-99.226271,19.331563],[-99.224205,19.332358],[-99.224115,19.332497],[-99.224216,19.332749],[-99.223343,19.333093],[-99.223212,19.333155],[-99.222403,19.333537],[-99.22189,19.333703],[-99.221327,19.333822],[-99.22003,19.33394],[-99.219138,19.333979],[-99.218563,19.334391],[-99.217829,19.334612],[-99.217544,19.334647],[-99.217558,19.334726],[-99.217795,19.33568],[-99.217582,19.335845],[-99.216493,19.336701],[-99.216269,19.336873],[-99.216007,19.337072],[-99.215573,19.337369],[-99.215046,19.337653],[-99.214662,19.337815],[-99.214407,19.337863],[-99.214277,19.337869],[-99.213483,19.337908],[-99.212314,19.337927],[-99.211868,19.337983],[-99.211438,19.338096],[-99.210486,19.338583],[-99.210072,19.33879],[-99.209015,19.339346],[-99.208111,19.339928],[-99.206641,19.341036],[-99.206499,19.341144]]]}},{"type":"Feature","properties":{"cp":"01789"},"geometry":{"type":"Polygon","coordinates":[[[-99.213483,19.337908],[-99.214277,19.337869],[-99.214407,19.337863],[-99.214662,19.337815],[-99.215046,19.337653],[-99.215573,19.337369],[-99.216007,19.337072],[-99.216269,19.336873],[-99.216493,19.336701],[-99.217582,19.335845],[-99.217795,19.33568],[-99.217558,19.334726],[-99.217544,19.334647],[-99.217505,19.334652],[-99.217138,19.334692],[-99.217014,19.334813],[-99.216838,19.335087],[-99.216586,19.335227],[-99.216016,19.335272],[-99.215885,19.335322],[-99.215734,19.335397],[-99.21556,19.335522],[-99.215418,19.335675],[-99.215311,19.33611],[-99.215128,19.336252],[-99.214864,19.336388],[-99.214772,19.336408],[-99.214647,19.336372],[-99.214146,19.336453],[-99.21377,19.33659],[-99.213568,19.336555],[-99.213391,19.336524],[-99.213387,19.336532],[-99.213388,19.336579],[-99.213483,19.337908]]]}},{"type":"Feature","properties":{"cp":"01790"},"geometry":{"type":"MultiPolygon","coordinates":[[[[-99.21865,19.342771],[-99.218595,19.342301],[-99.21845,19.341557],[-99.218522,19.341535],[-99.218516,19.341511],[-99.218743,19.341443],[-99.218679,19.341326],[-99.214415,19.342561],[-99.214202,19.342589],[-99.212667,19.342786],[-99.211852,19.342949],[-99.211844,19.342943],[-99.211712,19.343135],[-99.211519,19.343132],[-99.211331,19.34319],[-99.211224,19.343262],[-99.211306,19.343754],[-99.210971,19.343874],[-99.21095,19.343885],[-99.21091,19.343904],[-99.210814,19.343992],[-99.210791,19.344035],[-99.21072,19.344168],[-99.210717,19.344199],[-99.210703,19.344356],[-99.210793,19.344829],[-99.210967,19.34515],[-99.211137,19.345353],[-99.211266,19.345495],[-99.21139,19.345627],[-99.211418,19.345737],[-99.211456,19.345709],[-99.211747,19.345584],[-99.212013,19.345437],[-99.212193,19.34547],[-99.21252,19.345472],[-99.212667,19.345446],[-99.213082,19.345252],[-99.213531,19.344961],[-99.21374,19.344781],[-99.213895,19.344629],[-99.214076,19.344394],[-99.214171,19.344333],[-99.21469,19.344459],[-99.215063,19.344588],[-99.215194,19.344689],[-99.215327,19.344057],[-99.216015,19.344035],[-99.216843,19.344017],[-99.216941,19.344016],[-99.216909,19.343565],[-99.21681,19.343097],[-99.217137,19.343034],[-99.217382,19.342986],[-99.218174,19.342833],[-99.21865,19.342771]]],[[[-99.202371,19.345167],[-99.202292,19.345554],[-99.202012,19.347076],[-99.20198,19.34719],[-99.202238,19.347126],[-99.202683,19.347064],[-99.203184,19.347111],[-99.203454,19.347158],[-99.203913,19.347257],[-99.204224,19.347247],[-99.204387,19.347209],[-99.205322,19.346793],[-99.205569,19.34675],[-99.205954,19.346769],[-99.207007,19.346882],[-99.207186,19.346861],[-99.207252,19.34686],[-99.207423,19.346822],[-99.207664,19.346771],[-99.208056,19.346584],[-99.208222,19.34648],[-99.208319,19.346222],[-99.208279,19.345944],[-99.208281,19.345941],[-99.208612,19.345481],[-99.208807,19.345231],[-99.208947,19.345135],[-99.209131,19.345051],[-99.209324,19.344993],[-99.209533,19.344983],[-99.209699,19.344456],[-99.209759,19.344122],[-99.209902,19.343882],[-99.210101,19.343522],[-99.210191,19.343379],[-99.210309,19.343247],[-99.210345,19.343219],[-99.210252,19.343036],[-99.210006,19.34301],[-99.209166,19.342928],[-99.209106,19.342857],[-99.209194,19.342479],[-99.20958,19.340892],[-99.20883,19.340944],[-99.208212,19.341002],[-99.207559,19.341047],[-99.206801,19.341146],[-99.206499,19.341144],[-99.205439,19.341013],[-99.205257,19.341128],[-99.205143,19.341208],[-99.205075,19.341301],[-99.204976,19.341506],[-99.204354,19.341467],[-99.202961,19.341389],[-99.202608,19.341373],[-99.202452,19.343107],[-99.202443,19.344036],[-99.20242,19.344404],[-99.202371,19.345167]]]]}},{"type":"Feature","properties":{"cp":"02000"},"geometry":{"type":"Polygon","coordinates":[[[-99.189311,19.485087],[-99.189174,19.484905],[-99.188951,19.484517],[-99.188785,19.484153],[-99.188604,19.483681],[-99.188514,19.483296],[-99.18843,19.482872],[-99.188429,19.482836],[-99.188424,19.482689],[-99.18841,19.482292],[-99.188443,19.481862],[-99.188484,19.481337],[-99.188487,19.48125],[-99.188494,19.481072],[-99.188588,19.480077],[-99.188687,19.478994],[-99.188736,19.478423],[-99.188806,19.477602],[-99.18831,19.477364],[-99.188297,19.477299],[-99.188278,19.47723],[-99.187883,19.477145],[-99.187482,19.477053],[-99.18715,19.476995],[-99.187163,19.477297],[-99.185805,19.47747],[-99.185563,19.477489],[-99.185411,19.477489],[-99.185365,19.477484],[-99.184925,19.477412],[-99.184721,19.477367],[-99.184576,19.477307],[-99.18452,19.477249],[-99.184425,19.477144],[-99.184304,19.47701],[-99.184232,19.476928],[-99.18404,19.476835],[-99.183951,19.476809],[-99.184116,19.477032],[-99.184556,19.477705],[-99.184284,19.478637],[-99.184154,19.479155],[-99.183992,19.479749],[-99.18385,19.48028],[-99.183684,19.48089],[-99.183681,19.48092],[-99.183547,19.481388],[-99.183533,19.481437],[-99.183525,19.481462],[-99.183413,19.48182],[-99.183403,19.481851],[-99.1834,19.481937],[-99.183399,19.481953],[-99.183109,19.482994],[-99.183106,19.483004],[-99.182817,19.484079],[-99.183284,19.484166],[-99.183976,19.484275],[-99.184726,19.484401],[-99.185665,19.484559],[-99.186505,19.484543],[-99.186582,19.48452],[-99.188857,19.485001],[-99.18915,19.485057],[-99.189172,19.485061],[-99.189301,19.485086],[-99.189311,19.485087]]]}},{"type":"Feature","properties":{"cp":"02040"},"geometry":{"type":"Polygon","coordinates":[[[-99.182817,19.484079],[-99.183106,19.483004],[-99.183109,19.482994],[-99.183399,19.481953],[-99.1834,19.481937],[-99.183403,19.481851],[-99.182828,19.481606],[-99.182398,19.481381],[-99.182248,19.481297],[-99.181928,19.481217],[-99.181469,19.481131],[-99.18142,19.481123],[-99.180949,19.481015],[-99.180918,19.481006],[-99.180821,19.48098],[-99.180375,19.480819],[-99.179966,19.480692],[-99.179549,19.480562],[-99.179119,19.480427],[-99.179325,19.479652],[-99.17882,19.479559],[-99.177415,19.479305],[-99.176423,19.479116],[-99.174936,19.478856],[-99.174918,19.478853],[-99.174936,19.478728],[-99.174903,19.478724],[-99.174835,19.478714],[-99.173851,19.47854],[-99.173541,19.479735],[-99.17353,19.479732],[-99.173417,19.479707],[-99.173191,19.480909],[-99.174467,19.481129],[-99.174669,19.48114],[-99.175467,19.481314],[-99.17851,19.481962],[-99.18056,19.4824],[-99.181308,19.482558],[-99.181402,19.482564],[-99.180996,19.483666],[-99.181603,19.48379],[-99.182089,19.483899],[-99.182817,19.484079]]]}},{"type":"Feature","properties":{"cp":"02050"},"geometry":{"type":"Polygon","coordinates":[[[-99.183403,19.481851],[-99.183413,19.48182],[-99.183525,19.481462],[-99.183533,19.481437],[-99.183547,19.481388],[-99.183681,19.48092],[-99.183684,19.48089],[-99.18385,19.48028],[-99.183992,19.479749],[-99.184154,19.479155],[-99.184284,19.478637],[-99.184556,19.477705],[-99.184116,19.477032],[-99.183951,19.476809],[-99.183639,19.476405],[-99.183381,19.476078],[-99.18336,19.476049],[-99.183128,19.47579],[-99.182912,19.47555],[-99.182764,19.475383],[-99.182582,19.475178],[-99.18245,19.475029],[-99.182352,19.474923],[-99.181996,19.474517],[-99.181944,19.474458],[-99.181903,19.474411],[-99.181797,19.474283],[-99.181746,19.474221],[-99.181497,19.473921],[-99.181149,19.473517],[-99.180457,19.47527],[-99.180406,19.475249],[-99.180146,19.476177],[-99.179779,19.47783],[-99.179286,19.477705],[-99.179146,19.477677],[-99.178785,19.477592],[-99.178566,19.477546],[-99.178309,19.47749],[-99.177944,19.477414],[-99.177821,19.477384],[-99.17731,19.477273],[-99.17678,19.477146],[-99.176254,19.477027],[-99.175818,19.476931],[-99.175748,19.476924],[-99.175161,19.476798],[-99.175138,19.476793],[-99.175055,19.477524],[-99.174988,19.478164],[-99.174936,19.478728],[-99.174918,19.478853],[-99.174936,19.478856],[-99.176423,19.479116],[-99.177415,19.479305],[-99.17882,19.479559],[-99.179325,19.479652],[-99.179119,19.480427],[-99.179549,19.480562],[-99.179966,19.480692],[-99.180375,19.480819],[-99.180821,19.48098],[-99.180918,19.481006],[-99.180949,19.481015],[-99.18142,19.481123],[-99.181469,19.481131],[-99.181928,19.481217],[-99.182248,19.481297],[-99.182398,19.481381],[-99.182828,19.481606],[-99.183403,19.481851]]]}},{"type":"Feature","properties":{"cp":"02060"},"geometry":{"type":"Polygon","coordinates":[[[-99.175138,19.476793],[-99.175161,19.476798],[-99.175748,19.476924],[-99.175818,19.476931],[-99.176254,19.477027],[-99.17678,19.477146],[-99.17731,19.477273],[-99.177821,19.477384],[-99.177944,19.477414],[-99.178309,19.47749],[-99.178566,19.477546],[-99.178785,19.477592],[-99.179146,19.477677],[-99.179286,19.477705],[-99.179779,19.47783],[-99.180146,19.476177],[-99.180406,19.475249],[-99.180457,19.47527],[-99.181149,19.473517],[-99.180839,19.473138],[-99.180532,19.472787],[-99.18016,19.47235],[-99.179741,19.471882],[-99.179453,19.471541],[-99.179031,19.471053],[-99.178645,19.470604],[-99.178078,19.470715],[-99.177625,19.470795],[-99.177136,19.470876],[-99.176935,19.470911],[-99.176827,19.47093],[-99.176489,19.47099],[-99.17596,19.471076],[-99.175792,19.471104],[-99.175765,19.471108],[-99.175755,19.471196],[-99.175745,19.471287],[-99.175585,19.472729],[-99.175329,19.475069],[-99.175323,19.475127],[-99.175315,19.475197],[-99.175138,19.476793]]]}},{"type":"Feature","properties":{"cp":"02070"},"geometry":{"type":"Polygon","coordinates":[[[-99.181149,19.473517],[-99.181497,19.473921],[-99.181746,19.474221],[-99.181797,19.474283],[-99.181903,19.474411],[-99.181944,19.474458],[-99.181996,19.474517],[-99.182352,19.474923],[-99.18245,19.475029],[-99.182582,19.475178],[-99.182764,19.475383],[-99.182912,19.47555],[-99.183128,19.47579],[-99.18336,19.476049],[-99.183381,19.476078],[-99.183639,19.476405],[-99.183951,19.476809],[-99.18404,19.476835],[-99.184232,19.476928],[-99.184304,19.47701],[-99.184425,19.477144],[-99.18452,19.477249],[-99.184576,19.477307],[-99.184721,19.477367],[-99.184925,19.477412],[-99.185365,19.477484],[-99.185411,19.477489],[-99.185563,19.477489],[-99.185805,19.47747],[-99.187163,19.477297],[-99.18715,19.476995],[-99.187482,19.477053],[-99.187883,19.477145],[-99.188278,19.47723],[-99.188297,19.477299],[-99.18831,19.477364],[-99.188806,19.477602],[-99.18915,19.47777],[-99.189528,19.477957],[-99.18997,19.478171],[-99.190078,19.478276],[-99.190107,19.477441],[-99.190169,19.476557],[-99.190179,19.475979],[-99.190268,19.474642],[-99.190363,19.472978],[-99.190446,19.471405],[-99.18952,19.471292],[-99.189504,19.47129],[-99.189398,19.471278],[-99.189382,19.471276],[-99.189277,19.471262],[-99.189261,19.47126],[-99.188452,19.471155],[-99.187322,19.471026],[-99.187367,19.470976],[-99.187389,19.470676],[-99.187415,19.470231],[-99.187464,19.469554],[-99.187404,19.469548],[-99.186342,19.469441],[-99.185543,19.469351],[-99.185018,19.469292],[-99.184067,19.469201],[-99.183963,19.469324],[-99.182846,19.469584],[-99.181792,19.469843],[-99.18135,19.46996],[-99.180927,19.470066],[-99.180502,19.470159],[-99.179987,19.470288],[-99.179341,19.470442],[-99.178645,19.470604],[-99.179031,19.471053],[-99.179453,19.471541],[-99.179741,19.471882],[-99.18016,19.47235],[-99.180532,19.472787],[-99.180839,19.473138],[-99.181149,19.473517]]]}},{"type":"Feature","properties":{"cp":"02080"},"geometry":{"type":"Polygon","coordinates":[[[-99.178457,19.459565],[-99.177917,19.460385],[-99.177843,19.460637],[-99.177722,19.462037],[-99.177604,19.463302],[-99.177598,19.463365],[-99.177464,19.464822],[-99.177458,19.464883],[-99.177312,19.466286],[-99.177282,19.466488],[-99.177203,19.466738],[-99.177188,19.466783],[-99.177152,19.466843],[-99.17657,19.467816],[-99.176315,19.46805],[-99.176157,19.468194],[-99.176157,19.468194],[-99.176094,19.468622],[-99.17609,19.468645],[-99.175795,19.470882],[-99.175783,19.470969],[-99.175765,19.471108],[-99.175792,19.471104],[-99.17596,19.471076],[-99.176489,19.47099],[-99.176827,19.47093],[-99.176935,19.470911],[-99.177136,19.470876],[-99.177625,19.470795],[-99.178078,19.470715],[-99.178645,19.470604],[-99.179341,19.470442],[-99.179987,19.470288],[-99.180502,19.470159],[-99.180927,19.470066],[-99.18135,19.46996],[-99.181792,19.469843],[-99.182846,19.469584],[-99.183963,19.469324],[-99.184067,19.469201],[-99.185018,19.469292],[-99.185543,19.469351],[-99.186342,19.469441],[-99.187404,19.469548],[-99.187464,19.469554],[-99.187514,19.469423],[-99.187538,19.469165],[-99.187539,19.469153],[-99.187561,19.4687],[-99.187647,19.467661],[-99.187824,19.465647],[-99.188,19.463815],[-99.188026,19.463659],[-99.186786,19.463071],[-99.186614,19.463099],[-99.186406,19.463548],[-99.186257,19.46398],[-99.185667,19.463953],[-99.185174,19.463916],[-99.184542,19.463877],[-99.183917,19.46383],[-99.183412,19.463801],[-99.183314,19.463739],[-99.182922,19.463489],[-99.182356,19.463152],[-99.182065,19.462969],[-99.181655,19.462726],[-99.181234,19.462466],[-99.180382,19.461946],[-99.179783,19.461565],[-99.17964,19.461423],[-99.179265,19.460826],[-99.179032,19.460447],[-99.178457,19.459565]]]}},{"type":"Feature","properties":{"cp":"02090"},"geometry":{"type":"Polygon","coordinates":[[[-99.178457,19.459565],[-99.179032,19.460447],[-99.179265,19.460826],[-99.17964,19.461423],[-99.179783,19.461565],[-99.180382,19.461946],[-99.181234,19.462466],[-99.181655,19.462726],[-99.182065,19.462969],[-99.182356,19.463152],[-99.182922,19.463489],[-99.183314,19.463739],[-99.183412,19.463801],[-99.183917,19.46383],[-99.184542,19.463877],[-99.185174,19.463916],[-99.185667,19.463953],[-99.186257,19.46398],[-99.186406,19.463548],[-99.186614,19.463099],[-99.186786,19.463071],[-99.188026,19.463659],[-99.18852,19.46079],[-99.187284,19.460478],[-99.185388,19.460014],[-99.185273,19.46002],[-99.184098,19.459839],[-99.183115,19.459647],[-99.182012,19.459475],[-99.181082,19.459301],[-99.179916,19.459126],[-99.178783,19.458929],[-99.178609,19.45925],[-99.178457,19.459565]]]}},{"type":"Feature","properties":{"cp":"02099"},"geometry":{"type":"Polygon","coordinates":[[[-99.188,19.463815],[-99.187824,19.465647],[-99.187647,19.467661],[-99.187561,19.4687],[-99.187539,19.469153],[-99.187538,19.469165],[-99.187514,19.469423],[-99.187464,19.469554],[-99.187415,19.470231],[-99.187389,19.470676],[-99.187367,19.470976],[-99.187322,19.471026],[-99.188452,19.471155],[-99.189261,19.47126],[-99.189277,19.471262],[-99.189382,19.471276],[-99.189398,19.471278],[-99.189504,19.47129],[-99.18952,19.471292],[-99.190446,19.471405],[-99.190444,19.470459],[-99.190579,19.467936],[-99.190661,19.465946],[-99.190671,19.46572],[-99.190731,19.464671],[-99.190014,19.46443],[-99.189142,19.464151],[-99.188,19.463815]]]}},{"type":"Feature","properties":{"cp":"02300"},"geometry":{"type":"Polygon","coordinates":[[[-99.156711,19.489382],[-99.155356,19.490301],[-99.155114,19.490465],[-99.155036,19.490509],[-99.152964,19.491881],[-99.153021,19.492035],[-99.153977,19.494641],[-99.154181,19.495199],[-99.155713,19.499353],[-99.156375,19.501152],[-99.156573,19.501663],[-99.156924,19.502644],[-99.157181,19.502849],[-99.159252,19.50351],[-99.159734,19.503664],[-99.160142,19.503794],[-99.160214,19.503817],[-99.160269,19.503834],[-99.160439,19.503889],[-99.160697,19.503971],[-99.161138,19.504112],[-99.161401,19.504196],[-99.161617,19.504265],[-99.161787,19.504319],[-99.162068,19.504409],[-99.162559,19.504565],[-99.162867,19.504663],[-99.162898,19.504673],[-99.16299,19.504703],[-99.163456,19.504852],[-99.163938,19.505005],[-99.164411,19.505169],[-99.164941,19.505352],[-99.165377,19.505503],[-99.165856,19.505669],[-99.166034,19.505731],[-99.166316,19.505829],[-99.167078,19.506092],[-99.167313,19.506191],[-99.167371,19.506215],[-99.168689,19.506766],[-99.1688,19.506822],[-99.169065,19.50695],[-99.169535,19.507193],[-99.169956,19.507406],[-99.170414,19.507637],[-99.170878,19.507805],[-99.171292,19.507954],[-99.171604,19.508067],[-99.172599,19.508427],[-99.173043,19.508587],[-99.173565,19.508257],[-99.173666,19.508192],[-99.173713,19.508162],[-99.174041,19.50795],[-99.174875,19.507597],[-99.175184,19.507531],[-99.175365,19.507493],[-99.175318,19.507374],[-99.174795,19.506049],[-99.174743,19.505918],[-99.174808,19.505895],[-99.174342,19.504632],[-99.174088,19.503944],[-99.175384,19.504303],[-99.17581,19.504419],[-99.17581,19.504419],[-99.176078,19.504488],[-99.175269,19.502381],[-99.175233,19.502288],[-99.175104,19.502179],[-99.174767,19.501906],[-99.174262,19.501646],[-99.173502,19.501347],[-99.172895,19.501227],[-99.172307,19.49969],[-99.172169,19.499332],[-99.172108,19.499171],[-99.172033,19.498984],[-99.170851,19.496033],[-99.170793,19.495888],[-99.170781,19.495846],[-99.170758,19.495759],[-99.170191,19.494304],[-99.169543,19.492679],[-99.169471,19.492499],[-99.168854,19.490888],[-99.167514,19.490443],[-99.166488,19.490079],[-99.165894,19.489896],[-99.165874,19.489889],[-99.165338,19.489694],[-99.164138,19.48926],[-99.163623,19.489029],[-99.162826,19.488597],[-99.162059,19.488169],[-99.16135,19.487753],[-99.161121,19.487606],[-99.161063,19.487515],[-99.161393,19.486165],[-99.161772,19.484707],[-99.164103,19.485222],[-99.164606,19.485343],[-99.166935,19.485909],[-99.166911,19.485797],[-99.165687,19.482688],[-99.165358,19.481854],[-99.16391,19.478227],[-99.163323,19.478399],[-99.157463,19.480468],[-99.157439,19.480592],[-99.157352,19.481056],[-99.157075,19.482092],[-99.156668,19.483589],[-99.156333,19.485059],[-99.155985,19.486522],[-99.160726,19.487522],[-99.161001,19.487767],[-99.160315,19.490463],[-99.159041,19.490208],[-99.158768,19.490024],[-99.158518,19.489874],[-99.156711,19.489382]]]}},{"type":"Feature","properties":{"cp":"02500"},"geometry":{"type":"Polygon","coordinates":[[[-99.172879,19.469338],[-99.172848,19.469347],[-99.171922,19.469638],[-99.171046,19.469922],[-99.170378,19.470135],[-99.170152,19.47021],[-99.16987,19.470303],[-99.169834,19.470314],[-99.169587,19.470393],[-99.169561,19.4704],[-99.169348,19.470463],[-99.169326,19.47047],[-99.168763,19.470645],[-99.168248,19.470806],[-99.168107,19.470847],[-99.167721,19.470962],[-99.167131,19.471149],[-99.166992,19.471192],[-99.166635,19.471304],[-99.166098,19.471467],[-99.165625,19.471618],[-99.163664,19.47227],[-99.163823,19.472681],[-99.163839,19.472723],[-99.164501,19.474438],[-99.166899,19.473714],[-99.166987,19.473256],[-99.167429,19.473371],[-99.167564,19.473407],[-99.167678,19.47343],[-99.167756,19.473417],[-99.167924,19.473398],[-99.168104,19.473398],[-99.168303,19.473421],[-99.168455,19.47346],[-99.168668,19.473514],[-99.168786,19.47355],[-99.169183,19.473635],[-99.169716,19.473746],[-99.170786,19.474007],[-99.172118,19.47431],[-99.172492,19.474395],[-99.172839,19.474488],[-99.173468,19.474645],[-99.173723,19.472524],[-99.173736,19.472439],[-99.173831,19.471425],[-99.173839,19.471337],[-99.173194,19.471423],[-99.173169,19.471256],[-99.173032,19.470358],[-99.172879,19.469338]]]}},{"type":"Feature","properties":{"cp":"02519"},"geometry":{"type":"Polygon","coordinates":[[[-99.173191,19.480909],[-99.172965,19.482074],[-99.172927,19.482307],[-99.172883,19.482534],[-99.172839,19.482698],[-99.172799,19.482942],[-99.172752,19.483192],[-99.172715,19.483399],[-99.172665,19.483665],[-99.17261,19.48395],[-99.172565,19.484179],[-99.172528,19.484396],[-99.172082,19.486717],[-99.171339,19.490539],[-99.171076,19.490476],[-99.171333,19.491128],[-99.172676,19.490998],[-99.173468,19.490704],[-99.174126,19.48571],[-99.174316,19.484233],[-99.174325,19.484162],[-99.174318,19.484082],[-99.174316,19.484058],[-99.1745,19.482422],[-99.174592,19.481742],[-99.174655,19.481247],[-99.174669,19.48114],[-99.174467,19.481129],[-99.173191,19.480909]]]}},{"type":"Feature","properties":{"cp":"02520"},"geometry":{"type":"Polygon","coordinates":[[[-99.173417,19.479707],[-99.173647,19.478489],[-99.173898,19.47722],[-99.174034,19.476477],[-99.174232,19.47543],[-99.174338,19.474899],[-99.174079,19.474835],[-99.173468,19.474645],[-99.172839,19.474488],[-99.172492,19.474395],[-99.172118,19.47431],[-99.170786,19.474007],[-99.169716,19.473746],[-99.169183,19.473635],[-99.168786,19.47355],[-99.168668,19.473514],[-99.168455,19.47346],[-99.168303,19.473421],[-99.168104,19.473398],[-99.167924,19.473398],[-99.167756,19.473417],[-99.167678,19.47343],[-99.167564,19.473407],[-99.167429,19.473371],[-99.166987,19.473256],[-99.166899,19.473714],[-99.164501,19.474438],[-99.164189,19.47454],[-99.164349,19.474958],[-99.164693,19.475829],[-99.165253,19.477238],[-99.165413,19.477681],[-99.16391,19.478227],[-99.165358,19.481854],[-99.165687,19.482688],[-99.166911,19.485797],[-99.166935,19.485909],[-99.167289,19.48684],[-99.167739,19.487971],[-99.168733,19.490481],[-99.168854,19.490888],[-99.169471,19.492499],[-99.169543,19.492679],[-99.170191,19.494304],[-99.170758,19.495759],[-99.170781,19.495846],[-99.170793,19.495888],[-99.170851,19.496033],[-99.172033,19.498984],[-99.172108,19.499171],[-99.172169,19.499332],[-99.172307,19.49969],[-99.172895,19.501227],[-99.173502,19.501347],[-99.174262,19.501646],[-99.174767,19.501906],[-99.175104,19.502179],[-99.175233,19.502288],[-99.175269,19.502381],[-99.176078,19.504488],[-99.17581,19.504419],[-99.176075,19.505109],[-99.176625,19.506502],[-99.176738,19.50642],[-99.17705,19.506195],[-99.177412,19.506291],[-99.176734,19.504657],[-99.175924,19.502591],[-99.17523,19.500704],[-99.173441,19.496153],[-99.17302,19.494853],[-99.172798,19.49489],[-99.171871,19.492684],[-99.171609,19.492023],[-99.171362,19.49128],[-99.171333,19.491128],[-99.171076,19.490476],[-99.171339,19.490539],[-99.172082,19.486717],[-99.172528,19.484396],[-99.172565,19.484179],[-99.17261,19.48395],[-99.172665,19.483665],[-99.172715,19.483399],[-99.172752,19.483192],[-99.172799,19.482942],[-99.172839,19.482698],[-99.172883,19.482534],[-99.172927,19.482307],[-99.172965,19.482074],[-99.173191,19.480909],[-99.173417,19.479707]]]}},{"type":"Feature","properties":{"cp":"02530"},"geometry":{"type":"Polygon","coordinates":[[[-99.174936,19.478728],[-99.174988,19.478164],[-99.175055,19.477524],[-99.175138,19.476793],[-99.175315,19.475197],[-99.175323,19.475127],[-99.175329,19.475069],[-99.175585,19.472729],[-99.175745,19.471287],[-99.175755,19.471196],[-99.175765,19.471108],[-99.175783,19.470969],[-99.175795,19.470882],[-99.17609,19.468645],[-99.176094,19.468622],[-99.176157,19.468194],[-99.175961,19.468381],[-99.175956,19.468386],[-99.173004,19.469299],[-99.172879,19.469338],[-99.173032,19.470358],[-99.173169,19.471256],[-99.173194,19.471423],[-99.173839,19.471337],[-99.173831,19.471425],[-99.173736,19.472439],[-99.173723,19.472524],[-99.173468,19.474645],[-99.174079,19.474835],[-99.174338,19.474899],[-99.174232,19.47543],[-99.174034,19.476477],[-99.173898,19.47722],[-99.173647,19.478489],[-99.173417,19.479707],[-99.17353,19.479732],[-99.173541,19.479735],[-99.173851,19.47854],[-99.174835,19.478714],[-99.174903,19.478724],[-99.174936,19.478728]]]}},{"type":"Feature","properties":{"cp":"02600"},"geometry":{"type":"Polygon","coordinates":[[[-99.157624,19.479567],[-99.157789,19.478936],[-99.157898,19.478455],[-99.15801,19.47796],[-99.158126,19.47749],[-99.158236,19.477021],[-99.158363,19.476522],[-99.158482,19.476021],[-99.158584,19.475556],[-99.158686,19.475142],[-99.158722,19.474998],[-99.158822,19.474626],[-99.158905,19.474155],[-99.159035,19.473649],[-99.158014,19.473609],[-99.157965,19.473607],[-99.157923,19.473606],[-99.156261,19.473547],[-99.156176,19.473544],[-99.156118,19.473538],[-99.154451,19.473372],[-99.15442,19.473369],[-99.154371,19.473364],[-99.152671,19.473209],[-99.151933,19.473151],[-99.151435,19.473107],[-99.150964,19.473062],[-99.150897,19.473056],[-99.150835,19.473062],[-99.150068,19.473142],[-99.149991,19.47315],[-99.14992,19.473157],[-99.149153,19.473237],[-99.14909,19.473244],[-99.149026,19.473244],[-99.148227,19.473266],[-99.147933,19.473257],[-99.147306,19.473203],[-99.146611,19.473143],[-99.146191,19.473114],[-99.146134,19.473114],[-99.145894,19.473114],[-99.145916,19.473178],[-99.146087,19.473675],[-99.146456,19.474699],[-99.14668,19.475291],[-99.147049,19.476263],[-99.147207,19.476301],[-99.147251,19.476311],[-99.148489,19.476606],[-99.150203,19.477162],[-99.151901,19.4777],[-99.153577,19.478278],[-99.155273,19.478829],[-99.156976,19.479353],[-99.157624,19.479567]]]}},{"type":"Feature","properties":{"cp":"02630"},"geometry":{"type":"Polygon","coordinates":[[[-99.155985,19.486522],[-99.156333,19.485059],[-99.156668,19.483589],[-99.157075,19.482092],[-99.157352,19.481056],[-99.157105,19.480974],[-99.156744,19.480853],[-99.155346,19.480384],[-99.155014,19.480289],[-99.153108,19.479661],[-99.151416,19.479105],[-99.151275,19.479513],[-99.149576,19.479014],[-99.148112,19.478554],[-99.148066,19.47854],[-99.147902,19.478488],[-99.14811,19.479011],[-99.148185,19.479172],[-99.148661,19.480453],[-99.148843,19.480908],[-99.149406,19.482452],[-99.14972,19.483238],[-99.150483,19.485272],[-99.155985,19.486522]]]}},{"type":"Feature","properties":{"cp":"02640"},"geometry":{"type":"Polygon","coordinates":[[[-99.155137,19.479795],[-99.155051,19.48025],[-99.155014,19.480289],[-99.155346,19.480384],[-99.156744,19.480853],[-99.157105,19.480974],[-99.157352,19.481056],[-99.157439,19.480592],[-99.157463,19.480468],[-99.157539,19.480072],[-99.157624,19.479567],[-99.156976,19.479353],[-99.155273,19.478829],[-99.155296,19.478888],[-99.155216,19.479315],[-99.155137,19.479795]]]}},{"type":"Feature","properties":{"cp":"02650"},"geometry":{"type":"Polygon","coordinates":[[[-99.155273,19.478829],[-99.153577,19.478278],[-99.151901,19.4777],[-99.150203,19.477162],[-99.148489,19.476606],[-99.147251,19.476311],[-99.147207,19.476301],[-99.147049,19.476263],[-99.147071,19.47632],[-99.147902,19.478488],[-99.148066,19.47854],[-99.148112,19.478554],[-99.149576,19.479014],[-99.151275,19.479513],[-99.151416,19.479105],[-99.153108,19.479661],[-99.155014,19.480289],[-99.155051,19.48025],[-99.155137,19.479795],[-99.155216,19.479315],[-99.155296,19.478888],[-99.155273,19.478829]]]}},{"type":"Feature","properties":{"cp":"02660"},"geometry":{"type":"Polygon","coordinates":[[[-99.157463,19.480468],[-99.163323,19.478399],[-99.16391,19.478227],[-99.165413,19.477681],[-99.165253,19.477238],[-99.164759,19.477085],[-99.164248,19.476908],[-99.163738,19.476737],[-99.163554,19.476674],[-99.163218,19.476562],[-99.162789,19.476417],[-99.162674,19.47638],[-99.162315,19.476247],[-99.161699,19.476042],[-99.161187,19.47587],[-99.161171,19.475863],[-99.160666,19.475673],[-99.160539,19.47563],[-99.160171,19.475502],[-99.159925,19.475425],[-99.159864,19.475405],[-99.159659,19.475329],[-99.159314,19.475209],[-99.158722,19.474998],[-99.158686,19.475142],[-99.158584,19.475556],[-99.158482,19.476021],[-99.158363,19.476522],[-99.158236,19.477021],[-99.158126,19.47749],[-99.15801,19.47796],[-99.157898,19.478455],[-99.157789,19.478936],[-99.157624,19.479567],[-99.157539,19.480072],[-99.157463,19.480468]]]}},{"type":"Feature","properties":{"cp":"02670"},"geometry":{"type":"Polygon","coordinates":[[[-99.163664,19.47227],[-99.163594,19.472296],[-99.16338,19.472365],[-99.163343,19.472377],[-99.162937,19.47251],[-99.162553,19.472628],[-99.162164,19.472751],[-99.161758,19.472881],[-99.161481,19.472971],[-99.161349,19.473015],[-99.161385,19.473154],[-99.161678,19.473883],[-99.162019,19.474714],[-99.162347,19.475581],[-99.162674,19.47638],[-99.162789,19.476417],[-99.163218,19.476562],[-99.163554,19.476674],[-99.163738,19.476737],[-99.164248,19.476908],[-99.164759,19.477085],[-99.165253,19.477238],[-99.164693,19.475829],[-99.164349,19.474958],[-99.164189,19.47454],[-99.164501,19.474438],[-99.163839,19.472723],[-99.163823,19.472681],[-99.163664,19.47227]]]}},{"type":"Feature","properties":{"cp":"02680"},"geometry":{"type":"Polygon","coordinates":[[[-99.159035,19.473649],[-99.158905,19.474155],[-99.158822,19.474626],[-99.158722,19.474998],[-99.159314,19.475209],[-99.159659,19.475329],[-99.159864,19.475405],[-99.159925,19.475425],[-99.160171,19.475502],[-99.160539,19.47563],[-99.160666,19.475673],[-99.161171,19.475863],[-99.161187,19.47587],[-99.161699,19.476042],[-99.162315,19.476247],[-99.162674,19.47638],[-99.162347,19.475581],[-99.162019,19.474714],[-99.161678,19.473883],[-99.161385,19.473154],[-99.161349,19.473015],[-99.159879,19.473475],[-99.159466,19.473605],[-99.159446,19.473608],[-99.159283,19.473635],[-99.159035,19.473649]]]}},{"type":"Feature","properties":{"cp":"02700"},"geometry":{"type":"Polygon","coordinates":[[[-99.200966,19.473753],[-99.200956,19.473846],[-99.200742,19.474457],[-99.200614,19.474831],[-99.200345,19.475646],[-99.200321,19.475721],[-99.200301,19.475781],[-99.199714,19.477661],[-99.199689,19.477739],[-99.200131,19.477845],[-99.200626,19.477982],[-99.201115,19.478115],[-99.201599,19.478241],[-99.201697,19.478271],[-99.202036,19.478364],[-99.202095,19.478382],[-99.202368,19.478457],[-99.202552,19.478517],[-99.202643,19.478548],[-99.20314,19.478675],[-99.203333,19.478723],[-99.203454,19.478752],[-99.203911,19.478871],[-99.20396,19.478883],[-99.204494,19.47903],[-99.204601,19.479067],[-99.204891,19.479163],[-99.205061,19.478614],[-99.205479,19.478721],[-99.205603,19.47826],[-99.205694,19.477924],[-99.205847,19.477311],[-99.20631,19.477417],[-99.206915,19.477069],[-99.207572,19.476709],[-99.208741,19.476064],[-99.208624,19.476035],[-99.207722,19.475859],[-99.205988,19.47522],[-99.206169,19.474524],[-99.206468,19.474617],[-99.207096,19.474811],[-99.207279,19.474257],[-99.207372,19.473928],[-99.207454,19.47364],[-99.207482,19.473573],[-99.207542,19.473344],[-99.207644,19.473039],[-99.207722,19.472718],[-99.208003,19.471533],[-99.207773,19.471471],[-99.206825,19.471215],[-99.206496,19.471356],[-99.205285,19.472024],[-99.204967,19.472192],[-99.20434,19.472403],[-99.203444,19.472692],[-99.202327,19.473015],[-99.201447,19.473237],[-99.201015,19.47336],[-99.200997,19.473509],[-99.200966,19.473753]]]}},{"type":"Feature","properties":{"cp":"02719"},"geometry":{"type":"Polygon","coordinates":[[[-99.218157,19.484597],[-99.218338,19.484081],[-99.218416,19.483863],[-99.218519,19.483566],[-99.218607,19.483315],[-99.218829,19.482686],[-99.219138,19.481808],[-99.219456,19.480902],[-99.219663,19.480314],[-99.219772,19.479975],[-99.220048,19.47912],[-99.220337,19.478223],[-99.220359,19.478155],[-99.2205,19.477718],[-99.22071,19.476812],[-99.22092,19.475908],[-99.221115,19.475068],[-99.220558,19.474918],[-99.220158,19.474811],[-99.21951,19.474636],[-99.218847,19.474457],[-99.21817,19.474274],[-99.217504,19.474095],[-99.216877,19.473926],[-99.216173,19.473736],[-99.215863,19.473652],[-99.21554,19.473565],[-99.215168,19.473465],[-99.214878,19.473387],[-99.214485,19.473281],[-99.214226,19.473211],[-99.214216,19.473208],[-99.213954,19.474092],[-99.213715,19.474952],[-99.213303,19.476378],[-99.213953,19.476539],[-99.213714,19.477404],[-99.213443,19.478297],[-99.213177,19.479163],[-99.212987,19.479771],[-99.212863,19.480131],[-99.212692,19.480773],[-99.213353,19.480912],[-99.213633,19.480996],[-99.21337,19.481888],[-99.21318,19.482613],[-99.212966,19.48335],[-99.213324,19.483395],[-99.213352,19.483317],[-99.214021,19.483484],[-99.214682,19.483671],[-99.215341,19.48384],[-99.216013,19.484025],[-99.216665,19.484206],[-99.217333,19.484373],[-99.218157,19.484597]]]}},{"type":"Feature","properties":{"cp":"02720"},"geometry":{"type":"Polygon","coordinates":[[[-99.20954,19.482445],[-99.209661,19.482015],[-99.210198,19.480199],[-99.21013,19.480141],[-99.209717,19.480022],[-99.209273,19.479894],[-99.208856,19.47978],[-99.208392,19.479622],[-99.208557,19.479103],[-99.208873,19.47808],[-99.208384,19.477955],[-99.208218,19.477917],[-99.207917,19.47783],[-99.207475,19.477717],[-99.206943,19.47758],[-99.206411,19.47744],[-99.20631,19.477417],[-99.205847,19.477311],[-99.205694,19.477924],[-99.205603,19.47826],[-99.205479,19.478721],[-99.205061,19.478614],[-99.204891,19.479163],[-99.204601,19.479067],[-99.204494,19.47903],[-99.20396,19.478883],[-99.203911,19.478871],[-99.203454,19.478752],[-99.203333,19.478723],[-99.20314,19.478675],[-99.202643,19.478548],[-99.202552,19.478517],[-99.202368,19.478457],[-99.202095,19.478382],[-99.202036,19.478364],[-99.201697,19.478271],[-99.201599,19.478241],[-99.201115,19.478115],[-99.200626,19.477982],[-99.200131,19.477845],[-99.199689,19.477739],[-99.199643,19.477844],[-99.199069,19.479126],[-99.198829,19.47965],[-99.198684,19.479977],[-99.198651,19.480049],[-99.198625,19.480107],[-99.197643,19.482318],[-99.198269,19.48249],[-99.198762,19.482638],[-99.199259,19.482717],[-99.199507,19.482762],[-99.199741,19.482819],[-99.20023,19.482943],[-99.200453,19.483005],[-99.200732,19.483084],[-99.201318,19.483229],[-99.202068,19.48342],[-99.203346,19.483741],[-99.203547,19.483142],[-99.203647,19.482635],[-99.20366,19.482256],[-99.204348,19.482408],[-99.204443,19.482112],[-99.204986,19.482257],[-99.205192,19.481569],[-99.20566,19.481694],[-99.206207,19.481844],[-99.206183,19.481956],[-99.206625,19.48208],[-99.207098,19.482238],[-99.207579,19.48237],[-99.208039,19.482494],[-99.208481,19.482608],[-99.208921,19.482737],[-99.209412,19.482885],[-99.209502,19.48259],[-99.20954,19.482445]]]}},{"type":"Feature","properties":{"cp":"02730"},"geometry":{"type":"Polygon","coordinates":[[[-99.188484,19.481337],[-99.188575,19.481358],[-99.18859,19.481362],[-99.188702,19.481388],[-99.189152,19.4815],[-99.189379,19.481551],[-99.189642,19.481645],[-99.189839,19.481755],[-99.189945,19.481792],[-99.191386,19.482513],[-99.191432,19.482521],[-99.192754,19.483158],[-99.192775,19.483124],[-99.193258,19.48137],[-99.193479,19.481389],[-99.193499,19.48138],[-99.193963,19.480264],[-99.194144,19.479789],[-99.194439,19.478829],[-99.194494,19.478767],[-99.192891,19.478269],[-99.19224,19.478067],[-99.191481,19.47807],[-99.191198,19.478068],[-99.190921,19.478069],[-99.190654,19.478093],[-99.190211,19.478228],[-99.190078,19.478276],[-99.18997,19.478171],[-99.189528,19.477957],[-99.18915,19.47777],[-99.188806,19.477602],[-99.188736,19.478423],[-99.188687,19.478994],[-99.188588,19.480077],[-99.188494,19.481072],[-99.188487,19.48125],[-99.188484,19.481337]]]}},{"type":"Feature","properties":{"cp":"02750"},"geometry":{"type":"Polygon","coordinates":[[[-99.212966,19.48335],[-99.21318,19.482613],[-99.21337,19.481888],[-99.213633,19.480996],[-99.213353,19.480912],[-99.212692,19.480773],[-99.212863,19.480131],[-99.212987,19.479771],[-99.213177,19.479163],[-99.213443,19.478297],[-99.213714,19.477404],[-99.213953,19.476539],[-99.213303,19.476378],[-99.213715,19.474952],[-99.213954,19.474092],[-99.214216,19.473208],[-99.213879,19.473118],[-99.213561,19.473032],[-99.213293,19.472959],[-99.212628,19.47278],[-99.212045,19.472623],[-99.211413,19.472452],[-99.210815,19.472291],[-99.210803,19.472288],[-99.210784,19.472283],[-99.210331,19.472161],[-99.210033,19.47208],[-99.209635,19.471973],[-99.209236,19.471865],[-99.208955,19.471789],[-99.208369,19.471632],[-99.208349,19.471626],[-99.208003,19.471533],[-99.207722,19.472718],[-99.207644,19.473039],[-99.207542,19.473344],[-99.207482,19.473573],[-99.207454,19.47364],[-99.207372,19.473928],[-99.207279,19.474257],[-99.207096,19.474811],[-99.206468,19.474617],[-99.206169,19.474524],[-99.205988,19.47522],[-99.207722,19.475859],[-99.208624,19.476035],[-99.208741,19.476064],[-99.207572,19.476709],[-99.206915,19.477069],[-99.20631,19.477417],[-99.206411,19.47744],[-99.206943,19.47758],[-99.207475,19.477717],[-99.207917,19.47783],[-99.208218,19.477917],[-99.208384,19.477955],[-99.208873,19.47808],[-99.208557,19.479103],[-99.208392,19.479622],[-99.208856,19.47978],[-99.209273,19.479894],[-99.209717,19.480022],[-99.21013,19.480141],[-99.210198,19.480199],[-99.209661,19.482015],[-99.20954,19.482445],[-99.210706,19.482758],[-99.212966,19.48335]]]}},{"type":"Feature","properties":{"cp":"02760"},"geometry":{"type":"Polygon","coordinates":[[[-99.197643,19.482318],[-99.198625,19.480107],[-99.198651,19.480049],[-99.198684,19.479977],[-99.198829,19.47965],[-99.199069,19.479126],[-99.199643,19.477844],[-99.199689,19.477739],[-99.199714,19.477661],[-99.200301,19.475781],[-99.200321,19.475721],[-99.200345,19.475646],[-99.200614,19.474831],[-99.200742,19.474457],[-99.200956,19.473846],[-99.200966,19.473753],[-99.20084,19.473796],[-99.200154,19.474031],[-99.199855,19.474144],[-99.199557,19.474254],[-99.199473,19.474299],[-99.199008,19.474472],[-99.198947,19.474495],[-99.198555,19.474657],[-99.198107,19.474849],[-99.197779,19.475008],[-99.197095,19.475372],[-99.196387,19.475714],[-99.19595,19.475952],[-99.195447,19.476234],[-99.195162,19.476393],[-99.19314,19.477565],[-99.192452,19.477978],[-99.19224,19.478067],[-99.192891,19.478269],[-99.194494,19.478767],[-99.194439,19.478829],[-99.194144,19.479789],[-99.193963,19.480264],[-99.193499,19.48138],[-99.193777,19.481392],[-99.19445,19.481459],[-99.194807,19.481496],[-99.19517,19.481559],[-99.19614,19.481833],[-99.197643,19.482318]]]}},{"type":"Feature","properties":{"cp":"02770"},"geometry":{"type":"Polygon","coordinates":[[[-99.193112,19.4724],[-99.193029,19.472682],[-99.193079,19.472691],[-99.192744,19.473894],[-99.193628,19.474206],[-99.193676,19.474221],[-99.1935,19.47468],[-99.19337,19.475043],[-99.193241,19.475375],[-99.193213,19.475413],[-99.192963,19.476121],[-99.192614,19.47707],[-99.192324,19.477866],[-99.19224,19.478067],[-99.192452,19.477978],[-99.19314,19.477565],[-99.195162,19.476393],[-99.195447,19.476234],[-99.19595,19.475952],[-99.196387,19.475714],[-99.197095,19.475372],[-99.197779,19.475008],[-99.197592,19.474949],[-99.197293,19.474888],[-99.196978,19.47482],[-99.196559,19.474729],[-99.196115,19.474643],[-99.195613,19.474553],[-99.194947,19.474448],[-99.194899,19.474442],[-99.194024,19.474285],[-99.194056,19.474198],[-99.194088,19.474137],[-99.19419,19.473966],[-99.194402,19.473792],[-99.194517,19.473707],[-99.194558,19.473645],[-99.194578,19.473501],[-99.194055,19.473296],[-99.194256,19.472666],[-99.193112,19.4724]]]}},{"type":"Feature","properties":{"cp":"02780"},"geometry":{"type":"Polygon","coordinates":[[[-99.193363,19.471224],[-99.193232,19.471687],[-99.193276,19.47171],[-99.193218,19.471991],[-99.193197,19.472045],[-99.193112,19.4724],[-99.194256,19.472666],[-99.194055,19.473296],[-99.194578,19.473501],[-99.194558,19.473645],[-99.194517,19.473707],[-99.194402,19.473792],[-99.19419,19.473966],[-99.194088,19.474137],[-99.194056,19.474198],[-99.194024,19.474285],[-99.194899,19.474442],[-99.194947,19.474448],[-99.195613,19.474553],[-99.196115,19.474643],[-99.196559,19.474729],[-99.196978,19.47482],[-99.197293,19.474888],[-99.197592,19.474949],[-99.197779,19.475008],[-99.198107,19.474849],[-99.198555,19.474657],[-99.198947,19.474495],[-99.199008,19.474472],[-99.199473,19.474299],[-99.199557,19.474254],[-99.199855,19.474144],[-99.200154,19.474031],[-99.20084,19.473796],[-99.200966,19.473753],[-99.200997,19.473509],[-99.201015,19.47336],[-99.200676,19.473345],[-99.200094,19.473182],[-99.199765,19.473083],[-99.199089,19.472876],[-99.198369,19.472642],[-99.197951,19.472512],[-99.19746,19.472364],[-99.197083,19.472252],[-99.196658,19.472126],[-99.196133,19.471972],[-99.195625,19.471829],[-99.195147,19.471686],[-99.194616,19.471538],[-99.194134,19.471404],[-99.193363,19.471224]]]}},{"type":"Feature","properties":{"cp":"02790"},"geometry":{"type":"Polygon","coordinates":[[[-99.190446,19.471405],[-99.190363,19.472978],[-99.190268,19.474642],[-99.190179,19.475979],[-99.190169,19.476557],[-99.190107,19.477441],[-99.190078,19.478276],[-99.190211,19.478228],[-99.190654,19.478093],[-99.190921,19.478069],[-99.191198,19.478068],[-99.191481,19.47807],[-99.19224,19.478067],[-99.192324,19.477866],[-99.192614,19.47707],[-99.192963,19.476121],[-99.193213,19.475413],[-99.193241,19.475375],[-99.19337,19.475043],[-99.1935,19.47468],[-99.193676,19.474221],[-99.193628,19.474206],[-99.192744,19.473894],[-99.193079,19.472691],[-99.193029,19.472682],[-99.193112,19.4724],[-99.193197,19.472045],[-99.193218,19.471991],[-99.193276,19.47171],[-99.193232,19.471687],[-99.193363,19.471224],[-99.192696,19.471068],[-99.191411,19.470768],[-99.190956,19.47063],[-99.190444,19.470459],[-99.190446,19.471405]]]}},{"type":"Feature","properties":{"cp":"02800"},"geometry":{"type":"Polygon","coordinates":[[[-99.162763,19.464272],[-99.163044,19.464668],[-99.163359,19.465126],[-99.163457,19.465268],[-99.16368,19.465591],[-99.163861,19.46586],[-99.163941,19.465974],[-99.164224,19.466385],[-99.164294,19.466487],[-99.164493,19.466795],[-99.164754,19.467157],[-99.16506,19.467582],[-99.165107,19.467647],[-99.165279,19.467908],[-99.165305,19.467949],[-99.165581,19.468366],[-99.16575,19.468591],[-99.165874,19.468737],[-99.166266,19.469418],[-99.166098,19.471467],[-99.166635,19.471304],[-99.166992,19.471192],[-99.167131,19.471149],[-99.167721,19.470962],[-99.168107,19.470847],[-99.168248,19.470806],[-99.168763,19.470645],[-99.169326,19.47047],[-99.169348,19.470463],[-99.169561,19.4704],[-99.169587,19.470393],[-99.169834,19.470314],[-99.16987,19.470303],[-99.170152,19.47021],[-99.170378,19.470135],[-99.171046,19.469922],[-99.171922,19.469638],[-99.171782,19.4694],[-99.171768,19.469339],[-99.171806,19.469211],[-99.171854,19.469079],[-99.172083,19.468574],[-99.172112,19.468321],[-99.172762,19.468083],[-99.172844,19.467438],[-99.173055,19.465903],[-99.173125,19.4656],[-99.173225,19.465398],[-99.173267,19.465313],[-99.173032,19.465059],[-99.173012,19.465037],[-99.172987,19.464996],[-99.172619,19.46438],[-99.172531,19.464225],[-99.171735,19.462925],[-99.171527,19.462562],[-99.170885,19.461494],[-99.170489,19.46082],[-99.169614,19.459328],[-99.16953,19.459175],[-99.16914,19.458527],[-99.168778,19.457881],[-99.168747,19.457826],[-99.168742,19.457817],[-99.168694,19.457746],[-99.168673,19.457716],[-99.168324,19.457204],[-99.168306,19.457177],[-99.167445,19.457032],[-99.167116,19.457017],[-99.166709,19.457081],[-99.166486,19.457161],[-99.166267,19.457313],[-99.166183,19.457388],[-99.166,19.457577],[-99.165776,19.457974],[-99.165563,19.458499],[-99.165538,19.458617],[-99.165309,19.459229],[-99.165092,19.459718],[-99.164989,19.459959],[-99.164469,19.461195],[-99.164358,19.461446],[-99.163806,19.462782],[-99.16358,19.463161],[-99.163302,19.46344],[-99.162478,19.464116],[-99.162763,19.464272]]]}},{"type":"Feature","properties":{"cp":"02810"},"geometry":{"type":"Polygon","coordinates":[[[-99.159323,19.464946],[-99.160136,19.465969],[-99.160395,19.466275],[-99.160655,19.466569],[-99.161,19.467039],[-99.161559,19.467881],[-99.161976,19.468597],[-99.162276,19.469076],[-99.16247,19.46948],[-99.162682,19.469993],[-99.163133,19.471114],[-99.163421,19.471885],[-99.163481,19.472033],[-99.163594,19.472296],[-99.163664,19.47227],[-99.165625,19.471618],[-99.166098,19.471467],[-99.166266,19.469418],[-99.165874,19.468737],[-99.16575,19.468591],[-99.165581,19.468366],[-99.165305,19.467949],[-99.165279,19.467908],[-99.165107,19.467647],[-99.16506,19.467582],[-99.164754,19.467157],[-99.164493,19.466795],[-99.164294,19.466487],[-99.164224,19.466385],[-99.163941,19.465974],[-99.163861,19.46586],[-99.16368,19.465591],[-99.163457,19.465268],[-99.163359,19.465126],[-99.163044,19.464668],[-99.162763,19.464272],[-99.16265,19.464333],[-99.162433,19.464449],[-99.162216,19.46458],[-99.161749,19.464858],[-99.16148,19.464973],[-99.161263,19.465015],[-99.160901,19.465054],[-99.160169,19.465108],[-99.159722,19.465058],[-99.159323,19.464946]]]}},{"type":"Feature","properties":{"cp":"02830"},"geometry":{"type":"Polygon","coordinates":[[[-99.176157,19.468194],[-99.176068,19.468106],[-99.175812,19.467849],[-99.175775,19.46782],[-99.175569,19.467617],[-99.175297,19.46735],[-99.173267,19.465313],[-99.173225,19.465398],[-99.173125,19.4656],[-99.173055,19.465903],[-99.172844,19.467438],[-99.172762,19.468083],[-99.172112,19.468321],[-99.172083,19.468574],[-99.171854,19.469079],[-99.171806,19.469211],[-99.171768,19.469339],[-99.171782,19.4694],[-99.171922,19.469638],[-99.172848,19.469347],[-99.172879,19.469338],[-99.173004,19.469299],[-99.175956,19.468386],[-99.175961,19.468381],[-99.176157,19.468194]]]}},{"type":"Feature","properties":{"cp":"02840"},"geometry":{"type":"Polygon","coordinates":[[[-99.176157,19.468194],[-99.176157,19.468194],[-99.176315,19.46805],[-99.17657,19.467816],[-99.177152,19.466843],[-99.177188,19.466783],[-99.177203,19.466738],[-99.177282,19.466488],[-99.177312,19.466286],[-99.177458,19.464883],[-99.177464,19.464822],[-99.177598,19.463365],[-99.177604,19.463302],[-99.177722,19.462037],[-99.177025,19.461902],[-99.176971,19.461892],[-99.176935,19.461886],[-99.17638,19.461797],[-99.176325,19.461789],[-99.176265,19.461779],[-99.175766,19.461694],[-99.175242,19.461609],[-99.175191,19.461601],[-99.17513,19.46159],[-99.174657,19.461506],[-99.174114,19.461419],[-99.174024,19.461404],[-99.173979,19.461397],[-99.172995,19.461239],[-99.172408,19.46114],[-99.171928,19.461059],[-99.171568,19.461001],[-99.170489,19.46082],[-99.170885,19.461494],[-99.171527,19.462562],[-99.171735,19.462925],[-99.172531,19.464225],[-99.172619,19.46438],[-99.172987,19.464996],[-99.173012,19.465037],[-99.173032,19.465059],[-99.173267,19.465313],[-99.175297,19.46735],[-99.175569,19.467617],[-99.175775,19.46782],[-99.175812,19.467849],[-99.176068,19.468106],[-99.176157,19.468194]]]}},{"type":"Feature","properties":{"cp":"02860"},"geometry":{"type":"Polygon","coordinates":[[[-99.159323,19.464946],[-99.159722,19.465058],[-99.160169,19.465108],[-99.160901,19.465054],[-99.161263,19.465015],[-99.16148,19.464973],[-99.161749,19.464858],[-99.162216,19.46458],[-99.162433,19.464449],[-99.16265,19.464333],[-99.162763,19.464272],[-99.162478,19.464116],[-99.163302,19.46344],[-99.16358,19.463161],[-99.163806,19.462782],[-99.164358,19.461446],[-99.164469,19.461195],[-99.164989,19.459959],[-99.165092,19.459718],[-99.165309,19.459229],[-99.165538,19.458617],[-99.165563,19.458499],[-99.165776,19.457974],[-99.166,19.457577],[-99.166183,19.457388],[-99.166267,19.457313],[-99.166486,19.457161],[-99.166709,19.457081],[-99.167116,19.457017],[-99.167445,19.457032],[-99.165606,19.456737],[-99.16506,19.456659],[-99.164191,19.456511],[-99.163713,19.456435],[-99.163571,19.457064],[-99.163458,19.457554],[-99.163317,19.458163],[-99.163154,19.458883],[-99.163082,19.459063],[-99.162935,19.459341],[-99.162826,19.45949],[-99.162699,19.459637],[-99.162571,19.459772],[-99.162321,19.459972],[-99.1621,19.460135],[-99.161623,19.460493],[-99.161269,19.460768],[-99.161054,19.460969],[-99.160866,19.461189],[-99.160716,19.461406],[-99.160446,19.461873],[-99.160258,19.462212],[-99.160045,19.462601],[-99.15973,19.463068],[-99.159549,19.463324],[-99.159451,19.463427],[-99.159304,19.463553],[-99.159102,19.463698],[-99.158853,19.463839],[-99.158651,19.463925],[-99.159323,19.464946]]]}},{"type":"Feature","properties":{"cp":"02870"},"geometry":{"type":"Polygon","coordinates":[[[-99.178783,19.458929],[-99.178694,19.458909],[-99.177984,19.458756],[-99.177455,19.458661],[-99.176892,19.45857],[-99.175766,19.458387],[-99.174604,19.458199],[-99.173761,19.458063],[-99.171179,19.457643],[-99.168306,19.457177],[-99.168324,19.457204],[-99.168673,19.457716],[-99.168694,19.457746],[-99.168742,19.457817],[-99.168747,19.457826],[-99.168778,19.457881],[-99.16914,19.458527],[-99.16953,19.459175],[-99.169614,19.459328],[-99.170489,19.46082],[-99.171568,19.461001],[-99.171928,19.461059],[-99.172408,19.46114],[-99.172995,19.461239],[-99.173979,19.461397],[-99.174024,19.461404],[-99.174114,19.461419],[-99.174657,19.461506],[-99.17513,19.46159],[-99.175191,19.461601],[-99.175242,19.461609],[-99.175766,19.461694],[-99.176265,19.461779],[-99.176325,19.461789],[-99.17638,19.461797],[-99.176935,19.461886],[-99.176971,19.461892],[-99.177025,19.461902],[-99.177722,19.462037],[-99.177843,19.460637],[-99.177917,19.460385],[-99.178457,19.459565],[-99.178609,19.45925],[-99.178783,19.458929]]]}},{"type":"Feature","properties":{"cp":"02900"},"geometry":{"type":"Polygon","coordinates":[[[-99.152936,19.471675],[-99.15282,19.472323],[-99.152765,19.472651],[-99.152671,19.473209],[-99.154371,19.473364],[-99.15442,19.473369],[-99.154451,19.473372],[-99.156118,19.473538],[-99.156176,19.473544],[-99.156261,19.473547],[-99.157923,19.473606],[-99.157965,19.473607],[-99.158014,19.473609],[-99.159035,19.473649],[-99.159098,19.473292],[-99.159189,19.472625],[-99.158173,19.472451],[-99.156418,19.472191],[-99.155158,19.471997],[-99.154672,19.471922],[-99.153513,19.471744],[-99.152936,19.471675]]]}},{"type":"Feature","properties":{"cp":"02910"},"geometry":{"type":"Polygon","coordinates":[[[-99.148017,19.469513],[-99.148678,19.469604],[-99.148652,19.469717],[-99.148618,19.469824],[-99.148589,19.469971],[-99.148572,19.470325],[-99.148676,19.470338],[-99.148569,19.471019],[-99.149441,19.471155],[-99.149325,19.471824],[-99.148563,19.471691],[-99.148512,19.471952],[-99.148446,19.472409],[-99.148339,19.472422],[-99.148315,19.472528],[-99.148266,19.472859],[-99.148227,19.473266],[-99.149026,19.473244],[-99.14909,19.473244],[-99.149153,19.473237],[-99.14992,19.473157],[-99.149991,19.47315],[-99.150068,19.473142],[-99.150835,19.473062],[-99.150897,19.473056],[-99.150959,19.472728],[-99.151082,19.472058],[-99.151204,19.471381],[-99.151321,19.470733],[-99.151436,19.470011],[-99.151501,19.469537],[-99.15157,19.46907],[-99.151645,19.468589],[-99.151681,19.468428],[-99.151735,19.468187],[-99.150854,19.468081],[-99.149991,19.467969],[-99.149902,19.468485],[-99.149497,19.468767],[-99.148905,19.469188],[-99.148597,19.46931],[-99.148017,19.469513]]]}},{"type":"Feature","properties":{"cp":"02920"},"geometry":{"type":"Polygon","coordinates":[[[-99.161349,19.473015],[-99.161481,19.472971],[-99.161758,19.472881],[-99.162164,19.472751],[-99.162553,19.472628],[-99.162937,19.47251],[-99.163343,19.472377],[-99.16338,19.472365],[-99.163594,19.472296],[-99.163481,19.472033],[-99.163421,19.471885],[-99.163133,19.471114],[-99.162518,19.471454],[-99.162182,19.471653],[-99.161783,19.471947],[-99.160899,19.471793],[-99.160537,19.471722],[-99.159969,19.471609],[-99.159499,19.471497],[-99.159273,19.471429],[-99.159247,19.471953],[-99.159237,19.472061],[-99.159192,19.472594],[-99.159189,19.472625],[-99.159098,19.473292],[-99.159035,19.473649],[-99.159283,19.473635],[-99.159446,19.473608],[-99.159466,19.473605],[-99.159879,19.473475],[-99.161349,19.473015]]]}},{"type":"Feature","properties":{"cp":"02930"},"geometry":{"type":"Polygon","coordinates":[[[-99.152936,19.471675],[-99.15305,19.471015],[-99.153658,19.471084],[-99.153794,19.470345],[-99.153873,19.469894],[-99.153965,19.46942],[-99.153992,19.469215],[-99.15404,19.468958],[-99.154148,19.468353],[-99.152703,19.468226],[-99.152328,19.468197],[-99.152044,19.468199],[-99.151735,19.468187],[-99.151681,19.468428],[-99.151645,19.468589],[-99.15157,19.46907],[-99.151501,19.469537],[-99.151436,19.470011],[-99.151321,19.470733],[-99.151204,19.471381],[-99.151082,19.472058],[-99.150959,19.472728],[-99.150897,19.473056],[-99.150964,19.473062],[-99.151435,19.473107],[-99.151933,19.473151],[-99.152671,19.473209],[-99.152765,19.472651],[-99.15282,19.472323],[-99.152936,19.471675]]]}},{"type":"Feature","properties":{"cp":"02940"},"geometry":{"type":"Polygon","coordinates":[[[-99.144391,19.469234],[-99.144477,19.469456],[-99.144669,19.469973],[-99.144842,19.470398],[-99.144872,19.470476],[-99.145045,19.470964],[-99.145236,19.47144],[-99.145464,19.47201],[-99.145651,19.47248],[-99.145894,19.473114],[-99.146134,19.473114],[-99.146191,19.473114],[-99.146611,19.473143],[-99.147306,19.473203],[-99.147933,19.473257],[-99.148227,19.473266],[-99.148266,19.472859],[-99.148315,19.472528],[-99.148339,19.472422],[-99.148446,19.472409],[-99.148512,19.471952],[-99.148563,19.471691],[-99.149325,19.471824],[-99.149441,19.471155],[-99.148569,19.471019],[-99.148676,19.470338],[-99.148572,19.470325],[-99.148589,19.469971],[-99.148618,19.469824],[-99.148652,19.469717],[-99.148678,19.469604],[-99.148017,19.469513],[-99.14717,19.469386],[-99.146904,19.469347],[-99.146638,19.469306],[-99.145281,19.469101],[-99.144744,19.469108],[-99.144391,19.469234]]]}},{"type":"Feature","properties":{"cp":"02950"},"geometry":{"type":"Polygon","coordinates":[[[-99.159189,19.472625],[-99.159192,19.472594],[-99.159237,19.472061],[-99.159247,19.471953],[-99.159273,19.471429],[-99.159499,19.471497],[-99.159969,19.471609],[-99.160537,19.471722],[-99.160899,19.471793],[-99.161783,19.471947],[-99.162182,19.471653],[-99.162518,19.471454],[-99.163133,19.471114],[-99.162682,19.469993],[-99.16247,19.46948],[-99.162276,19.469076],[-99.161976,19.468597],[-99.161559,19.467881],[-99.161539,19.468176],[-99.161542,19.468488],[-99.161488,19.468672],[-99.161366,19.468858],[-99.161214,19.469007],[-99.161078,19.469083],[-99.160803,19.469175],[-99.160589,19.469195],[-99.160241,19.469185],[-99.159688,19.469131],[-99.159306,19.469089],[-99.159312,19.468892],[-99.1587,19.468819],[-99.158693,19.468818],[-99.158081,19.46874],[-99.157461,19.468673],[-99.156891,19.468601],[-99.156321,19.468534],[-99.155214,19.468457],[-99.154148,19.468353],[-99.15404,19.468958],[-99.153992,19.469215],[-99.153965,19.46942],[-99.153873,19.469894],[-99.153794,19.470345],[-99.153658,19.471084],[-99.15305,19.471015],[-99.152936,19.471675],[-99.153513,19.471744],[-99.154672,19.471922],[-99.155158,19.471997],[-99.156418,19.472191],[-99.158173,19.472451],[-99.159189,19.472625]]]}},{"type":"Feature","properties":{"cp":"02960"},"geometry":{"type":"Polygon","coordinates":[[[-99.144145,19.468582],[-99.144389,19.469227],[-99.144391,19.469234],[-99.144744,19.469108],[-99.145281,19.469101],[-99.146638,19.469306],[-99.146904,19.469347],[-99.14717,19.469386],[-99.148017,19.469513],[-99.148597,19.46931],[-99.148905,19.469188],[-99.149497,19.468767],[-99.149902,19.468485],[-99.149991,19.467969],[-99.149582,19.467937],[-99.149277,19.467905],[-99.149138,19.46789],[-99.148593,19.467817],[-99.148273,19.467779],[-99.147806,19.467726],[-99.147741,19.467719],[-99.14737,19.467677],[-99.147191,19.467656],[-99.146857,19.467618],[-99.146366,19.467567],[-99.145864,19.467513],[-99.145592,19.467482],[-99.143681,19.467289],[-99.144101,19.468477],[-99.144145,19.468582]]]}},{"type":"Feature","properties":{"cp":"02970"},"geometry":{"type":"Polygon","coordinates":[[[-99.158651,19.463925],[-99.158246,19.464038],[-99.15794,19.46408],[-99.157577,19.464082],[-99.157311,19.464055],[-99.15708,19.464015],[-99.156528,19.463904],[-99.156085,19.463791],[-99.155684,19.463697],[-99.154994,19.463567],[-99.154739,19.465193],[-99.15464,19.465692],[-99.154553,19.466151],[-99.154148,19.468353],[-99.155214,19.468457],[-99.156321,19.468534],[-99.156891,19.468601],[-99.157461,19.468673],[-99.158081,19.46874],[-99.158693,19.468818],[-99.1587,19.468819],[-99.159312,19.468892],[-99.159306,19.469089],[-99.159688,19.469131],[-99.160241,19.469185],[-99.160589,19.469195],[-99.160803,19.469175],[-99.161078,19.469083],[-99.161214,19.469007],[-99.161366,19.468858],[-99.161488,19.468672],[-99.161542,19.468488],[-99.161539,19.468176],[-99.161559,19.467881],[-99.161,19.467039],[-99.160655,19.466569],[-99.160395,19.466275],[-99.160136,19.465969],[-99.159323,19.464946],[-99.158651,19.463925]]]}},{"type":"Feature","properties":{"cp":"02980"},"geometry":{"type":"Polygon","coordinates":[[[-99.149991,19.467969],[-99.150854,19.468081],[-99.151735,19.468187],[-99.152044,19.468199],[-99.152328,19.468197],[-99.152703,19.468226],[-99.154148,19.468353],[-99.154553,19.466151],[-99.15464,19.465692],[-99.154739,19.465193],[-99.154994,19.463567],[-99.15455,19.463479],[-99.153611,19.463323],[-99.153466,19.463294],[-99.153223,19.463242],[-99.15288,19.463203],[-99.152367,19.46314],[-99.151687,19.463054],[-99.150828,19.462948],[-99.150554,19.46294],[-99.150314,19.46296],[-99.150028,19.463017],[-99.148736,19.463338],[-99.148326,19.463437],[-99.148353,19.463531],[-99.148363,19.463568],[-99.148397,19.463685],[-99.148429,19.463799],[-99.1487,19.464325],[-99.14894,19.464755],[-99.148966,19.464802],[-99.14902,19.464886],[-99.1493,19.465317],[-99.149539,19.465649],[-99.149552,19.465668],[-99.149656,19.465827],[-99.149767,19.465957],[-99.149777,19.465969],[-99.1502,19.466433],[-99.15069,19.466988],[-99.150156,19.466916],[-99.149424,19.466798],[-99.148252,19.466606],[-99.14826,19.467059],[-99.148273,19.467779],[-99.148593,19.467817],[-99.149138,19.46789],[-99.149277,19.467905],[-99.149582,19.467937],[-99.149991,19.467969]]]}},{"type":"Feature","properties":{"cp":"02990"},"geometry":{"type":"Polygon","coordinates":[[[-99.148273,19.467779],[-99.14826,19.467059],[-99.148252,19.466606],[-99.149424,19.466798],[-99.150156,19.466916],[-99.15069,19.466988],[-99.1502,19.466433],[-99.149777,19.465969],[-99.149767,19.465957],[-99.149656,19.465827],[-99.149552,19.465668],[-99.149539,19.465649],[-99.1493,19.465317],[-99.14902,19.464886],[-99.148966,19.464802],[-99.14894,19.464755],[-99.1487,19.464325],[-99.148429,19.463799],[-99.148397,19.463685],[-99.148363,19.463568],[-99.148353,19.463531],[-99.148326,19.463437],[-99.148037,19.463507],[-99.147735,19.463596],[-99.147306,19.463723],[-99.146829,19.46386],[-99.146616,19.463922],[-99.14631,19.46401],[-99.145804,19.464155],[-99.145245,19.464316],[-99.143118,19.465063],[-99.143055,19.465437],[-99.14308,19.465674],[-99.143103,19.465757],[-99.143185,19.466047],[-99.143681,19.467289],[-99.145592,19.467482],[-99.145864,19.467513],[-99.146366,19.467567],[-99.146857,19.467618],[-99.147191,19.467656],[-99.14737,19.467677],[-99.147741,19.467719],[-99.147806,19.467726],[-99.148273,19.467779]]]}},{"type":"Feature","properties":{"cp":"03000"},"geometry":{"type":"Polygon","coordinates":[[[-99.149736,19.404041],[-99.150205,19.40405],[-99.151141,19.404051],[-99.151234,19.404052],[-99.151773,19.404059],[-99.152418,19.404058],[-99.153109,19.404055],[-99.155395,19.40406],[-99.156166,19.40406],[-99.156329,19.404063],[-99.156701,19.404024],[-99.156957,19.403983],[-99.157174,19.403933],[-99.157728,19.403786],[-99.158147,19.403661],[-99.158537,19.403547],[-99.158989,19.403413],[-99.159687,19.403201],[-99.160338,19.403011],[-99.160766,19.40288],[-99.160885,19.402843],[-99.16133,19.402706],[-99.161771,19.402575],[-99.162285,19.402406],[-99.1621,19.401591],[-99.16209,19.401468],[-99.162136,19.401186],[-99.16161,19.401255],[-99.161127,19.401315],[-99.160564,19.40139],[-99.159876,19.401482],[-99.159155,19.401511],[-99.158523,19.401545],[-99.157823,19.401588],[-99.157143,19.401626],[-99.156404,19.401722],[-99.155598,19.401771],[-99.154807,19.401823],[-99.154064,19.401878],[-99.153302,19.401912],[-99.152595,19.401936],[-99.151927,19.401969],[-99.151298,19.402],[-99.150533,19.402022],[-99.149866,19.402073],[-99.149829,19.402735],[-99.149775,19.4033],[-99.149736,19.404041]]]}},{"type":"Feature","properties":{"cp":"03010"},"geometry":{"type":"Polygon","coordinates":[[[-99.149866,19.402073],[-99.149206,19.402106],[-99.148858,19.402123],[-99.148494,19.402144],[-99.147782,19.402179],[-99.146978,19.40222],[-99.146193,19.402261],[-99.145171,19.402295],[-99.145085,19.402795],[-99.145066,19.403015],[-99.145045,19.403266],[-99.14503,19.403435],[-99.144975,19.403875],[-99.144979,19.403876],[-99.144979,19.403876],[-99.14591,19.403936],[-99.146026,19.403941],[-99.146809,19.403981],[-99.147624,19.404014],[-99.148495,19.404028],[-99.148774,19.404033],[-99.149736,19.404041],[-99.149775,19.4033],[-99.149829,19.402735],[-99.149866,19.402073]]]}},{"type":"Feature","properties":{"cp":"03020"},"geometry":{"type":"Polygon","coordinates":[[[-99.160564,19.40139],[-99.160633,19.400466],[-99.160783,19.398637],[-99.160965,19.396255],[-99.161145,19.394087],[-99.161193,19.393155],[-99.161091,19.392994],[-99.161395,19.39159],[-99.161623,19.390719],[-99.161727,19.390279],[-99.161875,19.389731],[-99.162131,19.388711],[-99.162131,19.38871],[-99.162247,19.388214],[-99.161818,19.387716],[-99.161497,19.387098],[-99.161196,19.386037],[-99.160792,19.384632],[-99.160442,19.383408],[-99.160386,19.383163],[-99.159876,19.38141],[-99.159647,19.380563],[-99.159398,19.379783],[-99.159097,19.378881],[-99.158908,19.379198],[-99.157893,19.3809],[-99.157791,19.381074],[-99.156948,19.382529],[-99.155687,19.384802],[-99.155135,19.385697],[-99.154686,19.386478],[-99.154439,19.386872],[-99.154438,19.386873],[-99.154562,19.386901],[-99.154637,19.386919],[-99.15418,19.390335],[-99.153905,19.39374],[-99.15384,19.394188],[-99.153742,19.395721],[-99.153606,19.397388],[-99.153547,19.398269],[-99.153492,19.399049],[-99.153418,19.400122],[-99.153302,19.401912],[-99.154064,19.401878],[-99.154807,19.401823],[-99.155598,19.401771],[-99.156404,19.401722],[-99.157143,19.401626],[-99.157823,19.401588],[-99.158523,19.401545],[-99.159155,19.401511],[-99.159876,19.401482],[-99.160564,19.40139]]]}},{"type":"Feature","properties":{"cp":"03023"},"geometry":{"type":"Polygon","coordinates":[[[-99.153302,19.401912],[-99.153418,19.400122],[-99.153492,19.399049],[-99.153547,19.398269],[-99.153606,19.397388],[-99.153742,19.395721],[-99.15384,19.394188],[-99.153905,19.39374],[-99.15418,19.390335],[-99.154637,19.386919],[-99.154562,19.386901],[-99.154438,19.386873],[-99.154439,19.386872],[-99.154686,19.386478],[-99.155135,19.385697],[-99.155687,19.384802],[-99.154955,19.384736],[-99.154296,19.384681],[-99.15369,19.384631],[-99.153039,19.384577],[-99.152354,19.384547],[-99.151744,19.38449],[-99.151678,19.384483],[-99.151173,19.38445],[-99.150579,19.384398],[-99.149968,19.384343],[-99.149085,19.38423],[-99.147455,19.384008],[-99.14726,19.385776],[-99.147172,19.386564],[-99.147143,19.386823],[-99.147109,19.387124],[-99.147036,19.387775],[-99.146977,19.388239],[-99.146927,19.388631],[-99.146821,19.38938],[-99.146648,19.390811],[-99.146421,19.392579],[-99.145323,19.401109],[-99.145171,19.402295],[-99.146193,19.402261],[-99.146978,19.40222],[-99.147782,19.402179],[-99.148494,19.402144],[-99.148858,19.402123],[-99.149206,19.402106],[-99.149866,19.402073],[-99.150533,19.402022],[-99.151298,19.402],[-99.151927,19.401969],[-99.152595,19.401936],[-99.153302,19.401912]]]}},{"type":"Feature","properties":{"cp":"03100"},"geometry":{"type":"Polygon","coordinates":[[[-99.162131,19.38871],[-99.162795,19.388828],[-99.163599,19.389001],[-99.164332,19.389176],[-99.165053,19.389343],[-99.165741,19.38948],[-99.166538,19.389663],[-99.166765,19.389709],[-99.16807,19.390001],[-99.168601,19.390134],[-99.169168,19.390261],[-99.169847,19.390396],[-99.170514,19.390554],[-99.171312,19.390725],[-99.172178,19.39093],[-99.173308,19.391169],[-99.173444,19.39077],[-99.173495,19.390612],[-99.173623,19.390226],[-99.17364,19.390181],[-99.173815,19.389581],[-99.173926,19.38922],[-99.174055,19.388793],[-99.174227,19.388274],[-99.17495,19.386093],[-99.175041,19.385725],[-99.175235,19.385139],[-99.175514,19.384293],[-99.175528,19.384252],[-99.175889,19.383201],[-99.175924,19.38305],[-99.17619,19.382236],[-99.176204,19.382194],[-99.176377,19.381666],[-99.176407,19.381559],[-99.176563,19.381086],[-99.176721,19.380596],[-99.176906,19.380124],[-99.176308,19.380301],[-99.175638,19.380135],[-99.174944,19.379956],[-99.174526,19.379853],[-99.173741,19.379671],[-99.173212,19.379542],[-99.172489,19.379365],[-99.171906,19.379236],[-99.171085,19.379038],[-99.170752,19.378948],[-99.168522,19.378446],[-99.16779,19.378278],[-99.167054,19.378119],[-99.166315,19.377961],[-99.165579,19.377799],[-99.164814,19.377632],[-99.164095,19.377465],[-99.16336,19.377292],[-99.162633,19.377127],[-99.161896,19.376967],[-99.160969,19.376782],[-99.160105,19.378053],[-99.159928,19.378288],[-99.159304,19.378706],[-99.159097,19.378881],[-99.159398,19.379783],[-99.159647,19.380563],[-99.159876,19.38141],[-99.160386,19.383163],[-99.160442,19.383408],[-99.160792,19.384632],[-99.161196,19.386037],[-99.161497,19.387098],[-99.161818,19.387716],[-99.162247,19.388214],[-99.162131,19.38871]]]}},{"type":"Feature","properties":{"cp":"03103"},"geometry":{"type":"Polygon","coordinates":[[[-99.162285,19.402406],[-99.162685,19.402282],[-99.163016,19.402174],[-99.163247,19.402101],[-99.163807,19.401907],[-99.164332,19.401716],[-99.164763,19.401532],[-99.165266,19.40133],[-99.165872,19.401104],[-99.166478,19.400879],[-99.167122,19.400628],[-99.167543,19.400483],[-99.167897,19.400388],[-99.168069,19.400347],[-99.168949,19.40014],[-99.170245,19.399835],[-99.170435,19.39979],[-99.17096,19.398374],[-99.171268,19.397442],[-99.17127,19.397436],[-99.171501,19.396777],[-99.171716,19.396081],[-99.171894,19.39556],[-99.172057,19.395076],[-99.172215,19.394569],[-99.172424,19.393942],[-99.17284,19.392669],[-99.172967,19.392272],[-99.17308,19.391897],[-99.173177,19.391581],[-99.173206,19.391503],[-99.173308,19.391169],[-99.172178,19.39093],[-99.171312,19.390725],[-99.170514,19.390554],[-99.169847,19.390396],[-99.169168,19.390261],[-99.168601,19.390134],[-99.16807,19.390001],[-99.166765,19.389709],[-99.166538,19.389663],[-99.165741,19.38948],[-99.165053,19.389343],[-99.164332,19.389176],[-99.163599,19.389001],[-99.162795,19.388828],[-99.162131,19.38871],[-99.162131,19.388711],[-99.161875,19.389731],[-99.161727,19.390279],[-99.161623,19.390719],[-99.161395,19.39159],[-99.161091,19.392994],[-99.161193,19.393155],[-99.161145,19.394087],[-99.160965,19.396255],[-99.160783,19.398637],[-99.160633,19.400466],[-99.160564,19.40139],[-99.161127,19.401315],[-99.16161,19.401255],[-99.162136,19.401186],[-99.16209,19.401468],[-99.1621,19.401591],[-99.162285,19.402406]]]}},{"type":"Feature","properties":{"cp":"03104"},"geometry":{"type":"Polygon","coordinates":[[[-99.179649,19.371661],[-99.178882,19.371458],[-99.178293,19.371312],[-99.177952,19.371231],[-99.177607,19.371146],[-99.177385,19.371088],[-99.17688,19.370969],[-99.176148,19.370785],[-99.176411,19.369715],[-99.176594,19.368948],[-99.176697,19.36839],[-99.175963,19.368212],[-99.175245,19.368049],[-99.17452,19.367881],[-99.173795,19.367699],[-99.174343,19.365411],[-99.174488,19.364854],[-99.172825,19.364251],[-99.171367,19.363724],[-99.170684,19.363476],[-99.170042,19.363256],[-99.169894,19.363218],[-99.16981,19.363122],[-99.168994,19.364184],[-99.167612,19.366334],[-99.166269,19.368409],[-99.164865,19.370606],[-99.16368,19.372491],[-99.162324,19.374605],[-99.161993,19.375058],[-99.160969,19.376782],[-99.161896,19.376967],[-99.162633,19.377127],[-99.16336,19.377292],[-99.164095,19.377465],[-99.164814,19.377632],[-99.165579,19.377799],[-99.166315,19.377961],[-99.167054,19.378119],[-99.16779,19.378278],[-99.168522,19.378446],[-99.170752,19.378948],[-99.170904,19.378382],[-99.171054,19.377927],[-99.17126,19.377962],[-99.171449,19.377214],[-99.171583,19.376644],[-99.172162,19.374306],[-99.172642,19.372334],[-99.173413,19.372513],[-99.174106,19.372663],[-99.174875,19.372835],[-99.175592,19.372996],[-99.176253,19.373117],[-99.176338,19.373134],[-99.176676,19.373207],[-99.177104,19.373291],[-99.177435,19.373359],[-99.177684,19.373413],[-99.178201,19.373543],[-99.178253,19.373555],[-99.178992,19.37372],[-99.179378,19.372488],[-99.179649,19.371661]]]}},{"type":"Feature","properties":{"cp":"03200"},"geometry":{"type":"Polygon","coordinates":[[[-99.176906,19.380122],[-99.177342,19.378701],[-99.177396,19.378539],[-99.17763,19.377843],[-99.17797,19.376819],[-99.17805,19.376618],[-99.178341,19.375682],[-99.1785,19.375194],[-99.178545,19.375048],[-99.178829,19.374164],[-99.178992,19.37372],[-99.178253,19.373555],[-99.178201,19.373543],[-99.177684,19.373413],[-99.177435,19.373359],[-99.177104,19.373291],[-99.176676,19.373207],[-99.176338,19.373134],[-99.176253,19.373117],[-99.175592,19.372996],[-99.174875,19.372835],[-99.174106,19.372663],[-99.173413,19.372513],[-99.172642,19.372334],[-99.172162,19.374306],[-99.171583,19.376644],[-99.171449,19.377214],[-99.17126,19.377962],[-99.171054,19.377927],[-99.170904,19.378382],[-99.170752,19.378948],[-99.171085,19.379038],[-99.171906,19.379236],[-99.172489,19.379365],[-99.173212,19.379542],[-99.173741,19.379671],[-99.174526,19.379853],[-99.174944,19.379956],[-99.175638,19.380135],[-99.176308,19.380301],[-99.176906,19.380124],[-99.176906,19.380122]]]}},{"type":"Feature","properties":{"cp":"03230"},"geometry":{"type":"Polygon","coordinates":[[[-99.180881,19.36786],[-99.180256,19.367486],[-99.179822,19.367269],[-99.179687,19.367141],[-99.179426,19.366881],[-99.179007,19.366418],[-99.178439,19.365814],[-99.177858,19.365251],[-99.17762,19.365436],[-99.177347,19.365832],[-99.177267,19.366092],[-99.176982,19.367269],[-99.176697,19.36839],[-99.176594,19.368948],[-99.176411,19.369715],[-99.176148,19.370785],[-99.17688,19.370969],[-99.177385,19.371088],[-99.177607,19.371146],[-99.177952,19.371231],[-99.178293,19.371312],[-99.178882,19.371458],[-99.179649,19.371661],[-99.179788,19.371171],[-99.180132,19.370164],[-99.180479,19.369089],[-99.180881,19.36786]]]}},{"type":"Feature","properties":{"cp":"03240"},"geometry":{"type":"Polygon","coordinates":[[[-99.177858,19.365251],[-99.177194,19.364596],[-99.176722,19.364115],[-99.175105,19.362589],[-99.174802,19.362304],[-99.174509,19.362016],[-99.173708,19.36109],[-99.173276,19.360605],[-99.173082,19.360428],[-99.172859,19.360266],[-99.171706,19.359568],[-99.171294,19.360451],[-99.170866,19.361363],[-99.170248,19.362662],[-99.16981,19.363122],[-99.169894,19.363218],[-99.170042,19.363256],[-99.170684,19.363476],[-99.171367,19.363724],[-99.172825,19.364251],[-99.174488,19.364854],[-99.174343,19.365411],[-99.173795,19.367699],[-99.17452,19.367881],[-99.175245,19.368049],[-99.175963,19.368212],[-99.176697,19.36839],[-99.176982,19.367269],[-99.177267,19.366092],[-99.177347,19.365832],[-99.17762,19.365436],[-99.177858,19.365251]]]}},{"type":"Feature","properties":{"cp":"03300"},"geometry":{"type":"Polygon","coordinates":[[[-99.142515,19.364283],[-99.142752,19.364332],[-99.143556,19.364459],[-99.144338,19.364588],[-99.145139,19.364706],[-99.145445,19.364755],[-99.145954,19.364844],[-99.146754,19.364972],[-99.147376,19.365061],[-99.147546,19.365096],[-99.148343,19.365222],[-99.149131,19.365344],[-99.149908,19.365474],[-99.150683,19.365599],[-99.151486,19.365728],[-99.152299,19.365845],[-99.153243,19.365983],[-99.154246,19.366117],[-99.154403,19.366138],[-99.155211,19.366247],[-99.155586,19.366318],[-99.155396,19.365711],[-99.155138,19.364771],[-99.154741,19.363397],[-99.154327,19.361778],[-99.154327,19.361776],[-99.153982,19.36058],[-99.153577,19.359159],[-99.153161,19.357698],[-99.152016,19.357639],[-99.151466,19.357602],[-99.151264,19.357595],[-99.150473,19.357556],[-99.150071,19.357533],[-99.149682,19.357512],[-99.149625,19.357509],[-99.148899,19.357471],[-99.148054,19.357425],[-99.147622,19.357402],[-99.147233,19.357392],[-99.146735,19.35738],[-99.146408,19.35737],[-99.146206,19.357364],[-99.145621,19.35735],[-99.145092,19.357332],[-99.14481,19.357322],[-99.144382,19.357296],[-99.144055,19.357272],[-99.143891,19.357264],[-99.143857,19.357263],[-99.143824,19.357403],[-99.143698,19.35793],[-99.143635,19.358236],[-99.143494,19.358918],[-99.143425,19.359248],[-99.143276,19.359989],[-99.142968,19.361546],[-99.142759,19.36281],[-99.142714,19.363083],[-99.142648,19.36348],[-99.142619,19.363655],[-99.142515,19.364283]]]}},{"type":"Feature","properties":{"cp":"03303"},"geometry":{"type":"Polygon","coordinates":[[[-99.142515,19.364283],[-99.142415,19.364885],[-99.142311,19.365515],[-99.14221,19.366124],[-99.14211,19.366729],[-99.141991,19.367327],[-99.141878,19.368028],[-99.141774,19.368644],[-99.141661,19.369285],[-99.141538,19.370128],[-99.14176,19.370234],[-99.142442,19.370754],[-99.14251,19.37079],[-99.142786,19.370938],[-99.142917,19.370979],[-99.143237,19.371079],[-99.144006,19.37132],[-99.144774,19.371561],[-99.145587,19.371816],[-99.146375,19.372031],[-99.147093,19.372303],[-99.147473,19.372478],[-99.147876,19.372635],[-99.148349,19.372757],[-99.148669,19.372821],[-99.149399,19.372994],[-99.150222,19.373087],[-99.150636,19.373134],[-99.151044,19.373181],[-99.151519,19.373234],[-99.151995,19.373288],[-99.1525,19.373345],[-99.152849,19.373385],[-99.152979,19.3734],[-99.153862,19.3735],[-99.153897,19.373504],[-99.154257,19.373544],[-99.154478,19.37357],[-99.155053,19.373635],[-99.155791,19.37372],[-99.156416,19.373791],[-99.157195,19.37388],[-99.157741,19.373942],[-99.156746,19.370336],[-99.156745,19.370331],[-99.156329,19.368965],[-99.156263,19.368718],[-99.155958,19.367681],[-99.155867,19.367322],[-99.155586,19.366318],[-99.155211,19.366247],[-99.154403,19.366138],[-99.154246,19.366117],[-99.153243,19.365983],[-99.152299,19.365845],[-99.151486,19.365728],[-99.150683,19.365599],[-99.149908,19.365474],[-99.149131,19.365344],[-99.148343,19.365222],[-99.147546,19.365096],[-99.147376,19.365061],[-99.146754,19.364972],[-99.145954,19.364844],[-99.145445,19.364755],[-99.145139,19.364706],[-99.144338,19.364588],[-99.143556,19.364459],[-99.142752,19.364332],[-99.142515,19.364283]]]}},{"type":"Feature","properties":{"cp":"03310"},"geometry":{"type":"Polygon","coordinates":[[[-99.155586,19.366318],[-99.156445,19.366479],[-99.157299,19.36664],[-99.157817,19.36675],[-99.158551,19.366977],[-99.159511,19.36757],[-99.159327,19.367903],[-99.159218,19.368353],[-99.158707,19.370656],[-99.157984,19.370544],[-99.156745,19.370331],[-99.156746,19.370336],[-99.157741,19.373942],[-99.157742,19.373943],[-99.158045,19.373959],[-99.158777,19.374016],[-99.159564,19.374099],[-99.160413,19.374217],[-99.161112,19.374342],[-99.161762,19.374486],[-99.162324,19.374605],[-99.16368,19.372491],[-99.164865,19.370606],[-99.166269,19.368409],[-99.167612,19.366334],[-99.165886,19.365776],[-99.164662,19.365349],[-99.16378,19.365048],[-99.16301,19.364774],[-99.162713,19.36467],[-99.161796,19.364343],[-99.161707,19.364308],[-99.161084,19.364047],[-99.160399,19.363726],[-99.160277,19.363677],[-99.160166,19.363629],[-99.159323,19.363268],[-99.158589,19.362946],[-99.156967,19.36224],[-99.156834,19.36221],[-99.156374,19.362129],[-99.155672,19.362008],[-99.154987,19.361878],[-99.154327,19.361776],[-99.154327,19.361778],[-99.154741,19.363397],[-99.155138,19.364771],[-99.155396,19.365711],[-99.155586,19.366318]]]}},{"type":"Feature","properties":{"cp":"03320"},"geometry":{"type":"Polygon","coordinates":[[[-99.156745,19.370331],[-99.157984,19.370544],[-99.158707,19.370656],[-99.159218,19.368353],[-99.159327,19.367903],[-99.159511,19.36757],[-99.158551,19.366977],[-99.157817,19.36675],[-99.157299,19.36664],[-99.156445,19.366479],[-99.155586,19.366318],[-99.155867,19.367322],[-99.155958,19.367681],[-99.156263,19.368718],[-99.156329,19.368965],[-99.156745,19.370331]]]}},{"type":"Feature","properties":{"cp":"03330"},"geometry":{"type":"Polygon","coordinates":[[[-99.1635,19.358273],[-99.163379,19.359051],[-99.163348,19.359358],[-99.163078,19.3613],[-99.162979,19.362145],[-99.162911,19.362535],[-99.162823,19.363205],[-99.16275,19.364037],[-99.162713,19.36467],[-99.16301,19.364774],[-99.16378,19.365048],[-99.164662,19.365349],[-99.165886,19.365776],[-99.167612,19.366334],[-99.168994,19.364184],[-99.16981,19.363122],[-99.170248,19.362662],[-99.170866,19.361363],[-99.171294,19.360451],[-99.171706,19.359568],[-99.170832,19.359045],[-99.170557,19.358888],[-99.170404,19.358831],[-99.170159,19.35875],[-99.16978,19.35866],[-99.1692,19.358597],[-99.16855,19.358552],[-99.167769,19.358513],[-99.167327,19.358491],[-99.167154,19.358482],[-99.166342,19.358435],[-99.164944,19.358362],[-99.1635,19.358273]]]}},{"type":"Feature","properties":{"cp":"03340"},"geometry":{"type":"Polygon","coordinates":[[[-99.154327,19.361776],[-99.154987,19.361878],[-99.155672,19.362008],[-99.156374,19.362129],[-99.156834,19.36221],[-99.156967,19.36224],[-99.158589,19.362946],[-99.159323,19.363268],[-99.160166,19.363629],[-99.160277,19.363677],[-99.160399,19.363726],[-99.161084,19.364047],[-99.161707,19.364308],[-99.161796,19.364343],[-99.162713,19.36467],[-99.16275,19.364037],[-99.162823,19.363205],[-99.162911,19.362535],[-99.162979,19.362145],[-99.163078,19.3613],[-99.163348,19.359358],[-99.163379,19.359051],[-99.1635,19.358273],[-99.161816,19.358175],[-99.160469,19.358106],[-99.159517,19.358054],[-99.159104,19.358032],[-99.158778,19.358012],[-99.15808,19.357969],[-99.157157,19.357912],[-99.156954,19.357899],[-99.156796,19.357895],[-99.156201,19.357861],[-99.154605,19.357772],[-99.153687,19.357732],[-99.153161,19.357698],[-99.153161,19.357698],[-99.153577,19.359159],[-99.153982,19.36058],[-99.154327,19.361776]]]}},{"type":"Feature","properties":{"cp":"03400"},"geometry":{"type":"Polygon","coordinates":[[[-99.136588,19.402812],[-99.1367,19.402828],[-99.136893,19.402884],[-99.137035,19.402958],[-99.137124,19.403061],[-99.137174,19.403183],[-99.137235,19.403311],[-99.137344,19.403438],[-99.137406,19.403464],[-99.137641,19.40348],[-99.138203,19.403509],[-99.139141,19.403563],[-99.140047,19.403617],[-99.140894,19.403658],[-99.14175,19.403706],[-99.142673,19.403758],[-99.14341,19.403794],[-99.144167,19.403833],[-99.144975,19.403875],[-99.14503,19.403435],[-99.145045,19.403266],[-99.145066,19.403015],[-99.145085,19.402795],[-99.145171,19.402295],[-99.145323,19.401109],[-99.146421,19.392579],[-99.145772,19.392593],[-99.145208,19.392613],[-99.144847,19.392626],[-99.144429,19.392614],[-99.143971,19.392559],[-99.143567,19.392507],[-99.143175,19.392447],[-99.142746,19.392389],[-99.142306,19.392327],[-99.141864,19.392262],[-99.141417,19.392201],[-99.140634,19.392092],[-99.139569,19.391964],[-99.138339,19.391796],[-99.138262,19.39232],[-99.137289,19.398444],[-99.137272,19.398549],[-99.137205,19.399035],[-99.137057,19.399855],[-99.13682,19.401342],[-99.136795,19.401557],[-99.136588,19.402812]]]}},{"type":"Feature","properties":{"cp":"03410"},"geometry":{"type":"Polygon","coordinates":[[[-99.138734,19.389152],[-99.138732,19.389161],[-99.138642,19.389738],[-99.13853,19.3905],[-99.138525,19.390531],[-99.138492,19.390756],[-99.138339,19.391796],[-99.139569,19.391964],[-99.140634,19.392092],[-99.141417,19.392201],[-99.141864,19.392262],[-99.142306,19.392327],[-99.142746,19.392389],[-99.143175,19.392447],[-99.143567,19.392507],[-99.143971,19.392559],[-99.144429,19.392614],[-99.144847,19.392626],[-99.145208,19.392613],[-99.145772,19.392593],[-99.146421,19.392579],[-99.146648,19.390811],[-99.146091,19.390751],[-99.14564,19.390702],[-99.145212,19.390655],[-99.144756,19.390606],[-99.144326,19.390559],[-99.143901,19.390505],[-99.143976,19.389978],[-99.143578,19.389919],[-99.143141,19.389855],[-99.143066,19.390355],[-99.142173,19.390244],[-99.142201,19.389995],[-99.142246,19.38974],[-99.142374,19.388773],[-99.141818,19.388703],[-99.141656,19.388683],[-99.141148,19.388619],[-99.140791,19.388571],[-99.140726,19.388562],[-99.140399,19.388517],[-99.14027,19.3885],[-99.140085,19.388474],[-99.139881,19.388446],[-99.138843,19.388315],[-99.138811,19.3886],[-99.138734,19.389152]]]}},{"type":"Feature","properties":{"cp":"03420"},"geometry":{"type":"Polygon","coordinates":[[[-99.146821,19.38938],[-99.145937,19.389244],[-99.145475,19.389183],[-99.144987,19.389118],[-99.14456,19.389061],[-99.144127,19.389004],[-99.14372,19.38895],[-99.143288,19.388872],[-99.142901,19.38884],[-99.142374,19.388773],[-99.142246,19.38974],[-99.142201,19.389995],[-99.142173,19.390244],[-99.143066,19.390355],[-99.143141,19.389855],[-99.143578,19.389919],[-99.143976,19.389978],[-99.143901,19.390505],[-99.144326,19.390559],[-99.144756,19.390606],[-99.145212,19.390655],[-99.14564,19.390702],[-99.146091,19.390751],[-99.146648,19.390811],[-99.146821,19.38938]]]}},{"type":"Feature","properties":{"cp":"03430"},"geometry":{"type":"Polygon","coordinates":[[[-99.138843,19.388315],[-99.139881,19.388446],[-99.140085,19.388474],[-99.14027,19.3885],[-99.140399,19.388517],[-99.140726,19.388562],[-99.140791,19.388571],[-99.141148,19.388619],[-99.141656,19.388683],[-99.141818,19.388703],[-99.142374,19.388773],[-99.142482,19.388027],[-99.142663,19.38712],[-99.142396,19.387072],[-99.142017,19.387004],[-99.141544,19.386919],[-99.14112,19.386844],[-99.141064,19.386834],[-99.1407,19.386768],[-99.140584,19.386748],[-99.140226,19.386684],[-99.140202,19.386679],[-99.139501,19.386554],[-99.139118,19.386512],[-99.138843,19.388315]]]}},{"type":"Feature","properties":{"cp":"03440"},"geometry":{"type":"Polygon","coordinates":[[[-99.147455,19.384008],[-99.146746,19.383873],[-99.145902,19.383743],[-99.145557,19.383706],[-99.145018,19.383629],[-99.144113,19.383462],[-99.143845,19.383421],[-99.14372,19.383402],[-99.143306,19.383338],[-99.142949,19.385213],[-99.142328,19.385107],[-99.141896,19.385034],[-99.141459,19.38496],[-99.141313,19.384935],[-99.141015,19.384884],[-99.140512,19.384798],[-99.139418,19.384587],[-99.139314,19.385264],[-99.139118,19.386512],[-99.139501,19.386554],[-99.140202,19.386679],[-99.140226,19.386684],[-99.140584,19.386748],[-99.1407,19.386768],[-99.141064,19.386834],[-99.14112,19.386844],[-99.141544,19.386919],[-99.142017,19.387004],[-99.142396,19.387072],[-99.142663,19.38712],[-99.142482,19.388027],[-99.142374,19.388773],[-99.142901,19.38884],[-99.143288,19.388872],[-99.14372,19.38895],[-99.144127,19.389004],[-99.14456,19.389061],[-99.144987,19.389118],[-99.145475,19.389183],[-99.145937,19.389244],[-99.146821,19.38938],[-99.146927,19.388631],[-99.146977,19.388239],[-99.147036,19.387775],[-99.147109,19.387124],[-99.147143,19.386823],[-99.147172,19.386564],[-99.14726,19.385776],[-99.147455,19.384008]]]}},{"type":"Feature","properties":{"cp":"03500"},"geometry":{"type":"Polygon","coordinates":[[[-99.139118,19.386512],[-99.139314,19.385264],[-99.139418,19.384587],[-99.139486,19.384142],[-99.13949,19.384117],[-99.139521,19.383913],[-99.139534,19.383832],[-99.13955,19.383724],[-99.139572,19.383585],[-99.139711,19.382673],[-99.139823,19.381929],[-99.139917,19.3813],[-99.139955,19.381052],[-99.140122,19.379941],[-99.140211,19.379346],[-99.140301,19.378735],[-99.140327,19.378559],[-99.140394,19.378107],[-99.140433,19.377841],[-99.140534,19.377118],[-99.139731,19.377025],[-99.139197,19.376959],[-99.13868,19.376906],[-99.138094,19.376904],[-99.137527,19.376972],[-99.136967,19.377049],[-99.136784,19.37707],[-99.136433,19.377125],[-99.135845,19.377202],[-99.135465,19.377301],[-99.135332,19.377961],[-99.134982,19.379345],[-99.134706,19.380581],[-99.13456,19.381291],[-99.134436,19.381967],[-99.134392,19.38217],[-99.134324,19.38251],[-99.134172,19.383294],[-99.133904,19.384546],[-99.133625,19.385772],[-99.134295,19.385846],[-99.134735,19.385901],[-99.135234,19.385966],[-99.135859,19.386063],[-99.13631,19.386105],[-99.136734,19.386166],[-99.137281,19.38624],[-99.137858,19.386289],[-99.138415,19.386384],[-99.139118,19.386512]]]}},{"type":"Feature","properties":{"cp":"03510"},"geometry":{"type":"Polygon","coordinates":[[[-99.137205,19.399035],[-99.137272,19.398549],[-99.137289,19.398444],[-99.138262,19.39232],[-99.138339,19.391796],[-99.137618,19.39169],[-99.13705,19.391638],[-99.136501,19.391596],[-99.135958,19.391537],[-99.135272,19.391469],[-99.134697,19.39141],[-99.134184,19.391362],[-99.13367,19.391314],[-99.133139,19.391264],[-99.132659,19.391219],[-99.132387,19.391202],[-99.132107,19.392492],[-99.132065,19.392662],[-99.132042,19.392793],[-99.131885,19.393548],[-99.131861,19.39367],[-99.131688,19.394523],[-99.131656,19.394683],[-99.131477,19.395553],[-99.131432,19.395746],[-99.131292,19.396276],[-99.131163,19.396541],[-99.130981,19.396785],[-99.130967,19.397664],[-99.130946,19.398747],[-99.130945,19.398818],[-99.137205,19.399035]]]}},{"type":"Feature","properties":{"cp":"03520"},"geometry":{"type":"Polygon","coordinates":[[[-99.133032,19.388432],[-99.132861,19.389289],[-99.132752,19.389793],[-99.132652,19.390265],[-99.132387,19.391202],[-99.132659,19.391219],[-99.133139,19.391264],[-99.13367,19.391314],[-99.134184,19.391362],[-99.134697,19.39141],[-99.135272,19.391469],[-99.135958,19.391537],[-99.136501,19.391596],[-99.13705,19.391638],[-99.137618,19.39169],[-99.138339,19.391796],[-99.138492,19.390756],[-99.138525,19.390531],[-99.13853,19.3905],[-99.138642,19.389738],[-99.138732,19.389161],[-99.138734,19.389152],[-99.138007,19.389081],[-99.137451,19.389015],[-99.136883,19.388949],[-99.136326,19.388876],[-99.135709,19.388787],[-99.135108,19.388696],[-99.134627,19.38865],[-99.134077,19.388576],[-99.133594,19.388512],[-99.133032,19.388432]]]}},{"type":"Feature","properties":{"cp":"03530"},"geometry":{"type":"Polygon","coordinates":[[[-99.133032,19.388432],[-99.133594,19.388512],[-99.134077,19.388576],[-99.134627,19.38865],[-99.135108,19.388696],[-99.135709,19.388787],[-99.136326,19.388876],[-99.136883,19.388949],[-99.137451,19.389015],[-99.138007,19.389081],[-99.138734,19.389152],[-99.138811,19.3886],[-99.138843,19.388315],[-99.139118,19.386512],[-99.138415,19.386384],[-99.137858,19.386289],[-99.137281,19.38624],[-99.136734,19.386166],[-99.13631,19.386105],[-99.135859,19.386063],[-99.135234,19.385966],[-99.134735,19.385901],[-99.134295,19.385846],[-99.133625,19.385772],[-99.13344,19.386531],[-99.1333,19.387128],[-99.133032,19.388432]]]}},{"type":"Feature","properties":{"cp":"03540"},"geometry":{"type":"Polygon","coordinates":[[[-99.136229,19.373847],[-99.136,19.374872],[-99.135939,19.375229],[-99.135798,19.375871],[-99.13573,19.376192],[-99.135465,19.377301],[-99.135845,19.377202],[-99.136433,19.377125],[-99.136784,19.37707],[-99.136967,19.377049],[-99.137527,19.376972],[-99.138094,19.376904],[-99.13868,19.376906],[-99.139197,19.376959],[-99.139731,19.377025],[-99.140534,19.377118],[-99.140666,19.37626],[-99.14073,19.375826],[-99.14088,19.374798],[-99.140879,19.374798],[-99.139804,19.374567],[-99.138814,19.374362],[-99.138122,19.374219],[-99.137456,19.37408],[-99.136772,19.373939],[-99.136229,19.373847]]]}},{"type":"Feature","properties":{"cp":"03550"},"geometry":{"type":"Polygon","coordinates":[[[-99.14088,19.374798],[-99.140943,19.374361],[-99.141169,19.372807],[-99.140265,19.372483],[-99.139317,19.372155],[-99.138367,19.371801],[-99.138202,19.37174],[-99.136726,19.371627],[-99.136454,19.372872],[-99.136229,19.373847],[-99.136772,19.373939],[-99.137456,19.37408],[-99.138122,19.374219],[-99.138814,19.374362],[-99.139804,19.374567],[-99.140879,19.374798],[-99.14088,19.374798]]]}},{"type":"Feature","properties":{"cp":"03560"},"geometry":{"type":"Polygon","coordinates":[[[-99.141661,19.369285],[-99.140361,19.369106],[-99.139974,19.369048],[-99.139599,19.368982],[-99.139165,19.368917],[-99.137413,19.368639],[-99.137178,19.369616],[-99.136931,19.37079],[-99.136726,19.371627],[-99.138202,19.37174],[-99.138367,19.371801],[-99.139317,19.372155],[-99.140265,19.372483],[-99.141169,19.372807],[-99.141269,19.372125],[-99.141375,19.371398],[-99.141461,19.370804],[-99.141538,19.370128],[-99.141661,19.369285]]]}},{"type":"Feature","properties":{"cp":"03570"},"geometry":{"type":"Polygon","coordinates":[[[-99.142714,19.363083],[-99.141984,19.362961],[-99.141432,19.362869],[-99.140892,19.362785],[-99.140262,19.362689],[-99.138767,19.362461],[-99.138638,19.363081],[-99.138519,19.363631],[-99.138383,19.364287],[-99.138226,19.364911],[-99.138079,19.365503],[-99.13795,19.366091],[-99.13783,19.366704],[-99.137734,19.367231],[-99.137556,19.368012],[-99.137413,19.368639],[-99.139165,19.368917],[-99.139599,19.368982],[-99.139974,19.369048],[-99.140361,19.369106],[-99.141661,19.369285],[-99.141774,19.368644],[-99.141878,19.368028],[-99.141991,19.367327],[-99.14211,19.366729],[-99.14221,19.366124],[-99.142311,19.365515],[-99.142415,19.364885],[-99.142515,19.364283],[-99.142619,19.363655],[-99.142648,19.36348],[-99.142714,19.363083]]]}},{"type":"Feature","properties":{"cp":"03580"},"geometry":{"type":"Polygon","coordinates":[[[-99.143276,19.359989],[-99.14286,19.35993],[-99.14251,19.35988],[-99.141965,19.359831],[-99.141523,19.359793],[-99.141399,19.359785],[-99.141079,19.359754],[-99.140728,19.359733],[-99.140645,19.359721],[-99.140184,19.359654],[-99.139392,19.359572],[-99.139188,19.360486],[-99.13904,19.361126],[-99.138904,19.361808],[-99.138767,19.362461],[-99.140262,19.362689],[-99.140892,19.362785],[-99.141432,19.362869],[-99.141984,19.362961],[-99.142714,19.363083],[-99.142759,19.36281],[-99.142968,19.361546],[-99.143276,19.359989]]]}},{"type":"Feature","properties":{"cp":"03590"},"geometry":{"type":"Polygon","coordinates":[[[-99.143857,19.357263],[-99.1435,19.357242],[-99.142894,19.357199],[-99.142376,19.357168],[-99.142278,19.357162],[-99.141975,19.357127],[-99.141493,19.357069],[-99.141114,19.357022],[-99.140925,19.357],[-99.140773,19.356988],[-99.140004,19.35693],[-99.139894,19.35737],[-99.139656,19.358354],[-99.139392,19.359572],[-99.140184,19.359654],[-99.140645,19.359721],[-99.140728,19.359733],[-99.141079,19.359754],[-99.141399,19.359785],[-99.141523,19.359793],[-99.141965,19.359831],[-99.14251,19.35988],[-99.14286,19.35993],[-99.143276,19.359989],[-99.143425,19.359248],[-99.143494,19.358918],[-99.143635,19.358236],[-99.143698,19.35793],[-99.143824,19.357403],[-99.143857,19.357263]]]}},{"type":"Feature","properties":{"cp":"03600"},"geometry":{"type":"Polygon","coordinates":[[[-99.155687,19.384802],[-99.156948,19.382529],[-99.157791,19.381074],[-99.157893,19.3809],[-99.158908,19.379198],[-99.159097,19.378881],[-99.158554,19.379187],[-99.158553,19.379188],[-99.158132,19.379246],[-99.157562,19.379157],[-99.156806,19.37904],[-99.15606,19.378924],[-99.155411,19.378861],[-99.154755,19.378763],[-99.154048,19.378653],[-99.153421,19.378555],[-99.153284,19.379306],[-99.153137,19.380219],[-99.15304,19.380198],[-99.152594,19.380122],[-99.152188,19.380053],[-99.15199,19.380859],[-99.15182,19.381651],[-99.151638,19.382441],[-99.150843,19.382306],[-99.149547,19.382054],[-99.148264,19.381824],[-99.147715,19.381715],[-99.147639,19.382396],[-99.147632,19.382455],[-99.147533,19.383336],[-99.147455,19.384008],[-99.149085,19.38423],[-99.149968,19.384343],[-99.150579,19.384398],[-99.151173,19.38445],[-99.151678,19.384483],[-99.151744,19.38449],[-99.152354,19.384547],[-99.153039,19.384577],[-99.15369,19.384631],[-99.154296,19.384681],[-99.154955,19.384736],[-99.155687,19.384802]]]}},{"type":"Feature","properties":{"cp":"03610"},"geometry":{"type":"Polygon","coordinates":[[[-99.145018,19.383629],[-99.144998,19.383598],[-99.144811,19.383311],[-99.144636,19.382942],[-99.144296,19.382403],[-99.144176,19.382212],[-99.144057,19.382034],[-99.143676,19.381423],[-99.143327,19.380881],[-99.143174,19.380629],[-99.142678,19.379857],[-99.14257,19.379704],[-99.141572,19.379578],[-99.140211,19.379346],[-99.140122,19.379941],[-99.139955,19.381052],[-99.139917,19.3813],[-99.139823,19.381929],[-99.139711,19.382673],[-99.139572,19.383585],[-99.13955,19.383724],[-99.139534,19.383832],[-99.139521,19.383913],[-99.13949,19.384117],[-99.139486,19.384142],[-99.139418,19.384587],[-99.140512,19.384798],[-99.141015,19.384884],[-99.141313,19.384935],[-99.141459,19.38496],[-99.141896,19.385034],[-99.142328,19.385107],[-99.142949,19.385213],[-99.143306,19.383338],[-99.14372,19.383402],[-99.143845,19.383421],[-99.144113,19.383462],[-99.145018,19.383629]]]}},{"type":"Feature","properties":{"cp":"03620"},"geometry":{"type":"Polygon","coordinates":[[[-99.147455,19.384008],[-99.147533,19.383336],[-99.147632,19.382455],[-99.147639,19.382396],[-99.147715,19.381715],[-99.147206,19.381618],[-99.146995,19.381577],[-99.146797,19.381537],[-99.146307,19.381443],[-99.14583,19.38135],[-99.145693,19.381323],[-99.145133,19.381214],[-99.144478,19.381087],[-99.144287,19.38105],[-99.143799,19.380956],[-99.143327,19.380881],[-99.143676,19.381423],[-99.144057,19.382034],[-99.144176,19.382212],[-99.144296,19.382403],[-99.144636,19.382942],[-99.144811,19.383311],[-99.144998,19.383598],[-99.145018,19.383629],[-99.145557,19.383706],[-99.145902,19.383743],[-99.146746,19.383873],[-99.147455,19.384008]]]}},{"type":"Feature","properties":{"cp":"03630"},"geometry":{"type":"Polygon","coordinates":[[[-99.153421,19.378555],[-99.152546,19.378404],[-99.152117,19.378331],[-99.151679,19.378211],[-99.151054,19.378105],[-99.150399,19.377992],[-99.14975,19.377876],[-99.149103,19.37776],[-99.148507,19.377652],[-99.147851,19.377514],[-99.147037,19.377351],[-99.146554,19.377255],[-99.146371,19.378118],[-99.146205,19.37895],[-99.145188,19.378755],[-99.144172,19.37856],[-99.14364,19.378478],[-99.143446,19.378441],[-99.142797,19.378326],[-99.14248,19.378265],[-99.142019,19.378153],[-99.141808,19.378112],[-99.141437,19.378049],[-99.141631,19.378284],[-99.141768,19.378471],[-99.141885,19.37865],[-99.142083,19.378937],[-99.14257,19.379704],[-99.142678,19.379857],[-99.143174,19.380629],[-99.143327,19.380881],[-99.143799,19.380956],[-99.144287,19.38105],[-99.144478,19.381087],[-99.145133,19.381214],[-99.145693,19.381323],[-99.14583,19.38135],[-99.146307,19.381443],[-99.146797,19.381537],[-99.146995,19.381577],[-99.147206,19.381618],[-99.147715,19.381715],[-99.148264,19.381824],[-99.149547,19.382054],[-99.150843,19.382306],[-99.151638,19.382441],[-99.15182,19.381651],[-99.15199,19.380859],[-99.152188,19.380053],[-99.152594,19.380122],[-99.15304,19.380198],[-99.153137,19.380219],[-99.153284,19.379306],[-99.153421,19.378555]]]}},{"type":"Feature","properties":{"cp":"03640"},"geometry":{"type":"Polygon","coordinates":[[[-99.141437,19.378049],[-99.14084,19.377267],[-99.140534,19.377118],[-99.140433,19.377841],[-99.140394,19.378107],[-99.140327,19.378559],[-99.140301,19.378735],[-99.140211,19.379346],[-99.141572,19.379578],[-99.14257,19.379704],[-99.142083,19.378937],[-99.141885,19.37865],[-99.141768,19.378471],[-99.141631,19.378284],[-99.141437,19.378049]]]}},{"type":"Feature","properties":{"cp":"03650"},"geometry":{"type":"Polygon","coordinates":[[[-99.149399,19.372994],[-99.149254,19.373755],[-99.149139,19.374355],[-99.149133,19.374388],[-99.149016,19.375],[-99.148507,19.377652],[-99.149103,19.37776],[-99.14975,19.377876],[-99.150399,19.377992],[-99.151054,19.378105],[-99.151679,19.378211],[-99.152117,19.378331],[-99.152546,19.378404],[-99.153421,19.378555],[-99.154048,19.378653],[-99.154755,19.378763],[-99.155411,19.378861],[-99.15606,19.378924],[-99.156806,19.37904],[-99.157562,19.379157],[-99.158132,19.379246],[-99.158553,19.379188],[-99.158554,19.379187],[-99.159097,19.378881],[-99.159304,19.378706],[-99.159928,19.378288],[-99.160105,19.378053],[-99.160969,19.376782],[-99.161993,19.375058],[-99.162324,19.374605],[-99.161762,19.374486],[-99.161112,19.374342],[-99.160413,19.374217],[-99.159564,19.374099],[-99.158777,19.374016],[-99.158045,19.373959],[-99.157742,19.373943],[-99.157741,19.373942],[-99.157195,19.37388],[-99.156416,19.373791],[-99.155791,19.37372],[-99.155053,19.373635],[-99.154478,19.37357],[-99.154257,19.373544],[-99.153897,19.373504],[-99.153862,19.3735],[-99.152979,19.3734],[-99.152849,19.373385],[-99.1525,19.373345],[-99.151995,19.373288],[-99.151519,19.373234],[-99.151044,19.373181],[-99.150636,19.373134],[-99.150222,19.373087],[-99.149399,19.372994]]]}},{"type":"Feature","properties":{"cp":"03660"},"geometry":{"type":"Polygon","coordinates":[[[-99.141538,19.370128],[-99.141461,19.370804],[-99.141375,19.371398],[-99.141269,19.372125],[-99.141169,19.372807],[-99.140943,19.374361],[-99.14088,19.374798],[-99.14073,19.375826],[-99.140666,19.37626],[-99.140534,19.377118],[-99.14084,19.377267],[-99.141437,19.378049],[-99.141808,19.378112],[-99.142019,19.378153],[-99.14248,19.378265],[-99.142797,19.378326],[-99.143446,19.378441],[-99.14364,19.378478],[-99.144172,19.37856],[-99.145188,19.378755],[-99.146205,19.37895],[-99.146371,19.378118],[-99.146554,19.377255],[-99.147037,19.377351],[-99.147851,19.377514],[-99.148507,19.377652],[-99.149016,19.375],[-99.149133,19.374388],[-99.149139,19.374355],[-99.149254,19.373755],[-99.149399,19.372994],[-99.148669,19.372821],[-99.148349,19.372757],[-99.147876,19.372635],[-99.147473,19.372478],[-99.147093,19.372303],[-99.146375,19.372031],[-99.145587,19.371816],[-99.144774,19.371561],[-99.144006,19.37132],[-99.143237,19.371079],[-99.142917,19.370979],[-99.142786,19.370938],[-99.14251,19.37079],[-99.142442,19.370754],[-99.14176,19.370234],[-99.141538,19.370128]]]}},{"type":"Feature","properties":{"cp":"03700"},"geometry":{"type":"Polygon","coordinates":[[[-99.190835,19.385021],[-99.190835,19.385021],[-99.190998,19.384639],[-99.191321,19.383882],[-99.191391,19.383718],[-99.191673,19.38303],[-99.191685,19.382975],[-99.191698,19.382915],[-99.191734,19.382681],[-99.191746,19.381634],[-99.191748,19.381339],[-99.191754,19.380831],[-99.191755,19.380358],[-99.191757,19.379633],[-99.191705,19.378929],[-99.191695,19.378794],[-99.191641,19.378064],[-99.191641,19.378064],[-99.191454,19.377984],[-99.190726,19.377809],[-99.18946,19.377396],[-99.189596,19.377017],[-99.188599,19.376727],[-99.188447,19.376682],[-99.187563,19.376439],[-99.187367,19.378322],[-99.18733,19.378698],[-99.187294,19.378964],[-99.187237,19.379476],[-99.187161,19.380017],[-99.187014,19.381126],[-99.186501,19.381081],[-99.185534,19.380983],[-99.1848,19.380905],[-99.184436,19.381888],[-99.183993,19.382878],[-99.183615,19.383897],[-99.183104,19.385172],[-99.183911,19.385159],[-99.183936,19.385158],[-99.18457,19.385147],[-99.18518,19.385133],[-99.186473,19.385106],[-99.187589,19.385165],[-99.187985,19.385195],[-99.188618,19.385215],[-99.188911,19.385185],[-99.189522,19.385126],[-99.189639,19.385117],[-99.190299,19.385065],[-99.190777,19.38502],[-99.190835,19.385021]]]}},{"type":"Feature","properties":{"cp":"03710"},"geometry":{"type":"Polygon","coordinates":[[[-99.175924,19.38305],[-99.175889,19.383201],[-99.175528,19.384252],[-99.175514,19.384293],[-99.175235,19.385139],[-99.175041,19.385725],[-99.17495,19.386093],[-99.175953,19.38594],[-99.176721,19.38583],[-99.177331,19.385744],[-99.177693,19.385689],[-99.177833,19.385677],[-99.17839,19.385584],[-99.179161,19.385468],[-99.179946,19.385338],[-99.180585,19.385258],[-99.18083,19.385253],[-99.181944,19.385211],[-99.182406,19.385198],[-99.183104,19.385172],[-99.183615,19.383897],[-99.183993,19.382878],[-99.184436,19.381888],[-99.1848,19.380905],[-99.183789,19.380776],[-99.183064,19.380699],[-99.182338,19.380614],[-99.181961,19.38056],[-99.181921,19.380555],[-99.181502,19.380513],[-99.18091,19.380831],[-99.180349,19.381123],[-99.179802,19.381376],[-99.179532,19.381545],[-99.179277,19.381688],[-99.178693,19.38206],[-99.178221,19.382226],[-99.177687,19.38243],[-99.175924,19.38305]]]}},{"type":"Feature","properties":{"cp":"03720"},"geometry":{"type":"Polygon","coordinates":[[[-99.181502,19.380513],[-99.181762,19.379455],[-99.181964,19.378681],[-99.182014,19.37843],[-99.181414,19.378624],[-99.180849,19.378819],[-99.180242,19.379016],[-99.179653,19.379214],[-99.179085,19.379406],[-99.178479,19.379608],[-99.177853,19.379822],[-99.176906,19.380122],[-99.176906,19.380124],[-99.176721,19.380596],[-99.176563,19.381086],[-99.176407,19.381559],[-99.176377,19.381666],[-99.176204,19.382194],[-99.17619,19.382236],[-99.175924,19.38305],[-99.177687,19.38243],[-99.178221,19.382226],[-99.178693,19.38206],[-99.179277,19.381688],[-99.179532,19.381545],[-99.179802,19.381376],[-99.180349,19.381123],[-99.18091,19.380831],[-99.181502,19.380513]]]}},{"type":"Feature","properties":{"cp":"03730"},"geometry":{"type":"Polygon","coordinates":[[[-99.1848,19.380905],[-99.185534,19.380983],[-99.186501,19.381081],[-99.187014,19.381126],[-99.187161,19.380017],[-99.187237,19.379476],[-99.187294,19.378964],[-99.18733,19.378698],[-99.187367,19.378322],[-99.187563,19.376439],[-99.186575,19.37615],[-99.185442,19.375875],[-99.184391,19.375597],[-99.182855,19.375252],[-99.182671,19.376012],[-99.182631,19.376183],[-99.182499,19.376772],[-99.18236,19.377319],[-99.182314,19.377455],[-99.182214,19.377914],[-99.182086,19.378359],[-99.182014,19.37843],[-99.181964,19.378681],[-99.181762,19.379455],[-99.181502,19.380513],[-99.181921,19.380555],[-99.181961,19.38056],[-99.182338,19.380614],[-99.183064,19.380699],[-99.183789,19.380776],[-99.1848,19.380905]]]}},{"type":"Feature","properties":{"cp":"03740"},"geometry":{"type":"Polygon","coordinates":[[[-99.182014,19.37843],[-99.182086,19.378359],[-99.182214,19.377914],[-99.182314,19.377455],[-99.18236,19.377319],[-99.182499,19.376772],[-99.182631,19.376183],[-99.182671,19.376012],[-99.182855,19.375252],[-99.182151,19.375069],[-99.181631,19.374945],[-99.181068,19.374806],[-99.180501,19.374655],[-99.179962,19.374507],[-99.178829,19.374164],[-99.178545,19.375048],[-99.1785,19.375194],[-99.178341,19.375682],[-99.17805,19.376618],[-99.17797,19.376819],[-99.17763,19.377843],[-99.177396,19.378539],[-99.177342,19.378701],[-99.176906,19.380122],[-99.177853,19.379822],[-99.178479,19.379608],[-99.179085,19.379406],[-99.179653,19.379214],[-99.180242,19.379016],[-99.180849,19.378819],[-99.181414,19.378624],[-99.182014,19.37843]]]}},{"type":"Feature","properties":{"cp":"03800"},"geometry":{"type":"Polygon","coordinates":[[[-99.178903,19.397369],[-99.178903,19.397369],[-99.179512,19.3974],[-99.180149,19.397272],[-99.180958,19.397096],[-99.18098,19.397096],[-99.181209,19.397093],[-99.181714,19.396994],[-99.182099,19.396961],[-99.182241,19.396867],[-99.182461,19.396761],[-99.183415,19.396411],[-99.183417,19.39641],[-99.184095,19.396157],[-99.184299,19.396134],[-99.184525,19.396105],[-99.185208,19.395964],[-99.185312,19.395933],[-99.185312,19.395933],[-99.18544,19.394751],[-99.185569,19.39358],[-99.185696,19.392386],[-99.186883,19.392355],[-99.188724,19.392313],[-99.188816,19.392017],[-99.189038,19.391151],[-99.189316,19.390095],[-99.18947,19.389497],[-99.189496,19.389395],[-99.189658,19.388769],[-99.189809,19.3882],[-99.189839,19.388091],[-99.189987,19.387526],[-99.190166,19.386853],[-99.190339,19.386189],[-99.190402,19.386011],[-99.190835,19.385021],[-99.190777,19.38502],[-99.190299,19.385065],[-99.189639,19.385117],[-99.189522,19.385126],[-99.188911,19.385185],[-99.188618,19.385215],[-99.187985,19.385195],[-99.187589,19.385165],[-99.186473,19.385106],[-99.18518,19.385133],[-99.18457,19.385147],[-99.183936,19.385158],[-99.183911,19.385159],[-99.183104,19.385172],[-99.182984,19.385206],[-99.182834,19.385298],[-99.182667,19.385401],[-99.18254,19.38549],[-99.182406,19.385593],[-99.182272,19.385733],[-99.182209,19.385794],[-99.182194,19.385824],[-99.182107,19.385936],[-99.181987,19.386116],[-99.181856,19.386371],[-99.181759,19.386605],[-99.181642,19.386985],[-99.18159,19.387202],[-99.181583,19.387241],[-99.181554,19.387394],[-99.181528,19.38753],[-99.181472,19.387863],[-99.181366,19.388448],[-99.181312,19.388663],[-99.181259,19.388944],[-99.181224,19.389163],[-99.181218,19.389615],[-99.181227,19.389918],[-99.181231,19.390073],[-99.181238,19.390307],[-99.181244,19.390599],[-99.181259,19.39127],[-99.18126,19.391336],[-99.181271,19.391944],[-99.181233,19.392441],[-99.181211,19.392571],[-99.181112,19.393147],[-99.181047,19.393424],[-99.181,19.393625],[-99.180961,19.393765],[-99.180936,19.393855],[-99.18083,19.394186],[-99.180756,19.394386],[-99.180661,19.394645],[-99.180494,19.39506],[-99.180255,19.395647],[-99.18003,19.3962],[-99.179929,19.396446],[-99.179799,19.396654],[-99.179601,19.396886],[-99.17946,19.397013],[-99.178903,19.397369]]]}},{"type":"Feature","properties":{"cp":"03810"},"geometry":{"type":"Polygon","coordinates":[[[-99.181528,19.38753],[-99.181299,19.387552],[-99.180716,19.387753],[-99.179399,19.388212],[-99.178899,19.388375],[-99.178393,19.388575],[-99.177866,19.388766],[-99.176303,19.389319],[-99.1763,19.38932],[-99.174821,19.389828],[-99.17364,19.390181],[-99.173623,19.390226],[-99.173495,19.390612],[-99.173444,19.39077],[-99.173308,19.391169],[-99.173206,19.391503],[-99.173177,19.391581],[-99.17308,19.391897],[-99.172967,19.392272],[-99.17284,19.392669],[-99.172424,19.393942],[-99.172215,19.394569],[-99.172057,19.395076],[-99.171894,19.39556],[-99.171716,19.396081],[-99.171501,19.396777],[-99.17127,19.397436],[-99.171268,19.397442],[-99.17096,19.398374],[-99.170435,19.39979],[-99.170515,19.399766],[-99.172252,19.399234],[-99.173105,19.398973],[-99.17338,19.398889],[-99.173986,19.398703],[-99.174075,19.398676],[-99.17445,19.39856],[-99.174467,19.398555],[-99.174519,19.39854],[-99.175532,19.398094],[-99.176046,19.39798],[-99.17664,19.397849],[-99.176723,19.397832],[-99.177728,19.39762],[-99.178201,19.39752],[-99.178903,19.397369],[-99.178903,19.397369],[-99.17946,19.397013],[-99.179601,19.396886],[-99.179799,19.396654],[-99.179929,19.396446],[-99.18003,19.3962],[-99.180255,19.395647],[-99.180494,19.39506],[-99.180661,19.394645],[-99.180756,19.394386],[-99.18083,19.394186],[-99.180936,19.393855],[-99.180961,19.393765],[-99.181,19.393625],[-99.181047,19.393424],[-99.181112,19.393147],[-99.181211,19.392571],[-99.181233,19.392441],[-99.181271,19.391944],[-99.18126,19.391336],[-99.181259,19.39127],[-99.181244,19.390599],[-99.181238,19.390307],[-99.181231,19.390073],[-99.181227,19.389918],[-99.181218,19.389615],[-99.181224,19.389163],[-99.181259,19.388944],[-99.181312,19.388663],[-99.181366,19.388448],[-99.181472,19.387863],[-99.181528,19.38753]]]}},{"type":"Feature","properties":{"cp":"03820"},"geometry":{"type":"Polygon","coordinates":[[[-99.185312,19.395933],[-99.185312,19.395933],[-99.185962,19.395752],[-99.186376,19.395649],[-99.18649,19.395641],[-99.187549,19.395693],[-99.187598,19.395692],[-99.187822,19.395679],[-99.18851,19.395645],[-99.188617,19.395633],[-99.189055,19.39559],[-99.189054,19.395588],[-99.188707,19.394748],[-99.18868,19.394675],[-99.188569,19.394415],[-99.188452,19.394128],[-99.188414,19.394018],[-99.188412,19.394005],[-99.188393,19.393919],[-99.188372,19.393817],[-99.188364,19.393633],[-99.18837,19.393438],[-99.188413,19.39323],[-99.188724,19.392313],[-99.186883,19.392355],[-99.185696,19.392386],[-99.185569,19.39358],[-99.18544,19.394751],[-99.185312,19.395933]]]}},{"type":"Feature","properties":{"cp":"03840"},"geometry":{"type":"Polygon","coordinates":[[[-99.183104,19.385172],[-99.182406,19.385198],[-99.181944,19.385211],[-99.18083,19.385253],[-99.180585,19.385258],[-99.179946,19.385338],[-99.179161,19.385468],[-99.17839,19.385584],[-99.177833,19.385677],[-99.177693,19.385689],[-99.177331,19.385744],[-99.176721,19.38583],[-99.175953,19.38594],[-99.17495,19.386093],[-99.174227,19.388274],[-99.174055,19.388793],[-99.173926,19.38922],[-99.173815,19.389581],[-99.17364,19.390181],[-99.174821,19.389828],[-99.1763,19.38932],[-99.176303,19.389319],[-99.177866,19.388766],[-99.178393,19.388575],[-99.178899,19.388375],[-99.179399,19.388212],[-99.180716,19.387753],[-99.181299,19.387552],[-99.181528,19.38753],[-99.181554,19.387394],[-99.181583,19.387241],[-99.18159,19.387202],[-99.181642,19.386985],[-99.181759,19.386605],[-99.181856,19.386371],[-99.181987,19.386116],[-99.182107,19.385936],[-99.182194,19.385824],[-99.182209,19.385794],[-99.182272,19.385733],[-99.182406,19.385593],[-99.18254,19.38549],[-99.182667,19.385401],[-99.182834,19.385298],[-99.182984,19.385206],[-99.183104,19.385172]]]}},{"type":"Feature","properties":{"cp":"03900"},"geometry":{"type":"Polygon","coordinates":[[[-99.188593,19.367656],[-99.188728,19.366672],[-99.188845,19.365677],[-99.188973,19.364616],[-99.189133,19.363014],[-99.188674,19.362996],[-99.188445,19.363028],[-99.188305,19.363016],[-99.188214,19.363004],[-99.188114,19.36298],[-99.188004,19.362945],[-99.187845,19.362883],[-99.187005,19.362263],[-99.186793,19.362154],[-99.186623,19.36207],[-99.185685,19.361725],[-99.185541,19.361719],[-99.185373,19.361734],[-99.184999,19.361773],[-99.184833,19.36178],[-99.183881,19.361705],[-99.183712,19.361718],[-99.183536,19.361781],[-99.182676,19.362347],[-99.182632,19.362484],[-99.182041,19.364223],[-99.182,19.364332],[-99.181833,19.36484],[-99.181537,19.36577],[-99.181526,19.365803],[-99.181336,19.366369],[-99.181089,19.367166],[-99.180881,19.36786],[-99.18199,19.368657],[-99.18249,19.369049],[-99.182576,19.369107],[-99.183597,19.369764],[-99.18427,19.370197],[-99.184858,19.370558],[-99.185271,19.370842],[-99.186152,19.371396],[-99.186975,19.371926],[-99.18759,19.372268],[-99.188061,19.372601],[-99.188116,19.371849],[-99.188119,19.371824],[-99.188242,19.370838],[-99.188301,19.370184],[-99.188349,19.369763],[-99.188435,19.369061],[-99.188474,19.368738],[-99.188486,19.368602],[-99.188593,19.367656]]]}},{"type":"Feature","properties":{"cp":"03910"},"geometry":{"type":"Polygon","coordinates":[[[-99.19123,19.367998],[-99.191022,19.367984],[-99.190737,19.367961],[-99.189939,19.367881],[-99.189556,19.367846],[-99.189299,19.367781],[-99.188593,19.367656],[-99.188486,19.368602],[-99.188474,19.368738],[-99.188435,19.369061],[-99.188349,19.369763],[-99.188301,19.370184],[-99.188242,19.370838],[-99.188119,19.371824],[-99.188116,19.371849],[-99.188061,19.372601],[-99.188039,19.373081],[-99.187954,19.373676],[-99.187892,19.374114],[-99.187868,19.374285],[-99.187767,19.374956],[-99.187663,19.375697],[-99.187625,19.375945],[-99.187563,19.376439],[-99.188447,19.376682],[-99.188599,19.376727],[-99.189596,19.377017],[-99.18946,19.377396],[-99.190726,19.377809],[-99.191454,19.377984],[-99.191641,19.378064],[-99.19163,19.377883],[-99.191626,19.377669],[-99.191637,19.377415],[-99.191774,19.376265],[-99.191792,19.376123],[-99.191908,19.375284],[-99.192053,19.374248],[-99.192134,19.373598],[-99.192141,19.373403],[-99.192137,19.373324],[-99.192116,19.373196],[-99.192102,19.373098],[-99.192006,19.372813],[-99.191919,19.372628],[-99.191892,19.372565],[-99.191726,19.37216],[-99.191679,19.371996],[-99.191655,19.37187],[-99.191641,19.371655],[-99.191647,19.371511],[-99.191741,19.370683],[-99.191774,19.370386],[-99.191816,19.36997],[-99.191816,19.36997],[-99.191813,19.369729],[-99.191796,19.36947],[-99.191763,19.369252],[-99.191727,19.36909],[-99.19166,19.368868],[-99.191626,19.368771],[-99.191532,19.368545],[-99.191434,19.368377],[-99.19123,19.367998]]]}},{"type":"Feature","properties":{"cp":"03920"},"geometry":{"type":"Polygon","coordinates":[[[-99.187563,19.376439],[-99.187625,19.375945],[-99.187663,19.375697],[-99.187767,19.374956],[-99.187868,19.374285],[-99.187892,19.374114],[-99.187954,19.373676],[-99.188039,19.373081],[-99.188061,19.372601],[-99.18759,19.372268],[-99.186975,19.371926],[-99.186152,19.371396],[-99.185271,19.370842],[-99.184858,19.370558],[-99.18427,19.370197],[-99.183597,19.369764],[-99.182576,19.369107],[-99.18249,19.369049],[-99.18199,19.368657],[-99.180881,19.36786],[-99.180479,19.369089],[-99.180132,19.370164],[-99.179788,19.371171],[-99.179649,19.371661],[-99.179378,19.372488],[-99.178992,19.37372],[-99.178829,19.374164],[-99.179962,19.374507],[-99.180501,19.374655],[-99.181068,19.374806],[-99.181631,19.374945],[-99.182151,19.375069],[-99.182855,19.375252],[-99.184391,19.375597],[-99.185442,19.375875],[-99.186575,19.37615],[-99.187563,19.376439]]]}},{"type":"Feature","properties":{"cp":"03930"},"geometry":{"type":"Polygon","coordinates":[[[-99.191093,19.36349],[-99.190502,19.36332],[-99.190076,19.363171],[-99.189133,19.363014],[-99.188973,19.364616],[-99.188845,19.365677],[-99.188728,19.366672],[-99.188593,19.367656],[-99.189299,19.367781],[-99.189556,19.367846],[-99.189939,19.367881],[-99.190737,19.367961],[-99.191022,19.367984],[-99.19123,19.367998],[-99.191006,19.367595],[-99.190907,19.367422],[-99.190844,19.367259],[-99.190799,19.367086],[-99.190782,19.36699],[-99.190766,19.366887],[-99.190756,19.366788],[-99.19078,19.366435],[-99.190827,19.365852],[-99.190937,19.364836],[-99.191093,19.36349]]]}},{"type":"Feature","properties":{"cp":"03940"},"geometry":{"type":"Polygon","coordinates":[[[-99.180881,19.36786],[-99.181089,19.367166],[-99.181336,19.366369],[-99.181526,19.365803],[-99.181537,19.36577],[-99.181833,19.36484],[-99.182,19.364332],[-99.182041,19.364223],[-99.182632,19.362484],[-99.182676,19.362347],[-99.182327,19.362555],[-99.18185,19.362711],[-99.181543,19.362822],[-99.181198,19.36291],[-99.180972,19.362927],[-99.180547,19.362905],[-99.180199,19.362925],[-99.180001,19.362965],[-99.179797,19.363036],[-99.179601,19.36315],[-99.179466,19.363251],[-99.179368,19.363447],[-99.179204,19.363807],[-99.178812,19.364181],[-99.17838,19.364596],[-99.178156,19.364787],[-99.177879,19.364973],[-99.177858,19.365251],[-99.178439,19.365814],[-99.179007,19.366418],[-99.179426,19.366881],[-99.179687,19.367141],[-99.179822,19.367269],[-99.180256,19.367486],[-99.180881,19.36786]]]}},{"type":"Feature","properties":{"cp":"04000"},"geometry":{"type":"Polygon","coordinates":[[[-99.160775,19.344227],[-99.160559,19.345014],[-99.160481,19.345227],[-99.160485,19.345287],[-99.16029,19.346183],[-99.159766,19.346139],[-99.159636,19.346573],[-99.15964,19.34665],[-99.159901,19.346735],[-99.159736,19.347165],[-99.159532,19.347668],[-99.15949,19.347809],[-99.159056,19.349992],[-99.160006,19.34983],[-99.16176,19.349526],[-99.161843,19.349684],[-99.161729,19.350019],[-99.162819,19.350305],[-99.162796,19.35041],[-99.163907,19.350703],[-99.164138,19.349724],[-99.164277,19.349209],[-99.164318,19.34904],[-99.164445,19.348477],[-99.164615,19.347775],[-99.164677,19.347399],[-99.164711,19.347137],[-99.16471,19.347054],[-99.164802,19.346379],[-99.164805,19.346278],[-99.164934,19.345666],[-99.165065,19.344919],[-99.165085,19.344766],[-99.16463,19.344708],[-99.164388,19.344673],[-99.16411,19.344632],[-99.163604,19.344575],[-99.161994,19.344383],[-99.161612,19.344335],[-99.160775,19.344227]]]}},{"type":"Feature","properties":{"cp":"04010"},"geometry":{"type":"Polygon","coordinates":[[[-99.16781,19.345083],[-99.166533,19.344932],[-99.166448,19.344922],[-99.165977,19.344872],[-99.165936,19.344867],[-99.165085,19.344766],[-99.165065,19.344919],[-99.164934,19.345666],[-99.164805,19.346278],[-99.164802,19.346379],[-99.16471,19.347054],[-99.164711,19.347137],[-99.164677,19.347399],[-99.164615,19.347775],[-99.164445,19.348477],[-99.164318,19.34904],[-99.164277,19.349209],[-99.165486,19.349276],[-99.165949,19.349301],[-99.167486,19.349339],[-99.168395,19.349376],[-99.168478,19.349359],[-99.168994,19.349377],[-99.169314,19.349389],[-99.170095,19.349419],[-99.170167,19.349413],[-99.170338,19.349424],[-99.170419,19.349429],[-99.169688,19.351111],[-99.171888,19.351142],[-99.173823,19.351087],[-99.17417,19.351083],[-99.174349,19.35109],[-99.174542,19.351105],[-99.174658,19.351132],[-99.175148,19.351249],[-99.176834,19.351642],[-99.177271,19.351743],[-99.177416,19.351776],[-99.177599,19.351821],[-99.177662,19.351744],[-99.178323,19.351115],[-99.178452,19.35101],[-99.179248,19.350342],[-99.179607,19.35001],[-99.179784,19.349827],[-99.179931,19.349643],[-99.18006,19.349431],[-99.18009,19.349357],[-99.180127,19.349268],[-99.180555,19.347236],[-99.180609,19.347238],[-99.180619,19.347238],[-99.180637,19.347236],[-99.180652,19.347233],[-99.180673,19.347227],[-99.180692,19.34722],[-99.180706,19.347214],[-99.180721,19.347205],[-99.180731,19.347199],[-99.180751,19.347185],[-99.180763,19.347174],[-99.180786,19.347144],[-99.180803,19.347115],[-99.180821,19.347065],[-99.180823,19.347062],[-99.180425,19.346902],[-99.179095,19.34651],[-99.178647,19.346394],[-99.177844,19.346273],[-99.176722,19.346135],[-99.175681,19.346008],[-99.175026,19.345939],[-99.174379,19.345868],[-99.174355,19.345865],[-99.173914,19.345818],[-99.172999,19.345706],[-99.17254,19.345648],[-99.172107,19.345599],[-99.171142,19.345472],[-99.17052,19.345402],[-99.170191,19.345361],[-99.169987,19.345334],[-99.169715,19.345301],[-99.169438,19.345267],[-99.168921,19.345204],[-99.16837,19.345139],[-99.16781,19.345083]]]}},{"type":"Feature","properties":{"cp":"04020"},"geometry":{"type":"Polygon","coordinates":[[[-99.156106,19.350582],[-99.157325,19.350342],[-99.157935,19.350224],[-99.158654,19.350078],[-99.159056,19.349992],[-99.15949,19.347809],[-99.159532,19.347668],[-99.159736,19.347165],[-99.159901,19.346735],[-99.15964,19.34665],[-99.159636,19.346573],[-99.159766,19.346139],[-99.16029,19.346183],[-99.160485,19.345287],[-99.160481,19.345227],[-99.160559,19.345014],[-99.160775,19.344227],[-99.159276,19.344026],[-99.159116,19.344001],[-99.158863,19.343974],[-99.157938,19.343851],[-99.156277,19.34367],[-99.155602,19.343876],[-99.154827,19.344097],[-99.155294,19.344698],[-99.155693,19.345237],[-99.15621,19.345881],[-99.156301,19.346027],[-99.156344,19.346221],[-99.156369,19.346479],[-99.156486,19.34726],[-99.156491,19.347658],[-99.156466,19.347749],[-99.156406,19.347922],[-99.156307,19.348227],[-99.156131,19.34877],[-99.15606,19.349146],[-99.15602,19.349558],[-99.156106,19.350582]]]}},{"type":"Feature","properties":{"cp":"04030"},"geometry":{"type":"Polygon","coordinates":[[[-99.154827,19.344097],[-99.154431,19.344168],[-99.154341,19.344162],[-99.153231,19.344466],[-99.151731,19.344887],[-99.151058,19.345146],[-99.151067,19.345195],[-99.151122,19.345703],[-99.15119,19.346258],[-99.151208,19.346563],[-99.151191,19.346829],[-99.151139,19.347036],[-99.151065,19.34722],[-99.151056,19.347284],[-99.151046,19.347354],[-99.15076,19.348622],[-99.150651,19.348848],[-99.15097,19.349993],[-99.15135,19.351565],[-99.151516,19.351532],[-99.152685,19.351285],[-99.15325,19.351174],[-99.154109,19.350978],[-99.155008,19.350794],[-99.155331,19.350744],[-99.155807,19.350663],[-99.156049,19.350594],[-99.156106,19.350582],[-99.15602,19.349558],[-99.15606,19.349146],[-99.156131,19.34877],[-99.156307,19.348227],[-99.156406,19.347922],[-99.156466,19.347749],[-99.156491,19.347658],[-99.156486,19.34726],[-99.156369,19.346479],[-99.156344,19.346221],[-99.156301,19.346027],[-99.15621,19.345881],[-99.155693,19.345237],[-99.155294,19.344698],[-99.154827,19.344097]]]}},{"type":"Feature","properties":{"cp":"04040"},"geometry":{"type":"Polygon","coordinates":[[[-99.154827,19.344097],[-99.155602,19.343876],[-99.156277,19.34367],[-99.15548,19.343538],[-99.154978,19.34348],[-99.154408,19.343407],[-99.153778,19.34333],[-99.152575,19.343155],[-99.151551,19.343015],[-99.150865,19.342923],[-99.150239,19.34283],[-99.150093,19.342809],[-99.149607,19.342741],[-99.148962,19.342662],[-99.148877,19.342651],[-99.148727,19.342653],[-99.147575,19.342485],[-99.147138,19.342423],[-99.146649,19.342352],[-99.146262,19.342299],[-99.146063,19.342268],[-99.14567,19.342211],[-99.144603,19.342057],[-99.144184,19.341994],[-99.143731,19.341931],[-99.143895,19.342509],[-99.144148,19.343345],[-99.144269,19.343852],[-99.144416,19.344468],[-99.144512,19.345001],[-99.144552,19.345219],[-99.144659,19.345689],[-99.144704,19.345887],[-99.14479,19.346175],[-99.144861,19.346475],[-99.145033,19.34715],[-99.145137,19.347547],[-99.145346,19.348358],[-99.145473,19.348938],[-99.145487,19.349037],[-99.14687,19.349307],[-99.147506,19.349412],[-99.14756,19.349423],[-99.148091,19.349536],[-99.149647,19.34911],[-99.150503,19.348886],[-99.150651,19.348848],[-99.15076,19.348622],[-99.151046,19.347354],[-99.151056,19.347284],[-99.151065,19.34722],[-99.151139,19.347036],[-99.151191,19.346829],[-99.151208,19.346563],[-99.15119,19.346258],[-99.151122,19.345703],[-99.151067,19.345195],[-99.151058,19.345146],[-99.151731,19.344887],[-99.153231,19.344466],[-99.154341,19.344162],[-99.154431,19.344168],[-99.154827,19.344097]]]}},{"type":"Feature","properties":{"cp":"04100"},"geometry":{"type":"Polygon","coordinates":[[[-99.15135,19.351565],[-99.151895,19.353305],[-99.152065,19.353872],[-99.152398,19.355053],[-99.152584,19.355717],[-99.152902,19.356802],[-99.153097,19.357476],[-99.153143,19.357637],[-99.153161,19.357698],[-99.153161,19.357698],[-99.153687,19.357732],[-99.154605,19.357772],[-99.156201,19.357861],[-99.156796,19.357895],[-99.156954,19.357899],[-99.157157,19.357912],[-99.15808,19.357969],[-99.158778,19.358012],[-99.159104,19.358032],[-99.159517,19.358054],[-99.160469,19.358106],[-99.161816,19.358175],[-99.1635,19.358273],[-99.164944,19.358362],[-99.166342,19.358435],[-99.167154,19.358482],[-99.167327,19.358491],[-99.167769,19.358513],[-99.16855,19.358552],[-99.1692,19.358597],[-99.16978,19.35866],[-99.170159,19.35875],[-99.170404,19.358831],[-99.170557,19.358888],[-99.170832,19.359045],[-99.171706,19.359568],[-99.172414,19.357905],[-99.172727,19.357182],[-99.172775,19.357081],[-99.172994,19.356751],[-99.173562,19.356125],[-99.174203,19.355446],[-99.174924,19.354672],[-99.175222,19.354242],[-99.175427,19.353985],[-99.175784,19.35362],[-99.176031,19.35341],[-99.177042,19.3526],[-99.177139,19.352524],[-99.177226,19.352444],[-99.177284,19.35235],[-99.177453,19.352071],[-99.177488,19.352012],[-99.177552,19.351902],[-99.177599,19.351821],[-99.177416,19.351776],[-99.177271,19.351743],[-99.176834,19.351642],[-99.175148,19.351249],[-99.174658,19.351132],[-99.174542,19.351105],[-99.174349,19.35109],[-99.17417,19.351083],[-99.173823,19.351087],[-99.171888,19.351142],[-99.169688,19.351111],[-99.170419,19.349429],[-99.170338,19.349424],[-99.170167,19.349413],[-99.170095,19.349419],[-99.169314,19.349389],[-99.168994,19.349377],[-99.168478,19.349359],[-99.168395,19.349376],[-99.167486,19.349339],[-99.165949,19.349301],[-99.165486,19.349276],[-99.164277,19.349209],[-99.164138,19.349724],[-99.163907,19.350703],[-99.162796,19.35041],[-99.162819,19.350305],[-99.161729,19.350019],[-99.161843,19.349684],[-99.16176,19.349526],[-99.160006,19.34983],[-99.159056,19.349992],[-99.158654,19.350078],[-99.157935,19.350224],[-99.157325,19.350342],[-99.156106,19.350582],[-99.156049,19.350594],[-99.155807,19.350663],[-99.155331,19.350744],[-99.155008,19.350794],[-99.154109,19.350978],[-99.15325,19.351174],[-99.152685,19.351285],[-99.151516,19.351532],[-99.15135,19.351565]]]}},{"type":"Feature","properties":{"cp":"04120"},"geometry":{"type":"Polygon","coordinates":[[[-99.153161,19.357698],[-99.153143,19.357637],[-99.153097,19.357476],[-99.152902,19.356802],[-99.152584,19.355717],[-99.152398,19.355053],[-99.152065,19.353872],[-99.151895,19.353305],[-99.15135,19.351565],[-99.15097,19.349993],[-99.150651,19.348848],[-99.150503,19.348886],[-99.149647,19.34911],[-99.148091,19.349536],[-99.14756,19.349423],[-99.147506,19.349412],[-99.14687,19.349307],[-99.145487,19.349037],[-99.145574,19.349751],[-99.14559,19.350246],[-99.145582,19.350881],[-99.145492,19.351525],[-99.145235,19.352471],[-99.144943,19.353485],[-99.144865,19.353714],[-99.144441,19.355135],[-99.144441,19.355136],[-99.14444,19.355141],[-99.144208,19.355986],[-99.144124,19.35629],[-99.143928,19.357004],[-99.143857,19.357263],[-99.143891,19.357264],[-99.144055,19.357272],[-99.144382,19.357296],[-99.14481,19.357322],[-99.145092,19.357332],[-99.145621,19.35735],[-99.146206,19.357364],[-99.146408,19.35737],[-99.146735,19.35738],[-99.147233,19.357392],[-99.147622,19.357402],[-99.148054,19.357425],[-99.148899,19.357471],[-99.149625,19.357509],[-99.149682,19.357512],[-99.150071,19.357533],[-99.150473,19.357556],[-99.151264,19.357595],[-99.151466,19.357602],[-99.152016,19.357639],[-99.153161,19.357698]]]}},{"type":"Feature","properties":{"cp":"04200"},"geometry":{"type":"Polygon","coordinates":[[[-99.143731,19.341931],[-99.143367,19.340572],[-99.143308,19.340394],[-99.143146,19.339911],[-99.143145,19.339907],[-99.143012,19.339899],[-99.142368,19.339822],[-99.142091,19.339778],[-99.141915,19.339755],[-99.141409,19.339682],[-99.140907,19.339609],[-99.140557,19.339561],[-99.140068,19.339488],[-99.139881,19.339397],[-99.139583,19.339358],[-99.139174,19.339306],[-99.139113,19.339297],[-99.138673,19.339229],[-99.138639,19.339225],[-99.138227,19.339161],[-99.138196,19.339157],[-99.137776,19.339143],[-99.137715,19.339143],[-99.137273,19.33918],[-99.137151,19.339243],[-99.136825,19.339213],[-99.13634,19.339129],[-99.135867,19.339059],[-99.13536,19.338986],[-99.135286,19.339402],[-99.135186,19.339729],[-99.134926,19.340671],[-99.1349,19.340822],[-99.134584,19.340809],[-99.133929,19.340615],[-99.133438,19.340464],[-99.132834,19.340283],[-99.132722,19.340245],[-99.132243,19.340123],[-99.131775,19.340001],[-99.131751,19.340141],[-99.131681,19.340409],[-99.131603,19.340673],[-99.131554,19.34089],[-99.131495,19.34107],[-99.131387,19.341259],[-99.13107,19.341731],[-99.131517,19.341949],[-99.131411,19.342083],[-99.131012,19.342687],[-99.130814,19.343387],[-99.130885,19.34356],[-99.130845,19.343598],[-99.130886,19.343746],[-99.131017,19.344075],[-99.131215,19.344616],[-99.128956,19.344427],[-99.128949,19.344659],[-99.128906,19.346201],[-99.128216,19.346153],[-99.128054,19.346146],[-99.12804,19.346955],[-99.127944,19.349987],[-99.127891,19.351087],[-99.128005,19.351091],[-99.12835,19.351102],[-99.128546,19.351135],[-99.128808,19.351235],[-99.129032,19.351387],[-99.133698,19.356069],[-99.133971,19.356534],[-99.13427,19.356541],[-99.134396,19.356547],[-99.134398,19.356529],[-99.134512,19.355874],[-99.136328,19.34875],[-99.136586,19.347787],[-99.136813,19.346884],[-99.137166,19.345332],[-99.138403,19.345379],[-99.138448,19.345382],[-99.14011,19.345457],[-99.140719,19.345479],[-99.144502,19.345685],[-99.144659,19.345689],[-99.144552,19.345219],[-99.144512,19.345001],[-99.144416,19.344468],[-99.144269,19.343852],[-99.144148,19.343345],[-99.143895,19.342509],[-99.143731,19.341931]]]}},{"type":"Feature","properties":{"cp":"04210"},"geometry":{"type":"Polygon","coordinates":[[[-99.144659,19.345689],[-99.144502,19.345685],[-99.140719,19.345479],[-99.14011,19.345457],[-99.138448,19.345382],[-99.138403,19.345379],[-99.137166,19.345332],[-99.136813,19.346884],[-99.136586,19.347787],[-99.136328,19.34875],[-99.134512,19.355874],[-99.134398,19.356529],[-99.134396,19.356547],[-99.13456,19.356564],[-99.134747,19.356569],[-99.135031,19.356589],[-99.135524,19.356623],[-99.135915,19.356646],[-99.136254,19.356675],[-99.136574,19.356695],[-99.136937,19.356717],[-99.137279,19.356743],[-99.137722,19.356768],[-99.139232,19.356865],[-99.140004,19.35693],[-99.140773,19.356988],[-99.140925,19.357],[-99.141114,19.357022],[-99.141493,19.357069],[-99.141975,19.357127],[-99.142278,19.357162],[-99.142376,19.357168],[-99.142894,19.357199],[-99.1435,19.357242],[-99.143857,19.357263],[-99.143928,19.357004],[-99.144124,19.35629],[-99.144208,19.355986],[-99.14444,19.355141],[-99.144441,19.355136],[-99.144441,19.355135],[-99.144865,19.353714],[-99.144943,19.353485],[-99.145235,19.352471],[-99.145492,19.351525],[-99.145582,19.350881],[-99.14559,19.350246],[-99.145574,19.349751],[-99.145487,19.349037],[-99.145473,19.348938],[-99.145346,19.348358],[-99.145137,19.347547],[-99.145033,19.34715],[-99.144861,19.346475],[-99.14479,19.346175],[-99.144704,19.345887],[-99.144659,19.345689]]]}},{"type":"Feature","properties":{"cp":"04230"},"geometry":{"type":"Polygon","coordinates":[[[-99.133971,19.356534],[-99.133698,19.356069],[-99.129032,19.351387],[-99.128808,19.351235],[-99.128546,19.351135],[-99.12835,19.351102],[-99.128005,19.351091],[-99.127891,19.351087],[-99.127716,19.351084],[-99.122037,19.351055],[-99.121818,19.35105],[-99.121186,19.350963],[-99.120867,19.350849],[-99.120563,19.350722],[-99.120361,19.350845],[-99.120777,19.351841],[-99.120931,19.352315],[-99.121262,19.35334],[-99.121437,19.353919],[-99.121554,19.354335],[-99.121861,19.356978],[-99.121881,19.35766],[-99.121881,19.35766],[-99.122477,19.357716],[-99.122908,19.357763],[-99.123621,19.35784],[-99.123799,19.357859],[-99.124624,19.357949],[-99.125115,19.358002],[-99.125614,19.358057],[-99.125866,19.358084],[-99.126113,19.358111],[-99.126583,19.358162],[-99.126734,19.358178],[-99.127089,19.358217],[-99.127171,19.358226],[-99.127708,19.358284],[-99.127767,19.35829],[-99.128277,19.358346],[-99.128398,19.35836],[-99.128695,19.358391],[-99.12893,19.358417],[-99.129098,19.358435],[-99.129386,19.358466],[-99.129526,19.358481],[-99.130093,19.358543],[-99.13087,19.358627],[-99.131178,19.358661],[-99.131361,19.358376],[-99.131394,19.358315],[-99.131424,19.35826],[-99.131763,19.357717],[-99.131913,19.35752],[-99.132127,19.357301],[-99.132287,19.357177],[-99.132328,19.357149],[-99.132369,19.35712],[-99.132502,19.357034],[-99.132691,19.356918],[-99.132915,19.356801],[-99.133074,19.356736],[-99.133488,19.356588],[-99.133674,19.356552],[-99.133971,19.356534]]]}},{"type":"Feature","properties":{"cp":"04240"},"geometry":{"type":"Polygon","coordinates":[[[-99.126918,19.346895],[-99.126952,19.34805],[-99.126983,19.348846],[-99.127388,19.349339],[-99.127944,19.349987],[-99.12804,19.346955],[-99.128054,19.346146],[-99.128216,19.346153],[-99.128906,19.346201],[-99.128949,19.344659],[-99.128956,19.344427],[-99.128287,19.344407],[-99.128,19.344387],[-99.127377,19.344356],[-99.126849,19.344328],[-99.126887,19.345869],[-99.126918,19.346895]]]}},{"type":"Feature","properties":{"cp":"04250"},"geometry":{"type":"Polygon","coordinates":[[[-99.128956,19.344427],[-99.131215,19.344616],[-99.131017,19.344075],[-99.130886,19.343746],[-99.130845,19.343598],[-99.130885,19.34356],[-99.130814,19.343387],[-99.131012,19.342687],[-99.131411,19.342083],[-99.131517,19.341949],[-99.13107,19.341731],[-99.131387,19.341259],[-99.131495,19.34107],[-99.131554,19.34089],[-99.131603,19.340673],[-99.131681,19.340409],[-99.131751,19.340141],[-99.131775,19.340001],[-99.131252,19.339869],[-99.130764,19.339751],[-99.128302,19.339055],[-99.127138,19.338676],[-99.125672,19.338228],[-99.12363,19.337773],[-99.123186,19.337671],[-99.122736,19.337583],[-99.121846,19.340707],[-99.12179,19.340946],[-99.121751,19.341132],[-99.120009,19.347709],[-99.1195,19.34953],[-99.1195,19.34953],[-99.11967,19.349773],[-99.119824,19.349992],[-99.120146,19.350428],[-99.120242,19.350561],[-99.120361,19.350845],[-99.120563,19.350722],[-99.120867,19.350849],[-99.121186,19.350963],[-99.121818,19.35105],[-99.122037,19.351055],[-99.127716,19.351084],[-99.127891,19.351087],[-99.127944,19.349987],[-99.127388,19.349339],[-99.126983,19.348846],[-99.126952,19.34805],[-99.126918,19.346895],[-99.126887,19.345869],[-99.126849,19.344328],[-99.127377,19.344356],[-99.128,19.344387],[-99.128287,19.344407],[-99.128956,19.344427]]]}},{"type":"Feature","properties":{"cp":"04260"},"geometry":{"type":"Polygon","coordinates":[[[-99.122736,19.337583],[-99.123086,19.335458],[-99.123101,19.335376],[-99.123797,19.332036],[-99.123173,19.332085],[-99.122592,19.332184],[-99.121884,19.332334],[-99.121292,19.33249],[-99.120982,19.332555],[-99.120715,19.332613],[-99.120074,19.332668],[-99.119585,19.332843],[-99.119292,19.3329],[-99.118995,19.332912],[-99.11873,19.332891],[-99.118534,19.332857],[-99.118326,19.332802],[-99.11818,19.33276],[-99.117709,19.332635],[-99.117536,19.33258],[-99.117414,19.332541],[-99.117333,19.332515],[-99.117131,19.332477],[-99.11704,19.332459],[-99.116869,19.332467],[-99.116772,19.332505],[-99.116618,19.332745],[-99.116462,19.333042],[-99.116316,19.333349],[-99.116206,19.333571],[-99.116196,19.333589],[-99.115996,19.333981],[-99.11584,19.334253],[-99.115696,19.334376],[-99.115536,19.334447],[-99.115275,19.334464],[-99.114581,19.334373],[-99.114132,19.334291],[-99.113915,19.334103],[-99.113508,19.333412],[-99.113385,19.333243],[-99.113342,19.333196],[-99.113329,19.333181],[-99.113246,19.333091],[-99.112964,19.335429],[-99.113022,19.335559],[-99.113215,19.335977],[-99.113597,19.336648],[-99.113764,19.336924],[-99.113907,19.337336],[-99.113957,19.337637],[-99.11402,19.33796],[-99.114039,19.338136],[-99.114068,19.33825],[-99.114136,19.338638],[-99.114178,19.33897],[-99.114182,19.339014],[-99.114183,19.339015],[-99.114264,19.339526],[-99.114345,19.340072],[-99.114397,19.340421],[-99.114432,19.340585],[-99.114447,19.340679],[-99.114475,19.340791],[-99.114549,19.340971],[-99.114953,19.341872],[-99.115115,19.342234],[-99.115163,19.342333],[-99.115307,19.342666],[-99.115589,19.343299],[-99.115749,19.343567],[-99.115875,19.343705],[-99.116236,19.344151],[-99.116405,19.344394],[-99.116632,19.344785],[-99.116718,19.344943],[-99.117052,19.345556],[-99.117067,19.345584],[-99.117164,19.345765],[-99.117261,19.345945],[-99.117325,19.346064],[-99.117392,19.346189],[-99.117392,19.346189],[-99.117392,19.346189],[-99.118904,19.348623],[-99.119369,19.349342],[-99.1195,19.34953],[-99.1195,19.34953],[-99.120009,19.347709],[-99.121751,19.341132],[-99.12179,19.340946],[-99.121846,19.340707],[-99.122736,19.337583]]]}},{"type":"Feature","properties":{"cp":"04310"},"geometry":{"type":"Polygon","coordinates":[[[-99.173262,19.3371],[-99.171942,19.339384],[-99.172056,19.33947],[-99.171957,19.3397],[-99.171866,19.339926],[-99.171803,19.340011],[-99.171545,19.340062],[-99.171453,19.340128],[-99.171486,19.340299],[-99.171121,19.340454],[-99.170182,19.340867],[-99.170148,19.34054],[-99.170064,19.340537],[-99.169783,19.340521],[-99.169582,19.340507],[-99.169357,19.340499],[-99.168954,19.340574],[-99.168935,19.340986],[-99.168901,19.3413],[-99.168904,19.341529],[-99.168767,19.341643],[-99.168623,19.341765],[-99.16854,19.341848],[-99.168403,19.34198],[-99.168285,19.342131],[-99.168228,19.342276],[-99.168155,19.342467],[-99.168138,19.342572],[-99.168116,19.342743],[-99.167958,19.343805],[-99.167871,19.344641],[-99.167831,19.344931],[-99.167829,19.344965],[-99.16781,19.345083],[-99.16837,19.345139],[-99.168921,19.345204],[-99.169438,19.345267],[-99.169715,19.345301],[-99.169987,19.345334],[-99.170191,19.345361],[-99.17052,19.345402],[-99.171142,19.345472],[-99.172107,19.345599],[-99.17254,19.345648],[-99.172999,19.345706],[-99.173914,19.345818],[-99.174355,19.345865],[-99.174379,19.345868],[-99.175026,19.345939],[-99.175681,19.346008],[-99.176722,19.346135],[-99.177844,19.346273],[-99.178647,19.346394],[-99.179095,19.34651],[-99.180425,19.346902],[-99.180823,19.347062],[-99.180836,19.346997],[-99.180814,19.346908],[-99.180777,19.346851],[-99.180755,19.346828],[-99.180724,19.346806],[-99.18069,19.346791],[-99.180671,19.346785],[-99.180984,19.345233],[-99.180986,19.345223],[-99.181217,19.344101],[-99.181224,19.344068],[-99.181304,19.343673],[-99.181336,19.3435],[-99.18144,19.342992],[-99.181646,19.341987],[-99.18174,19.341437],[-99.182,19.34017],[-99.182114,19.339638],[-99.182178,19.339359],[-99.18218,19.339352],[-99.182192,19.339306],[-99.182262,19.339099],[-99.182309,19.338989],[-99.18238,19.338822],[-99.182458,19.338697],[-99.182657,19.338383],[-99.182701,19.338332],[-99.182738,19.33829],[-99.183031,19.33798],[-99.183259,19.337771],[-99.183473,19.337627],[-99.18368,19.33753],[-99.183875,19.337415],[-99.183497,19.337271],[-99.182966,19.337073],[-99.182397,19.336863],[-99.181025,19.336372],[-99.180516,19.336186],[-99.179947,19.335964],[-99.179537,19.335821],[-99.17943,19.335769],[-99.179312,19.335795],[-99.179139,19.335876],[-99.178771,19.336092],[-99.178578,19.336185],[-99.178353,19.336234],[-99.17831,19.336234],[-99.17795,19.336211],[-99.177497,19.336191],[-99.176196,19.336108],[-99.176154,19.336105],[-99.175417,19.336078],[-99.17362,19.335983],[-99.173521,19.336259],[-99.173262,19.3371]]]}},{"type":"Feature","properties":{"cp":"04318"},"geometry":{"type":"Polygon","coordinates":[[[-99.186809,19.341278],[-99.187127,19.340803],[-99.186936,19.340672],[-99.186688,19.340534],[-99.186623,19.34065],[-99.186037,19.341374],[-99.186077,19.34083],[-99.185702,19.340471],[-99.18571,19.34046],[-99.185613,19.340327],[-99.185308,19.339957],[-99.185232,19.339913],[-99.185049,19.339859],[-99.184345,19.339534],[-99.184241,19.339474],[-99.184029,19.339362],[-99.183717,19.339385],[-99.182603,19.33942],[-99.18218,19.339352],[-99.182178,19.339359],[-99.182114,19.339638],[-99.182,19.34017],[-99.18174,19.341437],[-99.181646,19.341987],[-99.18144,19.342992],[-99.181336,19.3435],[-99.181304,19.343673],[-99.181224,19.344068],[-99.181217,19.344101],[-99.180986,19.345223],[-99.180984,19.345233],[-99.180671,19.346785],[-99.18069,19.346791],[-99.180724,19.346806],[-99.180755,19.346828],[-99.180777,19.346851],[-99.180814,19.346908],[-99.180836,19.346997],[-99.180823,19.347062],[-99.181825,19.347351],[-99.181826,19.347352],[-99.182332,19.346697],[-99.182495,19.34658],[-99.182661,19.346523],[-99.182872,19.34652],[-99.183084,19.346127],[-99.183156,19.345847],[-99.183293,19.345265],[-99.183367,19.344925],[-99.183411,19.344775],[-99.183509,19.344569],[-99.183678,19.344256],[-99.183836,19.34392],[-99.184047,19.343692],[-99.184335,19.343623],[-99.184501,19.343588],[-99.184775,19.343438],[-99.185353,19.342977],[-99.185969,19.342448],[-99.186505,19.341933],[-99.186624,19.341596],[-99.186685,19.341398],[-99.186794,19.341293],[-99.186809,19.341278]]]}},{"type":"Feature","properties":{"cp":"04320"},"geometry":{"type":"Polygon","coordinates":[[[-99.173262,19.3371],[-99.172909,19.337129],[-99.172464,19.337165],[-99.172391,19.337173],[-99.171926,19.337204],[-99.171702,19.337225],[-99.171431,19.337256],[-99.171063,19.337236],[-99.170669,19.33722],[-99.170175,19.337193],[-99.169718,19.337168],[-99.169279,19.337146],[-99.168875,19.337126],[-99.168507,19.337111],[-99.168103,19.337085],[-99.167697,19.337068],[-99.167287,19.337049],[-99.166648,19.337021],[-99.166114,19.336993],[-99.162894,19.336316],[-99.162627,19.338032],[-99.162655,19.338074],[-99.162639,19.338163],[-99.162603,19.338157],[-99.161753,19.337971],[-99.161824,19.338232],[-99.161828,19.33827],[-99.161821,19.338343],[-99.1618,19.338479],[-99.16178,19.33858],[-99.161769,19.338674],[-99.161676,19.338792],[-99.16162,19.338841],[-99.161471,19.338922],[-99.161369,19.338975],[-99.16131,19.339008],[-99.16123,19.339063],[-99.161137,19.339094],[-99.161045,19.339037],[-99.160906,19.338989],[-99.160777,19.33906],[-99.160831,19.33924],[-99.160875,19.339336],[-99.160934,19.339523],[-99.160959,19.339649],[-99.161139,19.340649],[-99.161192,19.341129],[-99.161223,19.341452],[-99.161209,19.341534],[-99.161135,19.341668],[-99.16113,19.341754],[-99.161033,19.341828],[-99.160907,19.341915],[-99.160898,19.342219],[-99.160904,19.342346],[-99.160891,19.342512],[-99.161161,19.342488],[-99.16121,19.342514],[-99.161226,19.342561],[-99.161239,19.34264],[-99.161238,19.34271],[-99.161194,19.342759],[-99.161146,19.342844],[-99.161123,19.342901],[-99.161114,19.343008],[-99.161108,19.343156],[-99.161104,19.343281],[-99.161081,19.343334],[-99.160989,19.343596],[-99.160929,19.343626],[-99.160871,19.343693],[-99.160775,19.344227],[-99.161612,19.344335],[-99.161994,19.344383],[-99.163604,19.344575],[-99.16411,19.344632],[-99.164388,19.344673],[-99.16463,19.344708],[-99.165085,19.344766],[-99.165936,19.344867],[-99.165977,19.344872],[-99.166448,19.344922],[-99.166533,19.344932],[-99.16781,19.345083],[-99.167829,19.344965],[-99.167831,19.344931],[-99.167871,19.344641],[-99.167958,19.343805],[-99.168116,19.342743],[-99.168138,19.342572],[-99.168155,19.342467],[-99.168228,19.342276],[-99.168285,19.342131],[-99.168403,19.34198],[-99.16854,19.341848],[-99.168623,19.341765],[-99.168767,19.341643],[-99.168904,19.341529],[-99.168901,19.3413],[-99.168935,19.340986],[-99.168954,19.340574],[-99.169357,19.340499],[-99.169582,19.340507],[-99.169783,19.340521],[-99.170064,19.340537],[-99.170148,19.34054],[-99.170182,19.340867],[-99.171121,19.340454],[-99.171486,19.340299],[-99.171453,19.340128],[-99.171545,19.340062],[-99.171803,19.340011],[-99.171866,19.339926],[-99.171957,19.3397],[-99.172056,19.33947],[-99.171942,19.339384],[-99.173262,19.3371]]]}},{"type":"Feature","properties":{"cp":"04330"},"geometry":{"type":"Polygon","coordinates":[[[-99.162894,19.336316],[-99.163026,19.335401],[-99.161031,19.335249],[-99.159235,19.33518],[-99.156344,19.335015],[-99.156453,19.333891],[-99.15647,19.333787],[-99.156493,19.333698],[-99.156511,19.33365],[-99.156594,19.333503],[-99.15673,19.333287],[-99.158597,19.330422],[-99.158587,19.330396],[-99.155622,19.328153],[-99.155416,19.328398],[-99.155299,19.328536],[-99.155048,19.328836],[-99.154868,19.329025],[-99.154663,19.329277],[-99.154344,19.329614],[-99.153864,19.330125],[-99.153671,19.330398],[-99.153421,19.330781],[-99.152963,19.331692],[-99.152895,19.331847],[-99.152854,19.331952],[-99.152739,19.332213],[-99.152651,19.332354],[-99.15246,19.332615],[-99.15218,19.332839],[-99.151712,19.333179],[-99.151584,19.333302],[-99.15134,19.333813],[-99.151237,19.334012],[-99.150775,19.335292],[-99.150497,19.335968],[-99.15019,19.336949],[-99.150149,19.337088],[-99.150162,19.337294],[-99.149943,19.337063],[-99.149694,19.336676],[-99.149617,19.336602],[-99.149354,19.336387],[-99.148155,19.335565],[-99.148058,19.335658],[-99.147332,19.336734],[-99.147251,19.336841],[-99.147219,19.33695],[-99.147457,19.337782],[-99.147536,19.338057],[-99.147598,19.338275],[-99.147891,19.339343],[-99.148069,19.339923],[-99.148254,19.340522],[-99.148522,19.341459],[-99.148595,19.341712],[-99.148877,19.342651],[-99.148962,19.342662],[-99.149607,19.342741],[-99.150093,19.342809],[-99.150239,19.34283],[-99.150865,19.342923],[-99.151551,19.343015],[-99.152575,19.343155],[-99.153778,19.34333],[-99.154408,19.343407],[-99.154978,19.34348],[-99.15548,19.343538],[-99.156277,19.34367],[-99.157938,19.343851],[-99.158863,19.343974],[-99.159116,19.344001],[-99.159276,19.344026],[-99.160775,19.344227],[-99.160871,19.343693],[-99.160929,19.343626],[-99.160989,19.343596],[-99.161081,19.343334],[-99.161104,19.343281],[-99.161108,19.343156],[-99.161114,19.343008],[-99.161123,19.342901],[-99.161146,19.342844],[-99.161194,19.342759],[-99.161238,19.34271],[-99.161239,19.34264],[-99.161226,19.342561],[-99.16121,19.342514],[-99.161161,19.342488],[-99.160891,19.342512],[-99.160904,19.342346],[-99.160898,19.342219],[-99.160907,19.341915],[-99.161033,19.341828],[-99.16113,19.341754],[-99.161135,19.341668],[-99.161209,19.341534],[-99.161223,19.341452],[-99.161192,19.341129],[-99.161139,19.340649],[-99.160959,19.339649],[-99.160934,19.339523],[-99.160875,19.339336],[-99.160831,19.33924],[-99.160777,19.33906],[-99.160906,19.338989],[-99.161045,19.339037],[-99.161137,19.339094],[-99.16123,19.339063],[-99.16131,19.339008],[-99.161369,19.338975],[-99.161471,19.338922],[-99.16162,19.338841],[-99.161676,19.338792],[-99.161769,19.338674],[-99.16178,19.33858],[-99.1618,19.338479],[-99.161821,19.338343],[-99.161828,19.33827],[-99.161824,19.338232],[-99.161753,19.337971],[-99.162603,19.338157],[-99.162639,19.338163],[-99.162655,19.338074],[-99.162627,19.338032],[-99.162894,19.336316]]]}},{"type":"Feature","properties":{"cp":"04340"},"geometry":{"type":"Polygon","coordinates":[[[-99.190406,19.338724],[-99.190269,19.337965],[-99.190121,19.336586],[-99.190073,19.336168],[-99.190056,19.336022],[-99.189962,19.334886],[-99.188312,19.336246],[-99.187845,19.336827],[-99.18758,19.336856],[-99.186976,19.336921],[-99.186842,19.336934],[-99.186342,19.336989],[-99.185675,19.337059],[-99.185299,19.337099],[-99.184467,19.337183],[-99.184449,19.337184],[-99.184154,19.337255],[-99.184048,19.337304],[-99.183875,19.337415],[-99.18368,19.33753],[-99.183473,19.337627],[-99.183259,19.337771],[-99.183031,19.33798],[-99.182738,19.33829],[-99.182701,19.338332],[-99.182657,19.338383],[-99.182458,19.338697],[-99.18238,19.338822],[-99.182309,19.338989],[-99.182262,19.339099],[-99.182192,19.339306],[-99.18218,19.339352],[-99.182603,19.33942],[-99.183717,19.339385],[-99.184029,19.339362],[-99.184241,19.339474],[-99.184345,19.339534],[-99.185049,19.339859],[-99.185232,19.339913],[-99.185308,19.339957],[-99.185613,19.340327],[-99.18571,19.34046],[-99.185702,19.340471],[-99.186077,19.34083],[-99.186037,19.341374],[-99.186623,19.34065],[-99.186688,19.340534],[-99.186936,19.340672],[-99.187127,19.340803],[-99.186809,19.341278],[-99.187326,19.34113],[-99.187661,19.341015],[-99.188,19.340645],[-99.188224,19.340404],[-99.188569,19.340149],[-99.189161,19.339723],[-99.18933,19.339542],[-99.189489,19.339374],[-99.190046,19.338587],[-99.190406,19.338724]]]}},{"type":"Feature","properties":{"cp":"04360"},"geometry":{"type":"Polygon","coordinates":[[[-99.183875,19.337415],[-99.184048,19.337304],[-99.184154,19.337255],[-99.184449,19.337184],[-99.184467,19.337183],[-99.185299,19.337099],[-99.185675,19.337059],[-99.186342,19.336989],[-99.186128,19.336712],[-99.186042,19.336572],[-99.186009,19.33653],[-99.185906,19.336387],[-99.18585,19.336314],[-99.185803,19.336267],[-99.185761,19.336235],[-99.185724,19.336215],[-99.185605,19.336166],[-99.185406,19.336123],[-99.1853,19.336123],[-99.185206,19.336129],[-99.18493,19.336129],[-99.18443,19.335991],[-99.184173,19.335917],[-99.183759,19.33577],[-99.183487,19.335662],[-99.183241,19.335556],[-99.182708,19.335307],[-99.182468,19.335238],[-99.181566,19.335056],[-99.179433,19.334324],[-99.179091,19.3342],[-99.178894,19.334106],[-99.178753,19.333982],[-99.178528,19.333543],[-99.17851,19.333166],[-99.178643,19.332314],[-99.178728,19.331569],[-99.17856,19.331557],[-99.178072,19.331446],[-99.177637,19.331311],[-99.17711,19.33113],[-99.176928,19.33106],[-99.176861,19.330968],[-99.176535,19.330455],[-99.176349,19.330137],[-99.176172,19.329891],[-99.176097,19.329791],[-99.175951,19.329753],[-99.17433,19.329552],[-99.174139,19.329532],[-99.174103,19.329528],[-99.174099,19.329487],[-99.173862,19.32836],[-99.173781,19.328062],[-99.173492,19.328361],[-99.173459,19.328742],[-99.17343,19.32902],[-99.173434,19.32927],[-99.173466,19.329555],[-99.173467,19.329579],[-99.173508,19.330047],[-99.173564,19.330486],[-99.173601,19.330718],[-99.173641,19.331016],[-99.173672,19.331243],[-99.17372,19.331603],[-99.173728,19.331671],[-99.173751,19.331841],[-99.173763,19.331931],[-99.17387,19.332717],[-99.173912,19.333109],[-99.173901,19.333254],[-99.173874,19.333391],[-99.173845,19.333477],[-99.173173,19.334989],[-99.173093,19.335134],[-99.172921,19.335444],[-99.172905,19.335482],[-99.17288,19.335547],[-99.172876,19.335572],[-99.17287,19.335615],[-99.172876,19.335693],[-99.172897,19.335767],[-99.172964,19.335863],[-99.173039,19.335949],[-99.173619,19.335983],[-99.17362,19.335983],[-99.175417,19.336078],[-99.176154,19.336105],[-99.176196,19.336108],[-99.177497,19.336191],[-99.17795,19.336211],[-99.17831,19.336234],[-99.178353,19.336234],[-99.178578,19.336185],[-99.178771,19.336092],[-99.179139,19.335876],[-99.179312,19.335795],[-99.17943,19.335769],[-99.179537,19.335821],[-99.179947,19.335964],[-99.180516,19.336186],[-99.181025,19.336372],[-99.182397,19.336863],[-99.182966,19.337073],[-99.183497,19.337271],[-99.183875,19.337415]]]}},{"type":"Feature","properties":{"cp":"04369"},"geometry":{"type":"Polygon","coordinates":[[[-99.17362,19.335983],[-99.173619,19.335983],[-99.173039,19.335949],[-99.172964,19.335863],[-99.172897,19.335767],[-99.172876,19.335693],[-99.17287,19.335615],[-99.172876,19.335572],[-99.17288,19.335547],[-99.172905,19.335482],[-99.172921,19.335444],[-99.173093,19.335134],[-99.173173,19.334989],[-99.173845,19.333477],[-99.173874,19.333391],[-99.173901,19.333254],[-99.173912,19.333109],[-99.17387,19.332717],[-99.173763,19.331931],[-99.173751,19.331841],[-99.173728,19.331671],[-99.17372,19.331603],[-99.173672,19.331243],[-99.173641,19.331016],[-99.173601,19.330718],[-99.173564,19.330486],[-99.173508,19.330047],[-99.173467,19.329579],[-99.173466,19.329555],[-99.173434,19.32927],[-99.17343,19.32902],[-99.173459,19.328742],[-99.173492,19.328361],[-99.173533,19.327954],[-99.173565,19.327647],[-99.17355,19.326193],[-99.173296,19.325187],[-99.172916,19.323423],[-99.172882,19.323178],[-99.172284,19.320988],[-99.171358,19.316757],[-99.171343,19.316694],[-99.171209,19.316144],[-99.171082,19.315492],[-99.170009,19.315648],[-99.169987,19.315546],[-99.16994,19.315541],[-99.169864,19.315517],[-99.169793,19.315499],[-99.169701,19.315477],[-99.169585,19.315305],[-99.169543,19.315241],[-99.169522,19.315207],[-99.169463,19.315074],[-99.169438,19.315073],[-99.169128,19.315058],[-99.168607,19.315774],[-99.168562,19.3158],[-99.168561,19.315873],[-99.168404,19.31598],[-99.168347,19.316045],[-99.168272,19.316141],[-99.168151,19.316302],[-99.168056,19.316429],[-99.167695,19.316923],[-99.167652,19.31703],[-99.166529,19.318592],[-99.166357,19.318836],[-99.165211,19.320242],[-99.165038,19.320432],[-99.165195,19.320525],[-99.164926,19.320896],[-99.164483,19.321576],[-99.163265,19.323398],[-99.163031,19.323766],[-99.16305,19.323805],[-99.162121,19.325101],[-99.16187,19.32543],[-99.161812,19.325493],[-99.160561,19.32694],[-99.160646,19.326995],[-99.160831,19.327091],[-99.160072,19.328235],[-99.159917,19.328414],[-99.159657,19.32881],[-99.159622,19.328796],[-99.159316,19.329279],[-99.159058,19.32968],[-99.158787,19.330113],[-99.158587,19.330396],[-99.158597,19.330422],[-99.15673,19.333287],[-99.156594,19.333503],[-99.156511,19.33365],[-99.156493,19.333698],[-99.15647,19.333787],[-99.156453,19.333891],[-99.156344,19.335015],[-99.159235,19.33518],[-99.161031,19.335249],[-99.163026,19.335401],[-99.162894,19.336316],[-99.166114,19.336993],[-99.166648,19.337021],[-99.167287,19.337049],[-99.167697,19.337068],[-99.168103,19.337085],[-99.168507,19.337111],[-99.168875,19.337126],[-99.169279,19.337146],[-99.169718,19.337168],[-99.170175,19.337193],[-99.170669,19.33722],[-99.171063,19.337236],[-99.171431,19.337256],[-99.171702,19.337225],[-99.171926,19.337204],[-99.172391,19.337173],[-99.172464,19.337165],[-99.172909,19.337129],[-99.173262,19.3371],[-99.173521,19.336259],[-99.17362,19.335983]]]}},{"type":"Feature","properties":{"cp":"04370"},"geometry":{"type":"Polygon","coordinates":[[[-99.148877,19.342651],[-99.148595,19.341712],[-99.148522,19.341459],[-99.148254,19.340522],[-99.148069,19.339923],[-99.147891,19.339343],[-99.147598,19.338275],[-99.147536,19.338057],[-99.147457,19.337782],[-99.147219,19.33695],[-99.147116,19.336583],[-99.146811,19.335493],[-99.146566,19.334621],[-99.146483,19.33432],[-99.146214,19.333696],[-99.146061,19.33339],[-99.145936,19.333188],[-99.145804,19.333026],[-99.145018,19.331984],[-99.144383,19.331186],[-99.143952,19.330664],[-99.143779,19.330446],[-99.140445,19.331227],[-99.140503,19.331412],[-99.141369,19.334131],[-99.141412,19.334272],[-99.142394,19.337434],[-99.14248,19.33772],[-99.142954,19.339257],[-99.143145,19.339907],[-99.143146,19.339911],[-99.143308,19.340394],[-99.143367,19.340572],[-99.143731,19.341931],[-99.144184,19.341994],[-99.144603,19.342057],[-99.14567,19.342211],[-99.146063,19.342268],[-99.146262,19.342299],[-99.146649,19.342352],[-99.147138,19.342423],[-99.147575,19.342485],[-99.148727,19.342653],[-99.148877,19.342651]]]}},{"type":"Feature","properties":{"cp":"04380"},"geometry":{"type":"Polygon","coordinates":[[[-99.143014,19.325606],[-99.142829,19.325924],[-99.142553,19.326377],[-99.142262,19.326824],[-99.142106,19.327033],[-99.141928,19.327171],[-99.141653,19.327373],[-99.141433,19.327553],[-99.143779,19.330446],[-99.143952,19.330664],[-99.144383,19.331186],[-99.145018,19.331984],[-99.145804,19.333026],[-99.145936,19.333188],[-99.146061,19.33339],[-99.146214,19.333696],[-99.146483,19.33432],[-99.146566,19.334621],[-99.146811,19.335493],[-99.147116,19.336583],[-99.147219,19.33695],[-99.147251,19.336841],[-99.147332,19.336734],[-99.148058,19.335658],[-99.148155,19.335565],[-99.149354,19.336387],[-99.149617,19.336602],[-99.149694,19.336676],[-99.149943,19.337063],[-99.150162,19.337294],[-99.150149,19.337088],[-99.15019,19.336949],[-99.150497,19.335968],[-99.150775,19.335292],[-99.151237,19.334012],[-99.15134,19.333813],[-99.151584,19.333302],[-99.151712,19.333179],[-99.15218,19.332839],[-99.15246,19.332615],[-99.152651,19.332354],[-99.152739,19.332213],[-99.152854,19.331952],[-99.152895,19.331847],[-99.152963,19.331692],[-99.153421,19.330781],[-99.153671,19.330398],[-99.153864,19.330125],[-99.154344,19.329614],[-99.154663,19.329277],[-99.154868,19.329025],[-99.155048,19.328836],[-99.155299,19.328536],[-99.155416,19.328398],[-99.155307,19.328302],[-99.154114,19.327454],[-99.153686,19.327936],[-99.152809,19.329086],[-99.152791,19.329151],[-99.152207,19.329956],[-99.1517,19.329564],[-99.150844,19.330514],[-99.150588,19.330464],[-99.15051,19.330534],[-99.150195,19.330492],[-99.150145,19.330387],[-99.150335,19.330068],[-99.150459,19.329807],[-99.150155,19.329841],[-99.15008,19.329489],[-99.150082,19.329373],[-99.149863,19.329465],[-99.149868,19.329299],[-99.149983,19.328984],[-99.149645,19.328668],[-99.149505,19.32853],[-99.149558,19.328095],[-99.149038,19.327792],[-99.149153,19.327616],[-99.148834,19.327253],[-99.14831,19.326989],[-99.148425,19.326691],[-99.14826,19.326579],[-99.147914,19.326594],[-99.147875,19.326776],[-99.147554,19.326738],[-99.147572,19.326574],[-99.147227,19.326543],[-99.147154,19.326509],[-99.146831,19.326457],[-99.146686,19.326462],[-99.146461,19.326429],[-99.146425,19.32658],[-99.146037,19.326469],[-99.146424,19.325863],[-99.145926,19.325859],[-99.145853,19.325859],[-99.145702,19.326067],[-99.145519,19.326054],[-99.145536,19.325926],[-99.145543,19.325777],[-99.145479,19.32573],[-99.145433,19.32562],[-99.14538,19.325467],[-99.144856,19.325617],[-99.14461,19.325363],[-99.143943,19.325809],[-99.143678,19.325729],[-99.143572,19.325893],[-99.143398,19.325784],[-99.143014,19.325606]]]}},{"type":"Feature","properties":{"cp":"04400"},"geometry":{"type":"Polygon","coordinates":[[[-99.142394,19.337434],[-99.141258,19.337761],[-99.141007,19.337822],[-99.140154,19.337965],[-99.139995,19.337984],[-99.139696,19.337952],[-99.139259,19.337874],[-99.138931,19.337786],[-99.138781,19.337732],[-99.138471,19.337576],[-99.138372,19.337531],[-99.138245,19.337456],[-99.13813,19.337368],[-99.137963,19.337247],[-99.137521,19.336905],[-99.137331,19.336758],[-99.137171,19.336532],[-99.137023,19.336209],[-99.137024,19.336149],[-99.137029,19.335714],[-99.137022,19.335451],[-99.137022,19.335173],[-99.137021,19.334971],[-99.137026,19.334895],[-99.137016,19.334495],[-99.136985,19.33342],[-99.136985,19.333418],[-99.136886,19.33339],[-99.136471,19.333315],[-99.135932,19.333221],[-99.135627,19.333171],[-99.13546,19.333141],[-99.134978,19.333026],[-99.134501,19.332942],[-99.134014,19.332836],[-99.133584,19.332745],[-99.133144,19.332641],[-99.132734,19.332547],[-99.132649,19.332535],[-99.1327,19.332431],[-99.132061,19.332329],[-99.13117,19.332176],[-99.12997,19.332008],[-99.129939,19.332104],[-99.1299,19.332218],[-99.129855,19.332338],[-99.128855,19.334861],[-99.12863,19.335403],[-99.128399,19.335906],[-99.128195,19.336237],[-99.128139,19.336337],[-99.127138,19.338676],[-99.128302,19.339055],[-99.130764,19.339751],[-99.131142,19.338457],[-99.131517,19.337317],[-99.131235,19.337301],[-99.131325,19.336874],[-99.13143,19.336465],[-99.131529,19.336113],[-99.131697,19.336133],[-99.131831,19.335352],[-99.132083,19.335426],[-99.1323,19.335485],[-99.132748,19.335483],[-99.132756,19.335746],[-99.132628,19.336114],[-99.132628,19.33633],[-99.13262,19.336492],[-99.132638,19.336686],[-99.132706,19.336995],[-99.132883,19.337304],[-99.133173,19.337447],[-99.133361,19.337489],[-99.133791,19.337551],[-99.134215,19.337601],[-99.133679,19.338001],[-99.133468,19.338254],[-99.133264,19.338668],[-99.134402,19.338874],[-99.134942,19.338921],[-99.135177,19.338964],[-99.13536,19.338986],[-99.135867,19.339059],[-99.13634,19.339129],[-99.136825,19.339213],[-99.137151,19.339243],[-99.137273,19.33918],[-99.137715,19.339143],[-99.137776,19.339143],[-99.138196,19.339157],[-99.138227,19.339161],[-99.138639,19.339225],[-99.138673,19.339229],[-99.139113,19.339297],[-99.139174,19.339306],[-99.139583,19.339358],[-99.139881,19.339397],[-99.140068,19.339488],[-99.140557,19.339561],[-99.140907,19.339609],[-99.141409,19.339682],[-99.141915,19.339755],[-99.142091,19.339778],[-99.142368,19.339822],[-99.143012,19.339899],[-99.143145,19.339907],[-99.142954,19.339257],[-99.14248,19.33772],[-99.142394,19.337434]]]}},{"type":"Feature","properties":{"cp":"04410"},"geometry":{"type":"Polygon","coordinates":[[[-99.131775,19.340001],[-99.132243,19.340123],[-99.132722,19.340245],[-99.132834,19.340283],[-99.133438,19.340464],[-99.133929,19.340615],[-99.134584,19.340809],[-99.1349,19.340822],[-99.134926,19.340671],[-99.135186,19.339729],[-99.135286,19.339402],[-99.13536,19.338986],[-99.135177,19.338964],[-99.134942,19.338921],[-99.134402,19.338874],[-99.133264,19.338668],[-99.133468,19.338254],[-99.133679,19.338001],[-99.134215,19.337601],[-99.133791,19.337551],[-99.133361,19.337489],[-99.133173,19.337447],[-99.132883,19.337304],[-99.132706,19.336995],[-99.132638,19.336686],[-99.13262,19.336492],[-99.132628,19.33633],[-99.132628,19.336114],[-99.132756,19.335746],[-99.132748,19.335483],[-99.1323,19.335485],[-99.132083,19.335426],[-99.131831,19.335352],[-99.131697,19.336133],[-99.131529,19.336113],[-99.13143,19.336465],[-99.131325,19.336874],[-99.131235,19.337301],[-99.131517,19.337317],[-99.131142,19.338457],[-99.130764,19.339751],[-99.131252,19.339869],[-99.131775,19.340001]]]}},{"type":"Feature","properties":{"cp":"04420"},"geometry":{"type":"Polygon","coordinates":[[[-99.127138,19.338676],[-99.128139,19.336337],[-99.128195,19.336237],[-99.128399,19.335906],[-99.12863,19.335403],[-99.128855,19.334861],[-99.129855,19.332338],[-99.1299,19.332218],[-99.129939,19.332104],[-99.12997,19.332008],[-99.130029,19.331552],[-99.130279,19.329741],[-99.125699,19.329415],[-99.125559,19.329402],[-99.122529,19.329146],[-99.121925,19.329101],[-99.12134,19.329058],[-99.12071,19.329013],[-99.120633,19.329508],[-99.120514,19.330198],[-99.120462,19.330503],[-99.12042,19.330742],[-99.120329,19.331278],[-99.120074,19.332668],[-99.120715,19.332613],[-99.120982,19.332555],[-99.121292,19.33249],[-99.121884,19.332334],[-99.122592,19.332184],[-99.123173,19.332085],[-99.123797,19.332036],[-99.123101,19.335376],[-99.123086,19.335458],[-99.122736,19.337583],[-99.123186,19.337671],[-99.12363,19.337773],[-99.125672,19.338228],[-99.127138,19.338676]]]}},{"type":"Feature","properties":{"cp":"04450"},"geometry":{"type":"Polygon","coordinates":[[[-99.141412,19.334272],[-99.141275,19.334246],[-99.140588,19.334098],[-99.140503,19.334095],[-99.139965,19.334009],[-99.139829,19.333977],[-99.139424,19.333884],[-99.13936,19.333872],[-99.138913,19.333781],[-99.138812,19.333762],[-99.138408,19.333722],[-99.138246,19.333133],[-99.137091,19.333449],[-99.136985,19.333418],[-99.136985,19.33342],[-99.137016,19.334495],[-99.137026,19.334895],[-99.137021,19.334971],[-99.137022,19.335173],[-99.137022,19.335451],[-99.137029,19.335714],[-99.137024,19.336149],[-99.137023,19.336209],[-99.137171,19.336532],[-99.137331,19.336758],[-99.137521,19.336905],[-99.137963,19.337247],[-99.13813,19.337368],[-99.138245,19.337456],[-99.138372,19.337531],[-99.138471,19.337576],[-99.138781,19.337732],[-99.138931,19.337786],[-99.139259,19.337874],[-99.139696,19.337952],[-99.139995,19.337984],[-99.140154,19.337965],[-99.141007,19.337822],[-99.141258,19.337761],[-99.142394,19.337434],[-99.141412,19.334272]]]}},{"type":"Feature","properties":{"cp":"04460"},"geometry":{"type":"Polygon","coordinates":[[[-99.140445,19.331227],[-99.139526,19.32816],[-99.139389,19.328174],[-99.137187,19.328421],[-99.137204,19.327278],[-99.137092,19.326861],[-99.137053,19.325766],[-99.137003,19.324735],[-99.137028,19.324355],[-99.135576,19.324299],[-99.135424,19.324304],[-99.135343,19.324198],[-99.135055,19.323869],[-99.134684,19.323387],[-99.134321,19.32308],[-99.134174,19.323211],[-99.134016,19.323168],[-99.133494,19.322935],[-99.132944,19.322696],[-99.132698,19.32259],[-99.132426,19.322472],[-99.13189,19.322239],[-99.131375,19.322016],[-99.130783,19.321764],[-99.129971,19.321417],[-99.129806,19.321435],[-99.129185,19.322667],[-99.128978,19.323089],[-99.128704,19.323648],[-99.128592,19.323877],[-99.128461,19.324207],[-99.130687,19.325733],[-99.130891,19.325878],[-99.130533,19.327813],[-99.130523,19.327957],[-99.130579,19.327967],[-99.130483,19.328677],[-99.130313,19.329632],[-99.130279,19.329741],[-99.130029,19.331552],[-99.12997,19.332008],[-99.13117,19.332176],[-99.132061,19.332329],[-99.1327,19.332431],[-99.132649,19.332535],[-99.132734,19.332547],[-99.133144,19.332641],[-99.133584,19.332745],[-99.134014,19.332836],[-99.134501,19.332942],[-99.134978,19.333026],[-99.13546,19.333141],[-99.135627,19.333171],[-99.135932,19.333221],[-99.136471,19.333315],[-99.136886,19.33339],[-99.136985,19.333418],[-99.137091,19.333449],[-99.138246,19.333133],[-99.138408,19.333722],[-99.138812,19.333762],[-99.138913,19.333781],[-99.13936,19.333872],[-99.139424,19.333884],[-99.139829,19.333977],[-99.139965,19.334009],[-99.140503,19.334095],[-99.140588,19.334098],[-99.141275,19.334246],[-99.141412,19.334272],[-99.141369,19.334131],[-99.140503,19.331412],[-99.140445,19.331227]]]}},{"type":"Feature","properties":{"cp":"04510"},"geometry":{"type":"Polygon","coordinates":[[[-99.193955,19.310666],[-99.193015,19.310446],[-99.192348,19.310294],[-99.191269,19.310054],[-99.190595,19.309901],[-99.190069,19.309795],[-99.189242,19.309701],[-99.188742,19.30962],[-99.188277,19.309577],[-99.188126,19.309559],[-99.188017,19.309554],[-99.187882,19.309588],[-99.186881,19.309878],[-99.183418,19.306311],[-99.183272,19.306395],[-99.182935,19.306571],[-99.182389,19.306793],[-99.181397,19.307235],[-99.180446,19.307637],[-99.180088,19.307792],[-99.172737,19.310817],[-99.171804,19.311244],[-99.170752,19.312039],[-99.170495,19.312274],[-99.170657,19.312406],[-99.170835,19.312739],[-99.170629,19.313003],[-99.169128,19.315058],[-99.169438,19.315073],[-99.169463,19.315074],[-99.169522,19.315207],[-99.169543,19.315241],[-99.169585,19.315305],[-99.169701,19.315477],[-99.169793,19.315499],[-99.169864,19.315517],[-99.16994,19.315541],[-99.169987,19.315546],[-99.170009,19.315648],[-99.171082,19.315492],[-99.171209,19.316144],[-99.171343,19.316694],[-99.171358,19.316757],[-99.172284,19.320988],[-99.172882,19.323178],[-99.172916,19.323423],[-99.173296,19.325187],[-99.17355,19.326193],[-99.173565,19.327647],[-99.173533,19.327954],[-99.173492,19.328361],[-99.173781,19.328062],[-99.173862,19.32836],[-99.174099,19.329487],[-99.174103,19.329528],[-99.174139,19.329532],[-99.17433,19.329552],[-99.175951,19.329753],[-99.176097,19.329791],[-99.176172,19.329891],[-99.176349,19.330137],[-99.176535,19.330455],[-99.176861,19.330968],[-99.176928,19.33106],[-99.17711,19.33113],[-99.177637,19.331311],[-99.178072,19.331446],[-99.17856,19.331557],[-99.178728,19.331569],[-99.178643,19.332314],[-99.17851,19.333166],[-99.178528,19.333543],[-99.178753,19.333982],[-99.178894,19.334106],[-99.179091,19.3342],[-99.179433,19.334324],[-99.181566,19.335056],[-99.182468,19.335238],[-99.182708,19.335307],[-99.183241,19.335556],[-99.183487,19.335662],[-99.183759,19.33577],[-99.184173,19.335917],[-99.18443,19.335991],[-99.18493,19.336129],[-99.185206,19.336129],[-99.1853,19.336123],[-99.185406,19.336123],[-99.185605,19.336166],[-99.185724,19.336215],[-99.185761,19.336235],[-99.185803,19.336267],[-99.18585,19.336314],[-99.185906,19.336387],[-99.186009,19.33653],[-99.186042,19.336572],[-99.186128,19.336712],[-99.186342,19.336989],[-99.186842,19.336934],[-99.186976,19.336921],[-99.18758,19.336856],[-99.187845,19.336827],[-99.188312,19.336246],[-99.189962,19.334886],[-99.190056,19.336022],[-99.190514,19.335957],[-99.190821,19.335915],[-99.191703,19.33602],[-99.193096,19.335859],[-99.194727,19.335572],[-99.195593,19.335345],[-99.196345,19.335156],[-99.197457,19.335056],[-99.197349,19.333652],[-99.196921,19.333721],[-99.196616,19.333717],[-99.196504,19.333703],[-99.19639,19.333676],[-99.196295,19.333631],[-99.196374,19.333407],[-99.196389,19.333326],[-99.196391,19.333242],[-99.196383,19.333029],[-99.196359,19.332885],[-99.196265,19.332684],[-99.196091,19.332401],[-99.195795,19.331935],[-99.195306,19.33109],[-99.195004,19.33063],[-99.194713,19.330217],[-99.194745,19.329384],[-99.194745,19.329384],[-99.194777,19.32872],[-99.194793,19.327127],[-99.19487,19.324789],[-99.194871,19.324724],[-99.194886,19.323464],[-99.194972,19.322612],[-99.194996,19.321867],[-99.196639,19.319233],[-99.198796,19.315776],[-99.199998,19.313859],[-99.201015,19.312241],[-99.201245,19.311878],[-99.201549,19.311395],[-99.200667,19.311342],[-99.200384,19.311327],[-99.200226,19.311169],[-99.200603,19.310771],[-99.200218,19.310745],[-99.199476,19.310717],[-99.199427,19.311161],[-99.198671,19.311134],[-99.198666,19.31119],[-99.19692,19.311128],[-99.196917,19.311174],[-99.196736,19.311164],[-99.19651,19.311166],[-99.195805,19.311139],[-99.194967,19.311],[-99.194095,19.310769],[-99.193955,19.310666]]]}},{"type":"Feature","properties":{"cp":"04519"},"geometry":{"type":"Polygon","coordinates":[[[-99.197349,19.333652],[-99.197457,19.335056],[-99.196345,19.335156],[-99.195593,19.335345],[-99.194727,19.335572],[-99.193096,19.335859],[-99.191703,19.33602],[-99.190821,19.335915],[-99.190514,19.335957],[-99.190056,19.336022],[-99.190073,19.336168],[-99.190121,19.336586],[-99.190269,19.337965],[-99.190605,19.337723],[-99.191047,19.337143],[-99.19126,19.336844],[-99.191402,19.336866],[-99.191525,19.336858],[-99.191722,19.336836],[-99.193181,19.336635],[-99.194285,19.336392],[-99.195092,19.336174],[-99.196189,19.335887],[-99.196913,19.335713],[-99.197673,19.335595],[-99.197867,19.335544],[-99.198057,19.335484],[-99.19826,19.335378],[-99.198414,19.335284],[-99.198542,19.335175],[-99.19874,19.334985],[-99.1992,19.334333],[-99.199422,19.334109],[-99.199637,19.333862],[-99.199903,19.333509],[-99.200007,19.33323],[-99.198713,19.333424],[-99.198218,19.333507],[-99.197349,19.333652]]]}},{"type":"Feature","properties":{"cp":"06000"},"geometry":{"type":"Polygon","coordinates":[[[-99.133928,19.435139],[-99.134954,19.435281],[-99.13598,19.435411],[-99.136994,19.435535],[-99.138053,19.435681],[-99.13905,19.435833],[-99.139998,19.43598],[-99.140616,19.436087],[-99.140802,19.434762],[-99.140883,19.434119],[-99.141086,19.432805],[-99.141445,19.430294],[-99.134767,19.429374],[-99.134746,19.429468],[-99.134583,19.430188],[-99.134435,19.431039],[-99.134319,19.431947],[-99.134209,19.431937],[-99.134023,19.43312],[-99.134002,19.43345],[-99.134024,19.433912],[-99.134032,19.433979],[-99.133928,19.435139]]]}},{"type":"Feature","properties":{"cp":"06010"},"geometry":{"type":"Polygon","coordinates":[[[-99.132743,19.443373],[-99.133251,19.443417],[-99.133964,19.443482],[-99.13524,19.443635],[-99.136989,19.4438],[-99.137874,19.443871],[-99.138714,19.44396],[-99.13915,19.443328],[-99.139443,19.442893],[-99.139587,19.44278],[-99.139917,19.440382],[-99.140022,19.439774],[-99.140038,19.439648],[-99.140165,19.438619],[-99.140309,19.437741],[-99.140473,19.436884],[-99.140616,19.436087],[-99.139998,19.43598],[-99.13905,19.435833],[-99.138053,19.435681],[-99.136994,19.435535],[-99.13598,19.435411],[-99.134954,19.435281],[-99.133928,19.435139],[-99.133802,19.436001],[-99.133682,19.436856],[-99.133552,19.437688],[-99.133437,19.438508],[-99.133304,19.439384],[-99.133244,19.439857],[-99.133114,19.440735],[-99.132989,19.441626],[-99.132882,19.442466],[-99.132743,19.443373]]]}},{"type":"Feature","properties":{"cp":"06020"},"geometry":{"type":"Polygon","coordinates":[[[-99.124335,19.433924],[-99.124183,19.434712],[-99.124069,19.435587],[-99.12394,19.436419],[-99.123765,19.437495],[-99.123601,19.438639],[-99.123445,19.439556],[-99.123356,19.440191],[-99.123268,19.440853],[-99.123162,19.441581],[-99.124882,19.441736],[-99.125773,19.44183],[-99.127483,19.441989],[-99.128821,19.442131],[-99.130902,19.442314],[-99.130797,19.443219],[-99.131531,19.443274],[-99.132743,19.443373],[-99.132882,19.442466],[-99.132989,19.441626],[-99.133114,19.440735],[-99.133244,19.439857],[-99.133304,19.439384],[-99.133437,19.438508],[-99.133552,19.437688],[-99.133682,19.436856],[-99.133802,19.436001],[-99.133928,19.435139],[-99.132162,19.434893],[-99.131839,19.43484],[-99.131388,19.434777],[-99.130844,19.434703],[-99.129752,19.43459],[-99.128737,19.43447],[-99.127705,19.434337],[-99.126856,19.434242],[-99.125962,19.434125],[-99.125091,19.434005],[-99.124335,19.433924]]]}},{"type":"Feature","properties":{"cp":"06030"},"geometry":{"type":"Polygon","coordinates":[[[-99.147032,19.437123],[-99.146713,19.437395],[-99.147628,19.437577],[-99.147812,19.437613],[-99.14824,19.437697],[-99.148605,19.43777],[-99.149078,19.43787],[-99.150539,19.438182],[-99.151162,19.43832],[-99.152214,19.438568],[-99.153392,19.438874],[-99.154139,19.439187],[-99.154715,19.439429],[-99.155686,19.439811],[-99.156434,19.438114],[-99.157091,19.436625],[-99.158081,19.434376],[-99.159006,19.432286],[-99.159266,19.431746],[-99.159899,19.430706],[-99.159522,19.430915],[-99.158377,19.431438],[-99.156832,19.432164],[-99.155227,19.432856],[-99.155217,19.432938],[-99.155166,19.433003],[-99.155075,19.433075],[-99.155007,19.43312],[-99.15494,19.433158],[-99.154832,19.433213],[-99.154713,19.433261],[-99.154584,19.433287],[-99.154289,19.433276],[-99.153484,19.433688],[-99.149736,19.435461],[-99.149353,19.435703],[-99.148713,19.436053],[-99.148041,19.436478],[-99.147488,19.436847],[-99.147032,19.437123]]]}},{"type":"Feature","properties":{"cp":"06040"},"geometry":{"type":"Polygon","coordinates":[[[-99.14812,19.431256],[-99.14794,19.432157],[-99.147804,19.432907],[-99.147632,19.433789],[-99.147419,19.43473],[-99.147325,19.435149],[-99.147199,19.435943],[-99.147045,19.437026],[-99.147032,19.437123],[-99.147488,19.436847],[-99.148041,19.436478],[-99.148713,19.436053],[-99.149353,19.435703],[-99.149736,19.435461],[-99.15056,19.433299],[-99.150867,19.432594],[-99.151242,19.431719],[-99.151464,19.431203],[-99.15148,19.431102],[-99.15147,19.430913],[-99.151533,19.430774],[-99.151712,19.430559],[-99.152105,19.429665],[-99.15255,19.428574],[-99.153007,19.427509],[-99.153209,19.427053],[-99.153588,19.426113],[-99.153658,19.425851],[-99.153004,19.426048],[-99.150959,19.426596],[-99.148963,19.427133],[-99.148941,19.427263],[-99.14887,19.427679],[-99.148535,19.429306],[-99.148462,19.429637],[-99.148342,19.43017],[-99.14812,19.431256]]]}},{"type":"Feature","properties":{"cp":"06050"},"geometry":{"type":"Polygon","coordinates":[[[-99.14812,19.431256],[-99.148082,19.431252],[-99.141445,19.430294],[-99.141086,19.432805],[-99.140883,19.434119],[-99.140802,19.434762],[-99.140616,19.436087],[-99.141735,19.436345],[-99.142207,19.436439],[-99.143027,19.43658],[-99.143996,19.436777],[-99.145982,19.437237],[-99.146713,19.437395],[-99.147032,19.437123],[-99.147045,19.437026],[-99.147199,19.435943],[-99.147325,19.435149],[-99.147419,19.43473],[-99.147632,19.433789],[-99.147804,19.432907],[-99.14794,19.432157],[-99.14812,19.431256]]]}},{"type":"Feature","properties":{"cp":"06060"},"geometry":{"type":"Polygon","coordinates":[[[-99.134767,19.429374],[-99.133787,19.429235],[-99.133151,19.429146],[-99.132539,19.42906],[-99.13212,19.428998],[-99.131619,19.428927],[-99.130518,19.428768],[-99.129426,19.428614],[-99.128517,19.428481],[-99.127636,19.428353],[-99.12695,19.428282],[-99.126395,19.428321],[-99.125236,19.428338],[-99.125184,19.428711],[-99.125111,19.429189],[-99.125018,19.429818],[-99.124847,19.430856],[-99.124776,19.43127],[-99.124662,19.431985],[-99.124533,19.43281],[-99.124335,19.433924],[-99.125091,19.434005],[-99.125962,19.434125],[-99.126856,19.434242],[-99.127705,19.434337],[-99.128737,19.43447],[-99.129752,19.43459],[-99.130844,19.434703],[-99.131388,19.434777],[-99.131839,19.43484],[-99.132162,19.434893],[-99.133928,19.435139],[-99.134032,19.433979],[-99.134024,19.433912],[-99.134002,19.43345],[-99.134023,19.43312],[-99.134209,19.431937],[-99.134319,19.431947],[-99.134435,19.431039],[-99.134583,19.430188],[-99.134746,19.429468],[-99.134767,19.429374]]]}},{"type":"Feature","properties":{"cp":"06070"},"geometry":{"type":"Polygon","coordinates":[[[-99.148963,19.427133],[-99.148927,19.427142],[-99.148415,19.427268],[-99.148292,19.427299],[-99.147406,19.427234],[-99.147063,19.427217],[-99.146126,19.42715],[-99.144346,19.426972],[-99.143855,19.426925],[-99.143166,19.426851],[-99.142957,19.426828],[-99.142538,19.426783],[-99.142062,19.426699],[-99.141915,19.427445],[-99.141831,19.42794],[-99.141657,19.429007],[-99.14157,19.429542],[-99.141544,19.429694],[-99.141445,19.430294],[-99.148082,19.431252],[-99.14812,19.431256],[-99.148342,19.43017],[-99.148462,19.429637],[-99.148535,19.429306],[-99.14887,19.427679],[-99.148941,19.427263],[-99.148963,19.427133]]]}},{"type":"Feature","properties":{"cp":"06080"},"geometry":{"type":"Polygon","coordinates":[[[-99.142062,19.426699],[-99.14207,19.426499],[-99.142181,19.426019],[-99.142355,19.425396],[-99.142544,19.424739],[-99.1426,19.424525],[-99.142887,19.423393],[-99.142985,19.423041],[-99.143117,19.422243],[-99.142056,19.422266],[-99.14153,19.422289],[-99.140934,19.422312],[-99.140027,19.422354],[-99.138932,19.422348],[-99.138709,19.422356],[-99.138435,19.422371],[-99.137754,19.422416],[-99.137102,19.422491],[-99.135929,19.422574],[-99.13569,19.422497],[-99.135648,19.423408],[-99.135581,19.424016],[-99.13543,19.425095],[-99.135273,19.426105],[-99.13518,19.42678],[-99.135049,19.427619],[-99.134915,19.428421],[-99.134767,19.429374],[-99.141445,19.430294],[-99.141544,19.429694],[-99.14157,19.429542],[-99.141657,19.429007],[-99.141831,19.42794],[-99.141915,19.427445],[-99.142062,19.426699]]]}},{"type":"Feature","properties":{"cp":"06090"},"geometry":{"type":"Polygon","coordinates":[[[-99.134767,19.429374],[-99.134915,19.428421],[-99.135049,19.427619],[-99.13518,19.42678],[-99.135273,19.426105],[-99.13543,19.425095],[-99.135581,19.424016],[-99.135648,19.423408],[-99.13569,19.422497],[-99.133641,19.422282],[-99.133543,19.422753],[-99.133342,19.423737],[-99.132744,19.423741],[-99.132559,19.423731],[-99.13174,19.423638],[-99.131019,19.423548],[-99.129219,19.423284],[-99.128283,19.423155],[-99.126372,19.422899],[-99.126006,19.422873],[-99.125894,19.423501],[-99.125766,19.424362],[-99.125619,19.425399],[-99.125591,19.425553],[-99.125539,19.425849],[-99.125489,19.426437],[-99.125474,19.426538],[-99.12543,19.426776],[-99.125271,19.427633],[-99.125236,19.428338],[-99.126395,19.428321],[-99.12695,19.428282],[-99.127636,19.428353],[-99.128517,19.428481],[-99.129426,19.428614],[-99.130518,19.428768],[-99.131619,19.428927],[-99.13212,19.428998],[-99.132539,19.42906],[-99.133151,19.429146],[-99.133787,19.429235],[-99.134767,19.429374]]]}},{"type":"Feature","properties":{"cp":"06100"},"geometry":{"type":"Polygon","coordinates":[[[-99.170019,19.415813],[-99.170739,19.414737],[-99.17155,19.413306],[-99.171824,19.413439],[-99.171953,19.413447],[-99.172182,19.413416],[-99.172896,19.412603],[-99.173305,19.412154],[-99.173977,19.411416],[-99.174383,19.410977],[-99.175067,19.410244],[-99.175322,19.409971],[-99.175492,19.409775],[-99.175925,19.409278],[-99.176637,19.408527],[-99.177499,19.407587],[-99.178541,19.406942],[-99.178613,19.406898],[-99.179728,19.406637],[-99.180682,19.406648],[-99.179819,19.406376],[-99.178916,19.40607],[-99.177947,19.405748],[-99.177129,19.405447],[-99.176202,19.405123],[-99.175297,19.404825],[-99.174873,19.404681],[-99.174388,19.404522],[-99.173467,19.40421],[-99.172614,19.403931],[-99.171748,19.403693],[-99.171652,19.403663],[-99.171209,19.403527],[-99.170972,19.402748],[-99.170855,19.402215],[-99.170773,19.40184],[-99.170766,19.401798],[-99.170374,19.400332],[-99.170359,19.400201],[-99.170094,19.401014],[-99.169933,19.401512],[-99.169759,19.40202],[-99.169632,19.402448],[-99.169264,19.403547],[-99.168982,19.404418],[-99.168902,19.404673],[-99.168779,19.405081],[-99.168476,19.405901],[-99.168118,19.40699],[-99.167771,19.408135],[-99.167391,19.409281],[-99.167006,19.410455],[-99.166687,19.411514],[-99.166441,19.412272],[-99.166306,19.412727],[-99.166268,19.41283],[-99.165973,19.413696],[-99.165689,19.414611],[-99.165461,19.415328],[-99.165404,19.415509],[-99.167423,19.416735],[-99.167498,19.416777],[-99.169058,19.416438],[-99.169452,19.41639],[-99.170019,19.415813]]]}},{"type":"Feature","properties":{"cp":"06140"},"geometry":{"type":"Polygon","coordinates":[[[-99.176706,19.420246],[-99.176871,19.420224],[-99.177025,19.420183],[-99.177148,19.420027],[-99.177494,19.419469],[-99.177766,19.419286],[-99.177897,19.418954],[-99.1781,19.418524],[-99.178329,19.418112],[-99.178977,19.41693],[-99.179532,19.415931],[-99.179749,19.415547],[-99.180323,19.414465],[-99.180502,19.414145],[-99.181006,19.413297],[-99.181143,19.413079],[-99.18136,19.412713],[-99.181624,19.412358],[-99.182149,19.411487],[-99.181215,19.41097],[-99.180952,19.410759],[-99.180338,19.410395],[-99.179856,19.411309],[-99.179385,19.411315],[-99.178739,19.411296],[-99.178006,19.411321],[-99.177781,19.411332],[-99.177504,19.411345],[-99.176886,19.411375],[-99.175791,19.411427],[-99.1752,19.411432],[-99.174694,19.411477],[-99.174688,19.411477],[-99.17468,19.411476],[-99.174319,19.411491],[-99.173977,19.411416],[-99.173305,19.412154],[-99.172896,19.412603],[-99.172182,19.413416],[-99.171953,19.413447],[-99.171824,19.413439],[-99.17155,19.413306],[-99.170739,19.414737],[-99.170019,19.415813],[-99.17034,19.416277],[-99.171176,19.416037],[-99.171451,19.41593],[-99.171703,19.41574],[-99.172477,19.416283],[-99.173314,19.416868],[-99.173631,19.417115],[-99.174953,19.418146],[-99.175798,19.419072],[-99.176214,19.419589],[-99.176706,19.420246]]]}},{"type":"Feature","properties":{"cp":"06170"},"geometry":{"type":"Polygon","coordinates":[[[-99.182149,19.411487],[-99.182521,19.410915],[-99.182936,19.410381],[-99.182939,19.410377],[-99.18301,19.410252],[-99.183501,19.409406],[-99.183548,19.40932],[-99.184304,19.407827],[-99.182472,19.407218],[-99.180723,19.406661],[-99.180682,19.406648],[-99.179728,19.406637],[-99.178613,19.406898],[-99.178541,19.406942],[-99.177499,19.407587],[-99.176637,19.408527],[-99.175925,19.409278],[-99.175492,19.409775],[-99.175322,19.409971],[-99.175067,19.410244],[-99.174383,19.410977],[-99.173977,19.411416],[-99.174319,19.411491],[-99.17468,19.411476],[-99.174688,19.411477],[-99.174694,19.411477],[-99.1752,19.411432],[-99.175791,19.411427],[-99.176886,19.411375],[-99.177504,19.411345],[-99.177781,19.411332],[-99.178006,19.411321],[-99.178739,19.411296],[-99.179385,19.411315],[-99.179856,19.411309],[-99.180338,19.410395],[-99.180952,19.410759],[-99.181215,19.41097],[-99.182149,19.411487]]]}},{"type":"Feature","properties":{"cp":"06200"},"geometry":{"type":"Polygon","coordinates":[[[-99.132743,19.443373],[-99.131531,19.443274],[-99.130797,19.443219],[-99.130902,19.442314],[-99.128821,19.442131],[-99.127483,19.441989],[-99.125773,19.44183],[-99.124882,19.441736],[-99.123162,19.441581],[-99.123079,19.442495],[-99.123115,19.44266],[-99.123785,19.443574],[-99.123854,19.443717],[-99.124195,19.444411],[-99.124482,19.444977],[-99.125382,19.446648],[-99.125589,19.44695],[-99.125708,19.447124],[-99.125867,19.447405],[-99.12593,19.447618],[-99.125929,19.447795],[-99.125889,19.448187],[-99.125889,19.448188],[-99.125686,19.449216],[-99.125553,19.449835],[-99.125481,19.450204],[-99.125213,19.451086],[-99.125068,19.451395],[-99.125016,19.4515],[-99.124782,19.452009],[-99.126616,19.452421],[-99.126762,19.45245],[-99.127478,19.452588],[-99.127813,19.452644],[-99.127977,19.452674],[-99.129625,19.452964],[-99.13042,19.453074],[-99.130735,19.453102],[-99.13375,19.449352],[-99.134224,19.448786],[-99.134755,19.448207],[-99.134757,19.448204],[-99.135017,19.447921],[-99.13681,19.44624],[-99.138089,19.44505],[-99.138104,19.445035],[-99.138894,19.444368],[-99.138714,19.44396],[-99.137874,19.443871],[-99.136989,19.4438],[-99.13524,19.443635],[-99.133964,19.443482],[-99.133251,19.443417],[-99.132743,19.443373]]]}},{"type":"Feature","properties":{"cp":"06220"},"geometry":{"type":"Polygon","coordinates":[[[-99.128069,19.457002],[-99.127781,19.457639],[-99.127543,19.458237],[-99.127238,19.459026],[-99.126406,19.461153],[-99.127377,19.461461],[-99.127551,19.461527],[-99.128111,19.461848],[-99.128471,19.462054],[-99.128843,19.462267],[-99.129191,19.462467],[-99.129512,19.46265],[-99.130432,19.463196],[-99.130906,19.463477],[-99.131419,19.463783],[-99.132426,19.464376],[-99.132862,19.464641],[-99.133121,19.464765],[-99.133337,19.464854],[-99.133681,19.464939],[-99.133838,19.464962],[-99.134229,19.464981],[-99.134921,19.465009],[-99.136138,19.465059],[-99.137497,19.465106],[-99.138592,19.465158],[-99.139223,19.465183],[-99.13981,19.465246],[-99.140807,19.465353],[-99.14099,19.465391],[-99.1411,19.465418],[-99.141213,19.465468],[-99.141324,19.465567],[-99.141424,19.465677],[-99.141479,19.465723],[-99.14165,19.465799],[-99.141666,19.46578],[-99.142588,19.464668],[-99.142259,19.463738],[-99.141769,19.463084],[-99.141407,19.462383],[-99.14103,19.461702],[-99.140858,19.461373],[-99.140633,19.460973],[-99.140561,19.460812],[-99.14033,19.460393],[-99.140056,19.46038],[-99.138827,19.4603],[-99.137687,19.460211],[-99.136775,19.460135],[-99.136389,19.460013],[-99.135355,19.459639],[-99.13453,19.459333],[-99.133625,19.458988],[-99.132832,19.458687],[-99.132214,19.458474],[-99.131189,19.4581],[-99.130201,19.45774],[-99.129133,19.457361],[-99.128069,19.457002]]]}},{"type":"Feature","properties":{"cp":"06240"},"geometry":{"type":"Polygon","coordinates":[[[-99.126406,19.461153],[-99.127238,19.459026],[-99.127543,19.458237],[-99.127781,19.457639],[-99.128069,19.457002],[-99.12699,19.456762],[-99.126108,19.456552],[-99.12545,19.456404],[-99.124621,19.456231],[-99.123781,19.45603],[-99.12369,19.45643],[-99.123558,19.457045],[-99.123332,19.458154],[-99.123114,19.45851],[-99.122296,19.459798],[-99.122411,19.45983],[-99.122721,19.459929],[-99.122872,19.459978],[-99.126406,19.461153]]]}},{"type":"Feature","properties":{"cp":"06250"},"geometry":{"type":"Polygon","coordinates":[[[-99.128069,19.457002],[-99.129133,19.457361],[-99.130201,19.45774],[-99.131189,19.4581],[-99.132214,19.458474],[-99.132832,19.458687],[-99.133625,19.458988],[-99.13453,19.459333],[-99.135355,19.459639],[-99.136389,19.460013],[-99.136775,19.460135],[-99.137687,19.460211],[-99.138827,19.4603],[-99.140056,19.46038],[-99.14033,19.460393],[-99.140108,19.459976],[-99.139841,19.459508],[-99.139561,19.458985],[-99.139522,19.458895],[-99.139556,19.458763],[-99.139704,19.458214],[-99.140395,19.455233],[-99.140377,19.455229],[-99.139374,19.454972],[-99.138357,19.454734],[-99.137464,19.454533],[-99.137345,19.454507],[-99.136816,19.454387],[-99.135091,19.453999],[-99.133968,19.453746],[-99.131902,19.453281],[-99.130735,19.453102],[-99.130004,19.453983],[-99.129667,19.454533],[-99.129244,19.455183],[-99.128846,19.455827],[-99.128069,19.457002]]]}},{"type":"Feature","properties":{"cp":"06270"},"geometry":{"type":"Polygon","coordinates":[[[-99.130004,19.453983],[-99.129927,19.453964],[-99.129777,19.453933],[-99.12948,19.453881],[-99.129239,19.453834],[-99.129123,19.453822],[-99.129017,19.453815],[-99.128661,19.453753],[-99.12823,19.453657],[-99.127806,19.453573],[-99.127361,19.453498],[-99.127067,19.45393],[-99.126657,19.454579],[-99.126221,19.455211],[-99.12545,19.456404],[-99.126108,19.456552],[-99.12699,19.456762],[-99.128069,19.457002],[-99.128846,19.455827],[-99.129244,19.455183],[-99.129667,19.454533],[-99.130004,19.453983]]]}},{"type":"Feature","properties":{"cp":"06280"},"geometry":{"type":"Polygon","coordinates":[[[-99.130735,19.453102],[-99.13042,19.453074],[-99.129625,19.452964],[-99.127977,19.452674],[-99.127813,19.452644],[-99.127478,19.452588],[-99.126762,19.45245],[-99.126616,19.452421],[-99.124782,19.452009],[-99.124423,19.453336],[-99.124278,19.454098],[-99.124166,19.454545],[-99.124106,19.454795],[-99.123781,19.45603],[-99.124621,19.456231],[-99.12545,19.456404],[-99.126221,19.455211],[-99.126657,19.454579],[-99.127067,19.45393],[-99.127361,19.453498],[-99.127806,19.453573],[-99.12823,19.453657],[-99.128661,19.453753],[-99.129017,19.453815],[-99.129123,19.453822],[-99.129239,19.453834],[-99.12948,19.453881],[-99.129777,19.453933],[-99.129927,19.453964],[-99.130004,19.453983],[-99.130735,19.453102]]]}},{"type":"Feature","properties":{"cp":"06300"},"geometry":{"type":"Polygon","coordinates":[[[-99.138714,19.44396],[-99.138894,19.444368],[-99.138104,19.445035],[-99.138089,19.44505],[-99.13681,19.44624],[-99.135017,19.447921],[-99.134757,19.448204],[-99.134755,19.448207],[-99.13476,19.448209],[-99.134786,19.448218],[-99.135368,19.448501],[-99.136527,19.44904],[-99.138412,19.449926],[-99.138515,19.449974],[-99.139221,19.450305],[-99.140694,19.450971],[-99.141241,19.451155],[-99.142637,19.451533],[-99.143635,19.451821],[-99.144011,19.451923],[-99.144345,19.452026],[-99.144447,19.452055],[-99.145771,19.452461],[-99.145956,19.451665],[-99.146048,19.451295],[-99.146163,19.450827],[-99.146386,19.449918],[-99.14662,19.448967],[-99.146853,19.448023],[-99.147048,19.447066],[-99.147249,19.446099],[-99.147417,19.445281],[-99.147614,19.444322],[-99.147832,19.443406],[-99.148028,19.442534],[-99.148245,19.441621],[-99.148743,19.439969],[-99.148864,19.439231],[-99.148877,19.438887],[-99.149078,19.43787],[-99.148605,19.43777],[-99.14824,19.437697],[-99.147812,19.437613],[-99.147628,19.437577],[-99.146713,19.437395],[-99.145982,19.437237],[-99.143996,19.436777],[-99.143027,19.43658],[-99.142207,19.436439],[-99.141735,19.436345],[-99.140616,19.436087],[-99.140473,19.436884],[-99.140309,19.437741],[-99.140165,19.438619],[-99.140038,19.439648],[-99.140022,19.439774],[-99.139917,19.440382],[-99.139587,19.44278],[-99.139443,19.442893],[-99.13915,19.443328],[-99.138714,19.44396]]]}},{"type":"Feature","properties":{"cp":"06350"},"geometry":{"type":"Polygon","coordinates":[[[-99.151857,19.454038],[-99.151961,19.453068],[-99.152239,19.451702],[-99.152453,19.45072],[-99.152608,19.44987],[-99.152938,19.44798],[-99.153227,19.446306],[-99.153283,19.445964],[-99.15341,19.445679],[-99.153587,19.445239],[-99.153957,19.444432],[-99.154319,19.443673],[-99.154603,19.442684],[-99.154728,19.442103],[-99.154937,19.441472],[-99.155235,19.440811],[-99.155236,19.440808],[-99.155277,19.440718],[-99.155686,19.439811],[-99.154715,19.439429],[-99.154139,19.439187],[-99.153392,19.438874],[-99.152214,19.438568],[-99.151162,19.43832],[-99.150539,19.438182],[-99.149078,19.43787],[-99.148877,19.438887],[-99.148864,19.439231],[-99.148743,19.439969],[-99.148245,19.441621],[-99.148028,19.442534],[-99.147832,19.443406],[-99.147614,19.444322],[-99.147417,19.445281],[-99.147249,19.446099],[-99.147048,19.447066],[-99.146853,19.448023],[-99.14662,19.448967],[-99.146386,19.449918],[-99.146163,19.450827],[-99.146048,19.451295],[-99.145956,19.451665],[-99.145771,19.452461],[-99.147131,19.452882],[-99.147589,19.453015],[-99.14848,19.45329],[-99.149478,19.453612],[-99.149857,19.453712],[-99.150159,19.453792],[-99.150704,19.453841],[-99.151026,19.453904],[-99.151857,19.454038]]]}},{"type":"Feature","properties":{"cp":"06400"},"geometry":{"type":"Polygon","coordinates":[[[-99.155686,19.439811],[-99.155277,19.440718],[-99.155236,19.440808],[-99.155235,19.440811],[-99.154937,19.441472],[-99.154728,19.442103],[-99.154603,19.442684],[-99.154319,19.443673],[-99.153957,19.444432],[-99.153587,19.445239],[-99.15341,19.445679],[-99.153283,19.445964],[-99.153227,19.446306],[-99.152938,19.44798],[-99.152608,19.44987],[-99.152453,19.45072],[-99.152239,19.451702],[-99.151961,19.453068],[-99.151857,19.454038],[-99.15246,19.45412],[-99.152702,19.454153],[-99.153018,19.454196],[-99.154093,19.454359],[-99.155269,19.45453],[-99.155875,19.454607],[-99.156664,19.454706],[-99.157739,19.454883],[-99.15882,19.455048],[-99.159364,19.455131],[-99.159913,19.455217],[-99.161038,19.455376],[-99.162027,19.455538],[-99.162922,19.45568],[-99.163403,19.455761],[-99.163823,19.455817],[-99.163831,19.455754],[-99.164012,19.454273],[-99.164081,19.453714],[-99.1642,19.452682],[-99.164228,19.452336],[-99.164272,19.451849],[-99.164306,19.450627],[-99.164331,19.449985],[-99.164734,19.448173],[-99.164839,19.447671],[-99.164918,19.447277],[-99.165039,19.446698],[-99.165135,19.446293],[-99.16522,19.445906],[-99.165302,19.445537],[-99.165385,19.445184],[-99.165534,19.444587],[-99.165721,19.443821],[-99.165777,19.443661],[-99.164872,19.443114],[-99.163663,19.442809],[-99.162469,19.442556],[-99.160458,19.441758],[-99.15946,19.441333],[-99.158072,19.440749],[-99.15683,19.440266],[-99.155686,19.439811]]]}},{"type":"Feature","properties":{"cp":"06430"},"geometry":{"type":"Polygon","coordinates":[[[-99.142588,19.464668],[-99.141666,19.46578],[-99.14165,19.465799],[-99.14174,19.465816],[-99.141933,19.465824],[-99.142142,19.46577],[-99.14237,19.465649],[-99.142472,19.465573],[-99.143118,19.465063],[-99.145245,19.464316],[-99.145804,19.464155],[-99.14631,19.46401],[-99.146616,19.463922],[-99.146829,19.46386],[-99.147306,19.463723],[-99.147735,19.463596],[-99.148037,19.463507],[-99.148326,19.463437],[-99.148736,19.463338],[-99.150028,19.463017],[-99.150314,19.46296],[-99.150554,19.46294],[-99.150828,19.462948],[-99.151687,19.463054],[-99.152367,19.46314],[-99.15288,19.463203],[-99.153223,19.463242],[-99.153466,19.463294],[-99.153611,19.463323],[-99.153783,19.462402],[-99.15391,19.461691],[-99.154046,19.460968],[-99.154222,19.460085],[-99.153008,19.459912],[-99.152401,19.459819],[-99.151595,19.459696],[-99.149519,19.459297],[-99.148045,19.458887],[-99.147907,19.458846],[-99.14706,19.458703],[-99.146227,19.459936],[-99.145145,19.461304],[-99.144791,19.46175],[-99.143238,19.463886],[-99.142588,19.464668]]]}},{"type":"Feature","properties":{"cp":"06450"},"geometry":{"type":"Polygon","coordinates":[[[-99.163713,19.456435],[-99.163719,19.456397],[-99.163823,19.455817],[-99.163403,19.455761],[-99.162922,19.45568],[-99.162027,19.455538],[-99.161038,19.455376],[-99.159913,19.455217],[-99.159364,19.455131],[-99.15882,19.455048],[-99.157739,19.454883],[-99.156664,19.454706],[-99.155875,19.454607],[-99.155269,19.45453],[-99.154093,19.454359],[-99.153018,19.454196],[-99.152702,19.454153],[-99.15246,19.45412],[-99.151857,19.454038],[-99.15183,19.454158],[-99.151689,19.455057],[-99.151617,19.455236],[-99.149924,19.456462],[-99.149671,19.456627],[-99.148799,19.457202],[-99.148538,19.457388],[-99.147976,19.457798],[-99.147518,19.458161],[-99.147402,19.458314],[-99.14706,19.458703],[-99.147907,19.458846],[-99.148045,19.458887],[-99.149519,19.459297],[-99.151595,19.459696],[-99.152401,19.459819],[-99.153008,19.459912],[-99.154222,19.460085],[-99.154046,19.460968],[-99.15391,19.461691],[-99.153783,19.462402],[-99.153611,19.463323],[-99.15455,19.463479],[-99.154994,19.463567],[-99.155684,19.463697],[-99.156085,19.463791],[-99.156528,19.463904],[-99.15708,19.464015],[-99.157311,19.464055],[-99.157577,19.464082],[-99.15794,19.46408],[-99.158246,19.464038],[-99.158651,19.463925],[-99.158853,19.463839],[-99.159102,19.463698],[-99.159304,19.463553],[-99.159451,19.463427],[-99.159549,19.463324],[-99.15973,19.463068],[-99.160045,19.462601],[-99.160258,19.462212],[-99.160446,19.461873],[-99.160716,19.461406],[-99.160866,19.461189],[-99.161054,19.460969],[-99.161269,19.460768],[-99.161623,19.460493],[-99.1621,19.460135],[-99.162321,19.459972],[-99.162571,19.459772],[-99.162699,19.459637],[-99.162826,19.45949],[-99.162935,19.459341],[-99.163082,19.459063],[-99.163154,19.458883],[-99.163317,19.458163],[-99.163458,19.457554],[-99.163571,19.457064],[-99.163713,19.456435]]]}},{"type":"Feature","properties":{"cp":"06470"},"geometry":{"type":"Polygon","coordinates":[[[-99.155686,19.439811],[-99.15683,19.440266],[-99.158072,19.440749],[-99.15946,19.441333],[-99.160458,19.441758],[-99.162469,19.442556],[-99.163663,19.442809],[-99.164872,19.443114],[-99.165777,19.443661],[-99.165902,19.443385],[-99.166415,19.442524],[-99.16689,19.441462],[-99.167418,19.440359],[-99.168487,19.438152],[-99.168798,19.437633],[-99.169111,19.437161],[-99.169678,19.436325],[-99.169117,19.436111],[-99.168651,19.435935],[-99.168122,19.435702],[-99.167711,19.435495],[-99.166946,19.435222],[-99.165896,19.43484],[-99.164814,19.434551],[-99.163701,19.43421],[-99.162583,19.433797],[-99.161975,19.43355],[-99.16092,19.433073],[-99.159952,19.432671],[-99.159006,19.432286],[-99.158081,19.434376],[-99.157091,19.436625],[-99.156434,19.438114],[-99.155686,19.439811]]]}},{"type":"Feature","properties":{"cp":"06500"},"geometry":{"type":"Polygon","coordinates":[[[-99.159899,19.430706],[-99.159266,19.431746],[-99.159006,19.432286],[-99.159952,19.432671],[-99.16092,19.433073],[-99.161975,19.43355],[-99.162583,19.433797],[-99.163701,19.43421],[-99.164814,19.434551],[-99.165896,19.43484],[-99.166946,19.435222],[-99.167711,19.435495],[-99.168122,19.435702],[-99.168651,19.435935],[-99.169117,19.436111],[-99.169678,19.436325],[-99.170581,19.434892],[-99.170582,19.434891],[-99.170593,19.434873],[-99.17114,19.434048],[-99.171192,19.433981],[-99.171325,19.433773],[-99.171385,19.43367],[-99.171433,19.433603],[-99.171463,19.43356],[-99.171504,19.433492],[-99.172209,19.432402],[-99.172336,19.432173],[-99.172635,19.431631],[-99.173013,19.430939],[-99.173074,19.430827],[-99.173783,19.429545],[-99.173827,19.429478],[-99.174265,19.428829],[-99.17439,19.428635],[-99.174684,19.428178],[-99.174743,19.428087],[-99.174816,19.427974],[-99.175658,19.426723],[-99.176186,19.425916],[-99.176457,19.425466],[-99.176655,19.425179],[-99.177066,19.424524],[-99.177636,19.423596],[-99.176944,19.423473],[-99.17622,19.423358],[-99.175936,19.423332],[-99.175678,19.423338],[-99.17433,19.42393],[-99.173018,19.424535],[-99.172563,19.424739],[-99.172191,19.424912],[-99.171927,19.425048],[-99.171872,19.425075],[-99.171875,19.425118],[-99.171868,19.42516],[-99.171827,19.425234],[-99.171754,19.425285],[-99.171694,19.4253],[-99.171639,19.425298],[-99.17159,19.425284],[-99.171564,19.42527],[-99.171524,19.425238],[-99.170367,19.42577],[-99.170336,19.425785],[-99.16987,19.426003],[-99.169016,19.426405],[-99.168254,19.426763],[-99.168089,19.426843],[-99.168105,19.4269],[-99.168112,19.426975],[-99.168105,19.427042],[-99.16809,19.4271],[-99.168042,19.427193],[-99.167977,19.427265],[-99.167887,19.427326],[-99.167839,19.427343],[-99.167777,19.427364],[-99.167613,19.427366],[-99.167492,19.427327],[-99.167396,19.427261],[-99.167343,19.427203],[-99.167212,19.42727],[-99.166796,19.427465],[-99.166386,19.427649],[-99.165914,19.427881],[-99.165058,19.428281],[-99.164445,19.428569],[-99.164149,19.428664],[-99.164063,19.428692],[-99.164094,19.428762],[-99.164104,19.42884],[-99.164094,19.428907],[-99.16409,19.428925],[-99.164077,19.428972],[-99.164037,19.429033],[-99.163999,19.429078],[-99.163949,19.42912],[-99.163876,19.429151],[-99.163837,19.429162],[-99.163792,19.429168],[-99.163731,19.429168],[-99.163657,19.429159],[-99.163589,19.429133],[-99.163484,19.429053],[-99.163457,19.429011],[-99.162711,19.429385],[-99.162154,19.429652],[-99.161635,19.429895],[-99.161615,19.429903],[-99.160895,19.43025],[-99.160259,19.430542],[-99.159899,19.430706]]]}},{"type":"Feature","properties":{"cp":"06600"},"geometry":{"type":"Polygon","coordinates":[[[-99.153658,19.425851],[-99.153588,19.426113],[-99.153209,19.427053],[-99.153007,19.427509],[-99.15255,19.428574],[-99.152105,19.429665],[-99.151712,19.430559],[-99.151533,19.430774],[-99.15147,19.430913],[-99.15148,19.431102],[-99.151464,19.431203],[-99.151242,19.431719],[-99.150867,19.432594],[-99.15056,19.433299],[-99.149736,19.435461],[-99.153484,19.433688],[-99.154289,19.433276],[-99.154584,19.433287],[-99.154713,19.433261],[-99.154832,19.433213],[-99.15494,19.433158],[-99.155007,19.43312],[-99.155075,19.433075],[-99.155166,19.433003],[-99.155217,19.432938],[-99.155227,19.432856],[-99.156832,19.432164],[-99.158377,19.431438],[-99.159522,19.430915],[-99.159899,19.430706],[-99.160259,19.430542],[-99.160895,19.43025],[-99.161615,19.429903],[-99.161635,19.429895],[-99.162154,19.429652],[-99.162711,19.429385],[-99.163457,19.429011],[-99.163484,19.429053],[-99.163589,19.429133],[-99.163657,19.429159],[-99.163731,19.429168],[-99.163792,19.429168],[-99.163837,19.429162],[-99.163876,19.429151],[-99.163949,19.42912],[-99.163999,19.429078],[-99.164037,19.429033],[-99.164077,19.428972],[-99.16409,19.428925],[-99.164094,19.428907],[-99.164104,19.42884],[-99.164094,19.428762],[-99.164063,19.428692],[-99.164149,19.428664],[-99.164445,19.428569],[-99.165058,19.428281],[-99.165914,19.427881],[-99.166386,19.427649],[-99.166796,19.427465],[-99.167212,19.42727],[-99.167343,19.427203],[-99.167396,19.427261],[-99.167492,19.427327],[-99.167613,19.427366],[-99.167777,19.427364],[-99.167839,19.427343],[-99.167887,19.427326],[-99.167977,19.427265],[-99.168042,19.427193],[-99.16809,19.4271],[-99.168105,19.427042],[-99.168112,19.426975],[-99.168105,19.4269],[-99.168089,19.426843],[-99.168254,19.426763],[-99.169016,19.426405],[-99.16987,19.426003],[-99.170336,19.425785],[-99.170367,19.42577],[-99.171524,19.425238],[-99.171564,19.42527],[-99.17159,19.425284],[-99.171639,19.425298],[-99.171694,19.4253],[-99.171754,19.425285],[-99.171827,19.425234],[-99.171868,19.42516],[-99.171875,19.425118],[-99.171872,19.425075],[-99.171927,19.425048],[-99.172191,19.424912],[-99.172563,19.424739],[-99.173018,19.424535],[-99.17433,19.42393],[-99.175678,19.423338],[-99.175447,19.423013],[-99.175406,19.422897],[-99.175296,19.422756],[-99.175426,19.422735],[-99.175508,19.422722],[-99.175591,19.422671],[-99.175661,19.422596],[-99.176307,19.421469],[-99.17638,19.421276],[-99.176388,19.421204],[-99.176359,19.421126],[-99.176333,19.421041],[-99.176378,19.420973],[-99.176416,19.420838],[-99.1762,19.420806],[-99.176076,19.420811],[-99.175871,19.42084],[-99.17546,19.420926],[-99.174622,19.42111],[-99.174141,19.421229],[-99.165707,19.423156],[-99.164252,19.423549],[-99.163631,19.423705],[-99.163639,19.423586],[-99.163608,19.423439],[-99.163565,19.42334],[-99.163515,19.423262],[-99.163449,19.423181],[-99.1634,19.423146],[-99.163373,19.423125],[-99.163298,19.423079],[-99.163185,19.423036],[-99.163119,19.423018],[-99.163079,19.423009],[-99.16299,19.423003],[-99.162911,19.423007],[-99.162843,19.423018],[-99.162784,19.423033],[-99.162723,19.423055],[-99.162618,19.42311],[-99.162556,19.423154],[-99.162499,19.423208],[-99.16243,19.423294],[-99.162384,19.42338],[-99.162351,19.423472],[-99.162337,19.423538],[-99.162331,19.423607],[-99.162334,19.423682],[-99.162343,19.423739],[-99.162354,19.423785],[-99.162365,19.423818],[-99.16237,19.423833],[-99.162394,19.423888],[-99.161268,19.424138],[-99.16008,19.424433],[-99.160002,19.424453],[-99.15888,19.424689],[-99.158819,19.424703],[-99.158094,19.424871],[-99.157349,19.425037],[-99.15659,19.425204],[-99.156453,19.425236],[-99.155424,19.42546],[-99.155297,19.42549],[-99.153658,19.425851]]]}},{"type":"Feature","properties":{"cp":"06700"},"geometry":{"type":"Polygon","coordinates":[[[-99.153787,19.424263],[-99.153658,19.425851],[-99.155297,19.42549],[-99.155424,19.42546],[-99.156453,19.425236],[-99.15659,19.425204],[-99.157349,19.425037],[-99.158094,19.424871],[-99.158819,19.424703],[-99.15888,19.424689],[-99.160002,19.424453],[-99.16008,19.424433],[-99.161268,19.424138],[-99.162394,19.423888],[-99.16237,19.423833],[-99.162365,19.423818],[-99.162354,19.423785],[-99.162343,19.423739],[-99.162334,19.423682],[-99.162331,19.423607],[-99.162337,19.423538],[-99.162351,19.423472],[-99.162384,19.42338],[-99.16243,19.423294],[-99.162499,19.423208],[-99.162556,19.423154],[-99.162618,19.42311],[-99.162723,19.423055],[-99.162784,19.423033],[-99.162843,19.423018],[-99.162911,19.423007],[-99.16299,19.423003],[-99.163079,19.423009],[-99.163119,19.423018],[-99.163185,19.423036],[-99.163298,19.423079],[-99.163373,19.423125],[-99.1634,19.423146],[-99.163449,19.423181],[-99.163515,19.423262],[-99.163565,19.42334],[-99.163608,19.423439],[-99.163639,19.423586],[-99.163631,19.423705],[-99.164252,19.423549],[-99.165707,19.423156],[-99.174141,19.421229],[-99.174622,19.42111],[-99.17546,19.420926],[-99.175871,19.42084],[-99.176076,19.420811],[-99.1762,19.420806],[-99.176416,19.420838],[-99.176439,19.420687],[-99.176453,19.420636],[-99.176473,19.420563],[-99.176549,19.420454],[-99.176617,19.420377],[-99.176673,19.420301],[-99.176706,19.420246],[-99.176214,19.419589],[-99.175798,19.419072],[-99.174953,19.418146],[-99.173631,19.417115],[-99.173314,19.416868],[-99.172477,19.416283],[-99.171703,19.41574],[-99.171451,19.41593],[-99.171176,19.416037],[-99.17034,19.416277],[-99.170019,19.415813],[-99.169452,19.41639],[-99.169058,19.416438],[-99.167498,19.416777],[-99.167423,19.416735],[-99.165404,19.415509],[-99.165461,19.415328],[-99.165689,19.414611],[-99.165973,19.413696],[-99.166268,19.41283],[-99.166306,19.412727],[-99.166441,19.412272],[-99.166687,19.411514],[-99.167006,19.410455],[-99.165982,19.410651],[-99.164366,19.410977],[-99.162521,19.411332],[-99.161032,19.411623],[-99.159663,19.411906],[-99.159507,19.411854],[-99.159253,19.411888],[-99.158738,19.411704],[-99.158051,19.411688],[-99.156865,19.411756],[-99.154795,19.41177],[-99.153982,19.422556],[-99.153887,19.423547],[-99.153787,19.424263]]]}},{"type":"Feature","properties":{"cp":"06720"},"geometry":{"type":"Polygon","coordinates":[[[-99.154795,19.41177],[-99.155106,19.408321],[-99.155176,19.407441],[-99.155218,19.406549],[-99.151483,19.40676],[-99.151008,19.406785],[-99.150704,19.406813],[-99.149703,19.406885],[-99.148089,19.406986],[-99.147771,19.407008],[-99.147186,19.407047],[-99.146404,19.407094],[-99.145527,19.407153],[-99.144645,19.407213],[-99.143286,19.420885],[-99.143221,19.421501],[-99.143117,19.422243],[-99.142985,19.423041],[-99.142887,19.423393],[-99.1426,19.424525],[-99.142544,19.424739],[-99.142355,19.425396],[-99.142181,19.426019],[-99.14207,19.426499],[-99.142062,19.426699],[-99.142538,19.426783],[-99.142957,19.426828],[-99.143166,19.426851],[-99.143855,19.426925],[-99.144346,19.426972],[-99.146126,19.42715],[-99.147063,19.427217],[-99.147406,19.427234],[-99.148292,19.427299],[-99.148415,19.427268],[-99.148927,19.427142],[-99.148963,19.427133],[-99.150959,19.426596],[-99.153004,19.426048],[-99.153658,19.425851],[-99.153787,19.424263],[-99.153887,19.423547],[-99.153982,19.422556],[-99.154795,19.41177]]]}},{"type":"Feature","properties":{"cp":"06760"},"geometry":{"type":"Polygon","coordinates":[[[-99.155395,19.40406],[-99.155302,19.405337],[-99.15523,19.406352],[-99.155218,19.406549],[-99.155176,19.407441],[-99.155106,19.408321],[-99.154795,19.41177],[-99.156865,19.411756],[-99.158051,19.411688],[-99.158738,19.411704],[-99.159253,19.411888],[-99.159507,19.411854],[-99.159663,19.411906],[-99.161032,19.411623],[-99.162521,19.411332],[-99.164366,19.410977],[-99.165982,19.410651],[-99.167006,19.410455],[-99.167391,19.409281],[-99.167771,19.408135],[-99.168118,19.40699],[-99.168476,19.405901],[-99.168779,19.405081],[-99.168902,19.404673],[-99.168982,19.404418],[-99.169264,19.403547],[-99.169632,19.402448],[-99.169759,19.40202],[-99.169933,19.401512],[-99.170094,19.401014],[-99.170359,19.400201],[-99.170395,19.39995],[-99.170435,19.39979],[-99.170245,19.399835],[-99.168949,19.40014],[-99.168069,19.400347],[-99.167897,19.400388],[-99.167543,19.400483],[-99.167122,19.400628],[-99.166478,19.400879],[-99.165872,19.401104],[-99.165266,19.40133],[-99.164763,19.401532],[-99.164332,19.401716],[-99.163807,19.401907],[-99.163247,19.402101],[-99.163016,19.402174],[-99.162685,19.402282],[-99.162285,19.402406],[-99.161771,19.402575],[-99.16133,19.402706],[-99.160885,19.402843],[-99.160766,19.40288],[-99.160338,19.403011],[-99.159687,19.403201],[-99.158989,19.403413],[-99.158537,19.403547],[-99.158147,19.403661],[-99.157728,19.403786],[-99.157174,19.403933],[-99.156957,19.403983],[-99.156701,19.404024],[-99.156329,19.404063],[-99.156166,19.40406],[-99.155395,19.40406]]]}},{"type":"Feature","properties":{"cp":"06780"},"geometry":{"type":"Polygon","coordinates":[[[-99.149736,19.404041],[-99.148774,19.404033],[-99.148495,19.404028],[-99.147624,19.404014],[-99.146809,19.403981],[-99.146026,19.403941],[-99.14591,19.403936],[-99.144979,19.403876],[-99.144979,19.403876],[-99.144975,19.403875],[-99.144949,19.404139],[-99.144887,19.40476],[-99.144797,19.405561],[-99.144645,19.407213],[-99.145527,19.407153],[-99.146404,19.407094],[-99.147186,19.407047],[-99.147771,19.407008],[-99.148089,19.406986],[-99.149703,19.406885],[-99.150704,19.406813],[-99.151008,19.406785],[-99.151483,19.40676],[-99.155218,19.406549],[-99.15523,19.406352],[-99.155302,19.405337],[-99.155395,19.40406],[-99.153109,19.404055],[-99.152418,19.404058],[-99.151773,19.404059],[-99.151234,19.404052],[-99.151141,19.404051],[-99.150205,19.40405],[-99.149736,19.404041]]]}},{"type":"Feature","properties":{"cp":"06800"},"geometry":{"type":"Polygon","coordinates":[[[-99.143117,19.422243],[-99.143221,19.421501],[-99.143286,19.420885],[-99.144645,19.407213],[-99.143762,19.407234],[-99.142953,19.407283],[-99.142217,19.407328],[-99.141296,19.407398],[-99.14045,19.407463],[-99.139536,19.407533],[-99.138588,19.407597],[-99.137682,19.407694],[-99.136882,19.407747],[-99.136275,19.407827],[-99.13584,19.408024],[-99.135791,19.40834],[-99.135688,19.408937],[-99.135608,19.409509],[-99.135542,19.40988],[-99.135491,19.410272],[-99.13541,19.410805],[-99.135321,19.411324],[-99.135263,19.411769],[-99.135198,19.412174],[-99.135127,19.412618],[-99.135044,19.413115],[-99.135027,19.413234],[-99.134822,19.414526],[-99.134725,19.415172],[-99.134664,19.415638],[-99.134588,19.416127],[-99.134439,19.416997],[-99.134431,19.417088],[-99.134366,19.41749],[-99.134299,19.417956],[-99.134184,19.418677],[-99.134066,19.419335],[-99.133938,19.420045],[-99.133873,19.420582],[-99.133741,19.421489],[-99.133641,19.422282],[-99.13569,19.422497],[-99.135929,19.422574],[-99.137102,19.422491],[-99.137754,19.422416],[-99.138435,19.422371],[-99.138709,19.422356],[-99.138932,19.422348],[-99.140027,19.422354],[-99.140934,19.422312],[-99.14153,19.422289],[-99.142056,19.422266],[-99.143117,19.422243]]]}},{"type":"Feature","properties":{"cp":"06820"},"geometry":{"type":"Polygon","coordinates":[[[-99.133641,19.422282],[-99.133741,19.421489],[-99.133873,19.420582],[-99.133938,19.420045],[-99.134066,19.419335],[-99.134184,19.418677],[-99.134299,19.417956],[-99.134366,19.41749],[-99.134431,19.417088],[-99.134439,19.416997],[-99.134588,19.416127],[-99.134664,19.415638],[-99.134725,19.415172],[-99.134822,19.414526],[-99.135027,19.413234],[-99.133779,19.413256],[-99.133503,19.41328],[-99.13331,19.413276],[-99.132681,19.413286],[-99.13067,19.413352],[-99.12921,19.413394],[-99.128695,19.413411],[-99.128155,19.413438],[-99.128167,19.413526],[-99.1282,19.41376],[-99.128079,19.414555],[-99.127901,19.415541],[-99.127829,19.415958],[-99.127618,19.417401],[-99.128801,19.41752],[-99.12996,19.417639],[-99.129913,19.418066],[-99.129868,19.418465],[-99.129809,19.418892],[-99.129511,19.421252],[-99.129296,19.422838],[-99.129222,19.423263],[-99.129219,19.423284],[-99.131019,19.423548],[-99.13174,19.423638],[-99.132559,19.423731],[-99.132744,19.423741],[-99.133342,19.423737],[-99.133543,19.422753],[-99.133641,19.422282]]]}},{"type":"Feature","properties":{"cp":"06840"},"geometry":{"type":"Polygon","coordinates":[[[-99.129219,19.423284],[-99.129222,19.423263],[-99.129296,19.422838],[-99.129511,19.421252],[-99.129809,19.418892],[-99.129868,19.418465],[-99.129913,19.418066],[-99.12996,19.417639],[-99.128801,19.41752],[-99.127618,19.417401],[-99.127409,19.418678],[-99.127373,19.418988],[-99.127139,19.420378],[-99.127008,19.420751],[-99.126583,19.421699],[-99.126221,19.422486],[-99.126079,19.422761],[-99.126034,19.42283],[-99.126006,19.422873],[-99.126372,19.422899],[-99.128283,19.423155],[-99.129219,19.423284]]]}},{"type":"Feature","properties":{"cp":"06850"},"geometry":{"type":"Polygon","coordinates":[[[-99.125698,19.404331],[-99.125867,19.405194],[-99.12615,19.406678],[-99.126188,19.406827],[-99.126256,19.406751],[-99.126897,19.406483],[-99.127257,19.40633],[-99.12766,19.406159],[-99.128096,19.405974],[-99.128804,19.40566],[-99.129504,19.405369],[-99.129817,19.405223],[-99.130026,19.405244],[-99.130458,19.405284],[-99.130913,19.405351],[-99.131352,19.40541],[-99.131815,19.405477],[-99.132258,19.405544],[-99.13267,19.405599],[-99.133025,19.405632],[-99.133422,19.405687],[-99.134188,19.405795],[-99.134416,19.405828],[-99.134908,19.405899],[-99.135438,19.405969],[-99.1361,19.406054],[-99.136479,19.403888],[-99.136501,19.40343],[-99.136548,19.40309],[-99.136588,19.402812],[-99.136442,19.402811],[-99.136251,19.402842],[-99.136039,19.402911],[-99.135874,19.403055],[-99.13575,19.403197],[-99.13564,19.403281],[-99.135421,19.403363],[-99.135163,19.40335],[-99.134719,19.403323],[-99.134298,19.403299],[-99.1338,19.403265],[-99.133787,19.403264],[-99.133241,19.403237],[-99.132912,19.403213],[-99.132735,19.403206],[-99.132499,19.403191],[-99.132183,19.403163],[-99.131976,19.403148],[-99.131619,19.403125],[-99.131498,19.403119],[-99.131119,19.403103],[-99.131057,19.403106],[-99.130857,19.403111],[-99.130589,19.40313],[-99.130529,19.403136],[-99.130311,19.403165],[-99.130039,19.403208],[-99.129791,19.403261],[-99.129504,19.403339],[-99.128835,19.403546],[-99.128315,19.40369],[-99.128144,19.403742],[-99.127922,19.403811],[-99.127695,19.403876],[-99.127516,19.403927],[-99.127064,19.404068],[-99.126476,19.404185],[-99.126405,19.404196],[-99.125698,19.404331]]]}},{"type":"Feature","properties":{"cp":"06860"},"geometry":{"type":"Polygon","coordinates":[[[-99.13584,19.408024],[-99.135214,19.408394],[-99.135047,19.408419],[-99.134535,19.408452],[-99.134033,19.408496],[-99.133502,19.408529],[-99.132994,19.40855],[-99.132607,19.408575],[-99.132212,19.408597],[-99.131781,19.408627],[-99.131373,19.40865],[-99.130858,19.408709],[-99.130412,19.40874],[-99.129989,19.408771],[-99.129989,19.408771],[-99.129904,19.408777],[-99.127903,19.408933],[-99.128413,19.409271],[-99.128573,19.409354],[-99.128926,19.409582],[-99.129661,19.410027],[-99.129832,19.4101],[-99.130361,19.410428],[-99.130948,19.41079],[-99.131061,19.410863],[-99.131426,19.411077],[-99.131777,19.411233],[-99.132545,19.411734],[-99.132905,19.411918],[-99.133217,19.412139],[-99.133452,19.412292],[-99.133928,19.412578],[-99.134387,19.41284],[-99.135027,19.413234],[-99.135044,19.413115],[-99.135127,19.412618],[-99.135198,19.412174],[-99.135263,19.411769],[-99.135321,19.411324],[-99.13541,19.410805],[-99.135491,19.410272],[-99.135542,19.40988],[-99.135608,19.409509],[-99.135688,19.408937],[-99.135791,19.40834],[-99.13584,19.408024]]]}},{"type":"Feature","properties":{"cp":"06870"},"geometry":{"type":"Polygon","coordinates":[[[-99.127903,19.408933],[-99.127168,19.409011],[-99.127169,19.409269],[-99.127191,19.409595],[-99.127297,19.410045],[-99.127418,19.410484],[-99.127591,19.411049],[-99.127691,19.41145],[-99.127757,19.411814],[-99.127847,19.41228],[-99.128003,19.413023],[-99.128155,19.413438],[-99.128695,19.413411],[-99.12921,19.413394],[-99.13067,19.413352],[-99.132681,19.413286],[-99.13331,19.413276],[-99.133503,19.41328],[-99.133779,19.413256],[-99.135027,19.413234],[-99.134387,19.41284],[-99.133928,19.412578],[-99.133452,19.412292],[-99.133217,19.412139],[-99.132905,19.411918],[-99.132545,19.411734],[-99.131777,19.411233],[-99.131426,19.411077],[-99.131061,19.410863],[-99.130948,19.41079],[-99.130361,19.410428],[-99.129832,19.4101],[-99.129661,19.410027],[-99.128926,19.409582],[-99.128573,19.409354],[-99.128413,19.409271],[-99.127903,19.408933]]]}},{"type":"Feature","properties":{"cp":"06880"},"geometry":{"type":"Polygon","coordinates":[[[-99.144975,19.403875],[-99.144167,19.403833],[-99.14341,19.403794],[-99.142673,19.403758],[-99.14175,19.403706],[-99.140894,19.403658],[-99.140047,19.403617],[-99.139141,19.403563],[-99.138203,19.403509],[-99.137641,19.40348],[-99.137406,19.403464],[-99.137344,19.403438],[-99.137235,19.403311],[-99.137174,19.403183],[-99.137124,19.403061],[-99.137035,19.402958],[-99.136893,19.402884],[-99.1367,19.402828],[-99.136588,19.402812],[-99.136548,19.40309],[-99.136501,19.40343],[-99.136479,19.403888],[-99.1361,19.406054],[-99.135967,19.407161],[-99.13584,19.408024],[-99.136275,19.407827],[-99.136882,19.407747],[-99.137682,19.407694],[-99.138588,19.407597],[-99.139536,19.407533],[-99.14045,19.407463],[-99.141296,19.407398],[-99.142217,19.407328],[-99.142953,19.407283],[-99.143762,19.407234],[-99.144645,19.407213],[-99.144797,19.405561],[-99.144887,19.40476],[-99.144949,19.404139],[-99.144975,19.403875]]]}},{"type":"Feature","properties":{"cp":"06890"},"geometry":{"type":"Polygon","coordinates":[[[-99.1361,19.406054],[-99.135438,19.405969],[-99.134908,19.405899],[-99.134416,19.405828],[-99.134188,19.405795],[-99.133422,19.405687],[-99.133025,19.405632],[-99.13267,19.405599],[-99.132258,19.405544],[-99.131815,19.405477],[-99.131352,19.40541],[-99.130913,19.405351],[-99.130458,19.405284],[-99.130026,19.405244],[-99.129817,19.405223],[-99.129504,19.405369],[-99.128804,19.40566],[-99.128096,19.405974],[-99.12766,19.406159],[-99.127257,19.40633],[-99.126897,19.406483],[-99.126256,19.406751],[-99.126188,19.406827],[-99.126272,19.407171],[-99.126393,19.407742],[-99.126543,19.408261],[-99.126766,19.408955],[-99.127168,19.409011],[-99.127903,19.408933],[-99.129904,19.408777],[-99.129989,19.408771],[-99.129989,19.408771],[-99.130412,19.40874],[-99.130858,19.408709],[-99.131373,19.40865],[-99.131781,19.408627],[-99.132212,19.408597],[-99.132607,19.408575],[-99.132994,19.40855],[-99.133502,19.408529],[-99.134033,19.408496],[-99.134535,19.408452],[-99.135047,19.408419],[-99.135214,19.408394],[-99.13584,19.408024],[-99.135967,19.407161],[-99.1361,19.406054]]]}},{"type":"Feature","properties":{"cp":"06900"},"geometry":{"type":"Polygon","coordinates":[[[-99.140395,19.455233],[-99.142294,19.455644],[-99.143178,19.455849],[-99.143547,19.455935],[-99.144946,19.456254],[-99.14629,19.456538],[-99.146309,19.456542],[-99.146501,19.456585],[-99.147043,19.456706],[-99.147449,19.45681],[-99.148034,19.456968],[-99.148799,19.457202],[-99.149671,19.456627],[-99.149924,19.456462],[-99.151617,19.455236],[-99.151689,19.455057],[-99.15183,19.454158],[-99.151857,19.454038],[-99.151026,19.453904],[-99.150704,19.453841],[-99.150159,19.453792],[-99.149857,19.453712],[-99.149478,19.453612],[-99.14848,19.45329],[-99.147589,19.453015],[-99.147131,19.452882],[-99.145771,19.452461],[-99.144447,19.452055],[-99.144345,19.452026],[-99.144011,19.451923],[-99.143635,19.451821],[-99.142637,19.451533],[-99.141241,19.451155],[-99.140694,19.450971],[-99.139221,19.450305],[-99.138515,19.449974],[-99.138412,19.449926],[-99.136527,19.44904],[-99.135368,19.448501],[-99.134786,19.448218],[-99.13476,19.448209],[-99.134755,19.448207],[-99.134224,19.448786],[-99.13375,19.449352],[-99.130735,19.453102],[-99.131902,19.453281],[-99.133968,19.453746],[-99.135091,19.453999],[-99.136816,19.454387],[-99.137345,19.454507],[-99.137464,19.454533],[-99.138357,19.454734],[-99.139374,19.454972],[-99.140377,19.455229],[-99.140395,19.455233]]]}},{"type":"Feature","properties":{"cp":"06920"},"geometry":{"type":"Polygon","coordinates":[[[-99.14033,19.460393],[-99.140561,19.460812],[-99.140633,19.460973],[-99.140858,19.461373],[-99.14103,19.461702],[-99.141407,19.462383],[-99.141769,19.463084],[-99.142259,19.463738],[-99.142588,19.464668],[-99.143238,19.463886],[-99.144791,19.46175],[-99.145145,19.461304],[-99.146227,19.459936],[-99.14706,19.458703],[-99.147402,19.458314],[-99.147518,19.458161],[-99.147976,19.457798],[-99.148538,19.457388],[-99.148799,19.457202],[-99.148034,19.456968],[-99.147449,19.45681],[-99.147043,19.456706],[-99.146501,19.456585],[-99.146309,19.456542],[-99.14629,19.456538],[-99.144946,19.456254],[-99.143547,19.455935],[-99.143178,19.455849],[-99.142294,19.455644],[-99.140395,19.455233],[-99.139704,19.458214],[-99.139556,19.458763],[-99.139522,19.458895],[-99.139561,19.458985],[-99.139841,19.459508],[-99.140108,19.459976],[-99.14033,19.460393]]]}},{"type":"Feature","properties":{"cp":"07020"},"geometry":{"type":"Polygon","coordinates":[[[-99.117935,19.482755],[-99.118826,19.483072],[-99.119354,19.48326],[-99.119002,19.484194],[-99.118668,19.485134],[-99.118377,19.485878],[-99.11818,19.486446],[-99.117749,19.487608],[-99.11756,19.488167],[-99.117316,19.488963],[-99.117588,19.489311],[-99.117977,19.489679],[-99.119704,19.491295],[-99.119827,19.491433],[-99.120263,19.492062],[-99.120312,19.492144],[-99.120371,19.492241],[-99.12044,19.49203],[-99.120665,19.491411],[-99.120863,19.490987],[-99.121012,19.49073],[-99.121189,19.490439],[-99.121332,19.490212],[-99.121603,19.489882],[-99.122293,19.489066],[-99.122357,19.488986],[-99.123235,19.487888],[-99.123813,19.487211],[-99.124485,19.486421],[-99.125034,19.485763],[-99.12519,19.485574],[-99.12651,19.483929],[-99.126835,19.483538],[-99.126918,19.483434],[-99.126937,19.48341],[-99.127739,19.482435],[-99.127694,19.482405],[-99.12757,19.482323],[-99.127279,19.482131],[-99.127223,19.482094],[-99.127175,19.482062],[-99.127093,19.482008],[-99.126858,19.481852],[-99.126399,19.481693],[-99.125964,19.481542],[-99.125536,19.481387],[-99.125493,19.481375],[-99.125109,19.481245],[-99.124697,19.481102],[-99.124316,19.48097],[-99.123869,19.480815],[-99.123426,19.480661],[-99.122789,19.48044],[-99.122305,19.480272],[-99.122119,19.480208],[-99.121615,19.480034],[-99.121573,19.480019],[-99.121179,19.479882],[-99.120744,19.47973],[-99.119347,19.479207],[-99.119019,19.480049],[-99.118868,19.480438],[-99.11867,19.480946],[-99.118499,19.481383],[-99.118426,19.481566],[-99.118411,19.481606],[-99.117935,19.482755]]]}},{"type":"Feature","properties":{"cp":"07370"},"geometry":{"type":"Polygon","coordinates":[[[-99.130305,19.479318],[-99.130353,19.479352],[-99.130536,19.479484],[-99.130852,19.479712],[-99.13164,19.48028],[-99.132359,19.480368],[-99.132863,19.480428],[-99.133558,19.480512],[-99.134832,19.480666],[-99.135464,19.480759],[-99.135492,19.480646],[-99.135816,19.479344],[-99.135841,19.479245],[-99.135868,19.479134],[-99.136241,19.477635],[-99.136618,19.476111],[-99.135966,19.475993],[-99.134244,19.475679],[-99.134205,19.475671],[-99.133514,19.475534],[-99.133429,19.475517],[-99.132223,19.477016],[-99.130965,19.478528],[-99.130305,19.479318]]]}},{"type":"Feature","properties":{"cp":"07380"},"geometry":{"type":"Polygon","coordinates":[[[-99.135464,19.480759],[-99.135993,19.480828],[-99.13648,19.48089],[-99.13692,19.480947],[-99.137487,19.481024],[-99.137696,19.479497],[-99.137912,19.477749],[-99.138232,19.477629],[-99.138482,19.477549],[-99.138717,19.477548],[-99.139149,19.477622],[-99.13979,19.477738],[-99.140143,19.477745],[-99.13983,19.476953],[-99.139795,19.476864],[-99.139763,19.476781],[-99.139744,19.476733],[-99.139698,19.476618],[-99.139687,19.476588],[-99.139662,19.476523],[-99.139637,19.476461],[-99.139286,19.47557],[-99.139238,19.47545],[-99.138779,19.474285],[-99.138169,19.472786],[-99.137596,19.471514],[-99.137488,19.471274],[-99.137441,19.471192],[-99.137309,19.470964],[-99.137265,19.470887],[-99.137207,19.470801],[-99.137092,19.470936],[-99.136905,19.471156],[-99.136751,19.47134],[-99.136673,19.471439],[-99.135893,19.47244],[-99.135643,19.47276],[-99.134607,19.47405],[-99.133429,19.475517],[-99.133514,19.475534],[-99.134205,19.475671],[-99.134244,19.475679],[-99.135966,19.475993],[-99.136618,19.476111],[-99.136241,19.477635],[-99.135868,19.479134],[-99.135841,19.479245],[-99.135816,19.479344],[-99.135492,19.480646],[-99.135464,19.480759]]]}},{"type":"Feature","properties":{"cp":"07760"},"geometry":{"type":"Polygon","coordinates":[[[-99.14972,19.483238],[-99.149406,19.482452],[-99.148843,19.480908],[-99.148661,19.480453],[-99.148185,19.479172],[-99.14811,19.479011],[-99.147902,19.478488],[-99.147071,19.47632],[-99.147049,19.476263],[-99.146056,19.475977],[-99.145827,19.477197],[-99.145628,19.478249],[-99.144806,19.478036],[-99.144544,19.479408],[-99.144262,19.480796],[-99.14467,19.480898],[-99.145106,19.481002],[-99.145537,19.481113],[-99.145246,19.482674],[-99.144815,19.482563],[-99.144381,19.482452],[-99.14394,19.482331],[-99.143533,19.482469],[-99.143496,19.482385],[-99.143221,19.481798],[-99.143192,19.481715],[-99.143191,19.481649],[-99.143408,19.480569],[-99.142972,19.480467],[-99.142569,19.480366],[-99.142607,19.480167],[-99.142823,19.478948],[-99.142408,19.478836],[-99.141983,19.478727],[-99.141404,19.478936],[-99.140978,19.479094],[-99.140713,19.479192],[-99.140143,19.477745],[-99.13979,19.477738],[-99.139149,19.477622],[-99.138717,19.477548],[-99.138482,19.477549],[-99.138232,19.477629],[-99.137912,19.477749],[-99.137696,19.479497],[-99.137487,19.481024],[-99.13692,19.480947],[-99.13648,19.48089],[-99.135993,19.480828],[-99.135464,19.480759],[-99.134832,19.480666],[-99.133558,19.480512],[-99.132863,19.480428],[-99.132359,19.480368],[-99.13164,19.48028],[-99.130852,19.479712],[-99.130536,19.479484],[-99.130353,19.479352],[-99.130305,19.479318],[-99.129831,19.479884],[-99.129533,19.480246],[-99.129272,19.480564],[-99.128998,19.480898],[-99.128464,19.481548],[-99.127739,19.482435],[-99.126937,19.48341],[-99.126918,19.483434],[-99.127393,19.483774],[-99.127903,19.48414],[-99.12799,19.484364],[-99.128165,19.484771],[-99.12837,19.485193],[-99.128419,19.485296],[-99.128476,19.485433],[-99.128588,19.485698],[-99.128804,19.486174],[-99.128966,19.486476],[-99.12928,19.487201],[-99.129491,19.487697],[-99.12952,19.487764],[-99.130189,19.486927],[-99.130258,19.486847],[-99.130806,19.486978],[-99.131307,19.487091],[-99.131764,19.487197],[-99.131902,19.487223],[-99.132278,19.487303],[-99.132717,19.487404],[-99.133208,19.487511],[-99.133721,19.487633],[-99.134128,19.487719],[-99.134682,19.484911],[-99.136572,19.485268],[-99.136942,19.485338],[-99.137127,19.485373],[-99.137654,19.485472],[-99.13817,19.48557],[-99.138638,19.485658],[-99.139066,19.485739],[-99.139239,19.485772],[-99.13954,19.485829],[-99.140091,19.485933],[-99.140527,19.486015],[-99.141026,19.486109],[-99.14151,19.4862],[-99.141994,19.486292],[-99.142683,19.486422],[-99.143255,19.486649],[-99.1436,19.486811],[-99.143744,19.486879],[-99.143722,19.486823],[-99.143515,19.486303],[-99.143515,19.486303],[-99.14321,19.485527],[-99.143493,19.485426],[-99.144369,19.485112],[-99.144993,19.484888],[-99.145546,19.484691],[-99.146069,19.484502],[-99.146418,19.484377],[-99.147526,19.483996],[-99.147907,19.483866],[-99.148295,19.483732],[-99.148678,19.483601],[-99.149077,19.483464],[-99.149607,19.483278],[-99.149641,19.483266],[-99.14972,19.483238]]]}},{"type":"Feature","properties":{"cp":"07770"},"geometry":{"type":"Polygon","coordinates":[[[-99.140143,19.477745],[-99.140713,19.479192],[-99.140978,19.479094],[-99.141404,19.478936],[-99.141983,19.478727],[-99.142408,19.478836],[-99.142823,19.478948],[-99.142607,19.480167],[-99.142569,19.480366],[-99.142972,19.480467],[-99.143408,19.480569],[-99.143191,19.481649],[-99.143192,19.481715],[-99.143221,19.481798],[-99.143496,19.482385],[-99.143533,19.482469],[-99.14394,19.482331],[-99.144381,19.482452],[-99.144815,19.482563],[-99.145246,19.482674],[-99.145537,19.481113],[-99.145106,19.481002],[-99.14467,19.480898],[-99.144262,19.480796],[-99.144544,19.479408],[-99.144806,19.478036],[-99.145628,19.478249],[-99.145827,19.477197],[-99.145394,19.477087],[-99.144965,19.476979],[-99.144551,19.476874],[-99.144118,19.476765],[-99.143699,19.476667],[-99.143272,19.47655],[-99.142851,19.476444],[-99.142422,19.476336],[-99.141974,19.476222],[-99.141578,19.476122],[-99.141142,19.476014],[-99.140579,19.475883],[-99.140035,19.475753],[-99.139624,19.475649],[-99.139521,19.475624],[-99.139286,19.47557],[-99.139637,19.476461],[-99.139662,19.476523],[-99.139687,19.476588],[-99.139698,19.476618],[-99.139744,19.476733],[-99.139763,19.476781],[-99.139795,19.476864],[-99.13983,19.476953],[-99.140143,19.477745]]]}},{"type":"Feature","properties":{"cp":"07780"},"geometry":{"type":"MultiPolygon","coordinates":[[[[-99.144477,19.469456],[-99.144411,19.469448],[-99.144389,19.469445],[-99.144052,19.4694],[-99.143566,19.469382],[-99.142695,19.469334],[-99.141999,19.469306],[-99.141955,19.47031],[-99.141945,19.470878],[-99.141909,19.472106],[-99.141916,19.472281],[-99.141987,19.472298],[-99.14252,19.472422],[-99.142577,19.472436],[-99.142938,19.47252],[-99.142953,19.472523],[-99.143294,19.472603],[-99.143353,19.472617],[-99.143467,19.472643],[-99.14384,19.47273],[-99.144339,19.472846],[-99.144857,19.472967],[-99.145281,19.473055],[-99.145894,19.473114],[-99.145651,19.47248],[-99.145464,19.47201],[-99.145236,19.47144],[-99.145045,19.470964],[-99.144872,19.470476],[-99.144842,19.470398],[-99.144669,19.469973],[-99.144477,19.469456]]],[[[-99.146456,19.474699],[-99.145807,19.474601],[-99.145431,19.474516],[-99.145001,19.474413],[-99.144576,19.47431],[-99.144159,19.474201],[-99.14373,19.474094],[-99.143307,19.474],[-99.142875,19.473902],[-99.142499,19.473809],[-99.142427,19.473814],[-99.142053,19.473725],[-99.141606,19.473625],[-99.141049,19.47348],[-99.140519,19.473359],[-99.140441,19.473347],[-99.140043,19.473252],[-99.139985,19.473211],[-99.139459,19.473086],[-99.1394,19.473092],[-99.138905,19.472977],[-99.138536,19.472882],[-99.138169,19.472786],[-99.138779,19.474285],[-99.139238,19.47545],[-99.139286,19.47557],[-99.139521,19.475624],[-99.139624,19.475649],[-99.140035,19.475753],[-99.140579,19.475883],[-99.141142,19.476014],[-99.141578,19.476122],[-99.141974,19.476222],[-99.142422,19.476336],[-99.142851,19.476444],[-99.143272,19.47655],[-99.143699,19.476667],[-99.144118,19.476765],[-99.144551,19.476874],[-99.144965,19.476979],[-99.145394,19.477087],[-99.145827,19.477197],[-99.146056,19.475977],[-99.147049,19.476263],[-99.14668,19.475291],[-99.146456,19.474699]]]]}},{"type":"Feature","properties":{"cp":"07790"},"geometry":{"type":"Polygon","coordinates":[[[-99.143681,19.467289],[-99.143185,19.466047],[-99.143103,19.465757],[-99.14308,19.465674],[-99.143055,19.465437],[-99.143118,19.465063],[-99.142472,19.465573],[-99.14237,19.465649],[-99.142142,19.46577],[-99.141933,19.465824],[-99.14174,19.465816],[-99.14165,19.465799],[-99.141469,19.465985],[-99.140733,19.466808],[-99.140052,19.467696],[-99.139681,19.468178],[-99.138991,19.469081],[-99.138835,19.469285],[-99.138532,19.469682],[-99.13852,19.469697],[-99.137921,19.470472],[-99.13781,19.470617],[-99.137744,19.4707],[-99.137677,19.470789],[-99.13749,19.470878],[-99.137309,19.470964],[-99.137441,19.471192],[-99.137488,19.471274],[-99.137596,19.471514],[-99.138169,19.472786],[-99.138536,19.472882],[-99.138905,19.472977],[-99.1394,19.473092],[-99.139459,19.473086],[-99.139985,19.473211],[-99.140043,19.473252],[-99.140441,19.473347],[-99.140519,19.473359],[-99.141049,19.47348],[-99.141606,19.473625],[-99.142053,19.473725],[-99.142427,19.473814],[-99.142499,19.473809],[-99.142875,19.473902],[-99.143307,19.474],[-99.14373,19.474094],[-99.144159,19.474201],[-99.144576,19.47431],[-99.145001,19.474413],[-99.145431,19.474516],[-99.145807,19.474601],[-99.146456,19.474699],[-99.146087,19.473675],[-99.145916,19.473178],[-99.145894,19.473114],[-99.145281,19.473055],[-99.144857,19.472967],[-99.144339,19.472846],[-99.14384,19.47273],[-99.143467,19.472643],[-99.143353,19.472617],[-99.143294,19.472603],[-99.142953,19.472523],[-99.142938,19.47252],[-99.142577,19.472436],[-99.14252,19.472422],[-99.141987,19.472298],[-99.141916,19.472281],[-99.141909,19.472106],[-99.141945,19.470878],[-99.141955,19.47031],[-99.141999,19.469306],[-99.142695,19.469334],[-99.143566,19.469382],[-99.144052,19.4694],[-99.144389,19.469445],[-99.144411,19.469448],[-99.144477,19.469456],[-99.144391,19.469234],[-99.144389,19.469227],[-99.144145,19.468582],[-99.144101,19.468477],[-99.143681,19.467289]]]}},{"type":"Feature","properties":{"cp":"07800"},"geometry":{"type":"Polygon","coordinates":[[[-99.119347,19.479207],[-99.120744,19.47973],[-99.121179,19.479882],[-99.121573,19.480019],[-99.121615,19.480034],[-99.122119,19.480208],[-99.122305,19.480272],[-99.122789,19.48044],[-99.123426,19.480661],[-99.123869,19.480815],[-99.124316,19.48097],[-99.124697,19.481102],[-99.125109,19.481245],[-99.125493,19.481375],[-99.125536,19.481387],[-99.125964,19.481542],[-99.126399,19.481693],[-99.126858,19.481852],[-99.127093,19.482008],[-99.127175,19.482062],[-99.127223,19.482094],[-99.127279,19.482131],[-99.12757,19.482323],[-99.127694,19.482405],[-99.127739,19.482435],[-99.128464,19.481548],[-99.128417,19.481413],[-99.128339,19.481357],[-99.128757,19.480002],[-99.128734,19.479982],[-99.128883,19.479607],[-99.128897,19.479559],[-99.129008,19.479175],[-99.129135,19.478731],[-99.129265,19.47828],[-99.12939,19.477857],[-99.12952,19.477445],[-99.129644,19.477065],[-99.129773,19.476668],[-99.129892,19.476292],[-99.129924,19.476196],[-99.130071,19.475716],[-99.130195,19.475315],[-99.130323,19.4749],[-99.13046,19.474477],[-99.130571,19.474092],[-99.13069,19.473705],[-99.1308,19.473344],[-99.131,19.472729],[-99.131072,19.472751],[-99.13143,19.471667],[-99.131545,19.471344],[-99.132003,19.470006],[-99.131835,19.469966],[-99.1316,19.469909],[-99.13148,19.46988],[-99.131431,19.469868],[-99.13139,19.469858],[-99.131035,19.469773],[-99.130984,19.46976],[-99.130948,19.469752],[-99.130592,19.469666],[-99.130531,19.469651],[-99.130468,19.469636],[-99.130112,19.469549],[-99.130031,19.469531],[-99.129969,19.469516],[-99.129702,19.469452],[-99.129665,19.469443],[-99.129624,19.469432],[-99.129469,19.469396],[-99.129315,19.469359],[-99.12926,19.469345],[-99.12922,19.469336],[-99.12903,19.46929],[-99.128923,19.469264],[-99.128877,19.469253],[-99.128407,19.46914],[-99.127947,19.469029],[-99.127481,19.468917],[-99.127428,19.468904],[-99.127045,19.468812],[-99.126621,19.468706],[-99.126232,19.468616],[-99.12586,19.468527],[-99.125819,19.468517],[-99.125487,19.468437],[-99.125076,19.468323],[-99.124864,19.468256],[-99.124566,19.46816],[-99.123973,19.467948],[-99.123756,19.467869],[-99.123686,19.468048],[-99.123607,19.468252],[-99.121645,19.473306],[-99.121017,19.474912],[-99.12036,19.476602],[-99.119745,19.478182],[-99.119516,19.478772],[-99.119347,19.479207]]]}},{"type":"Feature","properties":{"cp":"07810"},"geometry":{"type":"Polygon","coordinates":[[[-99.114727,19.470856],[-99.114669,19.470941],[-99.114405,19.471329],[-99.113717,19.472339],[-99.113267,19.472931],[-99.112984,19.473303],[-99.112573,19.473845],[-99.111918,19.474708],[-99.111343,19.47546],[-99.110783,19.47618],[-99.110876,19.476213],[-99.11188,19.47657],[-99.113011,19.476967],[-99.113615,19.477179],[-99.114018,19.477318],[-99.114051,19.477333],[-99.11441,19.47746],[-99.114808,19.477596],[-99.115061,19.477683],[-99.115213,19.477734],[-99.115616,19.477872],[-99.116079,19.47803],[-99.116535,19.478195],[-99.116933,19.478338],[-99.117648,19.478597],[-99.118501,19.478905],[-99.118882,19.479043],[-99.119347,19.479207],[-99.119516,19.478772],[-99.119745,19.478182],[-99.12036,19.476602],[-99.121017,19.474912],[-99.121645,19.473306],[-99.12095,19.473052],[-99.114727,19.470856]]]}},{"type":"Feature","properties":{"cp":"07840"},"geometry":{"type":"Polygon","coordinates":[[[-99.121645,19.473306],[-99.123607,19.468252],[-99.123686,19.468048],[-99.123756,19.467869],[-99.123952,19.467365],[-99.124015,19.467202],[-99.124249,19.466602],[-99.124525,19.465891],[-99.124667,19.465526],[-99.125063,19.464508],[-99.125293,19.463921],[-99.125474,19.463452],[-99.126142,19.461803],[-99.126318,19.461367],[-99.126406,19.461153],[-99.122872,19.459978],[-99.122721,19.459929],[-99.122411,19.45983],[-99.122296,19.459798],[-99.121588,19.459538],[-99.121116,19.459383],[-99.120324,19.459123],[-99.120261,19.459103],[-99.119814,19.458956],[-99.119387,19.458816],[-99.11897,19.458679],[-99.118496,19.45852],[-99.118451,19.458505],[-99.118005,19.45835],[-99.117688,19.45824],[-99.117511,19.458176],[-99.117464,19.458158],[-99.117349,19.458108],[-99.117269,19.458067],[-99.117149,19.458],[-99.117053,19.457939],[-99.116962,19.457873],[-99.116905,19.457828],[-99.116735,19.457696],[-99.116279,19.457339],[-99.116169,19.457254],[-99.115834,19.456992],[-99.115463,19.456702],[-99.114971,19.456318],[-99.114715,19.456118],[-99.11439,19.455851],[-99.113991,19.455487],[-99.11388,19.455397],[-99.113497,19.455106],[-99.113426,19.455048],[-99.113032,19.45473],[-99.112694,19.454457],[-99.112589,19.454398],[-99.112285,19.455636],[-99.11188,19.457306],[-99.116565,19.458337],[-99.116992,19.458444],[-99.116992,19.458444],[-99.117372,19.458525],[-99.117482,19.45845],[-99.117866,19.458689],[-99.118297,19.459],[-99.118332,19.459023],[-99.118761,19.459315],[-99.11921,19.459653],[-99.119635,19.459959],[-99.120087,19.460284],[-99.120531,19.460519],[-99.120722,19.460588],[-99.120972,19.460624],[-99.121192,19.460605],[-99.121314,19.460579],[-99.121454,19.460511],[-99.12155,19.460437],[-99.121586,19.460409],[-99.12173,19.460572],[-99.121343,19.461133],[-99.120283,19.462667],[-99.12022,19.46279],[-99.119225,19.464249],[-99.119135,19.464381],[-99.119045,19.464514],[-99.118116,19.465878],[-99.117526,19.46675],[-99.116977,19.467565],[-99.115896,19.469141],[-99.11559,19.469588],[-99.114727,19.470856],[-99.12095,19.473052],[-99.121645,19.473306]]]}},{"type":"Feature","properties":{"cp":"07870"},"geometry":{"type":"Polygon","coordinates":[[[-99.123756,19.467869],[-99.123973,19.467948],[-99.124566,19.46816],[-99.124864,19.468256],[-99.125076,19.468323],[-99.125487,19.468437],[-99.125819,19.468517],[-99.12586,19.468527],[-99.126232,19.468616],[-99.126621,19.468706],[-99.127045,19.468812],[-99.127428,19.468904],[-99.127481,19.468917],[-99.127947,19.469029],[-99.128407,19.46914],[-99.128877,19.469253],[-99.128923,19.469264],[-99.12903,19.46929],[-99.12922,19.469336],[-99.12926,19.469345],[-99.129315,19.469359],[-99.129469,19.469396],[-99.129624,19.469432],[-99.129665,19.469443],[-99.129702,19.469452],[-99.129969,19.469516],[-99.130031,19.469531],[-99.130112,19.469549],[-99.130468,19.469636],[-99.130531,19.469651],[-99.130592,19.469666],[-99.130948,19.469752],[-99.130984,19.46976],[-99.131035,19.469773],[-99.13139,19.469858],[-99.131431,19.469868],[-99.13148,19.46988],[-99.1316,19.469909],[-99.131835,19.469966],[-99.132003,19.470006],[-99.131545,19.471344],[-99.13143,19.471667],[-99.131072,19.472751],[-99.131,19.472729],[-99.1308,19.473344],[-99.13069,19.473705],[-99.130571,19.474092],[-99.13046,19.474477],[-99.130323,19.4749],[-99.130195,19.475315],[-99.130071,19.475716],[-99.129924,19.476196],[-99.129892,19.476292],[-99.129773,19.476668],[-99.129644,19.477065],[-99.12952,19.477445],[-99.12939,19.477857],[-99.129265,19.47828],[-99.129135,19.478731],[-99.129008,19.479175],[-99.128897,19.479559],[-99.128883,19.479607],[-99.128734,19.479982],[-99.128757,19.480002],[-99.128339,19.481357],[-99.128417,19.481413],[-99.128464,19.481548],[-99.128998,19.480898],[-99.129272,19.480564],[-99.129533,19.480246],[-99.129831,19.479884],[-99.130305,19.479318],[-99.130965,19.478528],[-99.132223,19.477016],[-99.133429,19.475517],[-99.134607,19.47405],[-99.135643,19.47276],[-99.135893,19.47244],[-99.136673,19.471439],[-99.136751,19.47134],[-99.136905,19.471156],[-99.137092,19.470936],[-99.137207,19.470801],[-99.137265,19.470887],[-99.137309,19.470964],[-99.13749,19.470878],[-99.137677,19.470789],[-99.137744,19.4707],[-99.13781,19.470617],[-99.137921,19.470472],[-99.13852,19.469697],[-99.138532,19.469682],[-99.138835,19.469285],[-99.138991,19.469081],[-99.139681,19.468178],[-99.140052,19.467696],[-99.140733,19.466808],[-99.141469,19.465985],[-99.14165,19.465799],[-99.141479,19.465723],[-99.141424,19.465677],[-99.141324,19.465567],[-99.141213,19.465468],[-99.1411,19.465418],[-99.14099,19.465391],[-99.140807,19.465353],[-99.13981,19.465246],[-99.139223,19.465183],[-99.138592,19.465158],[-99.137497,19.465106],[-99.136138,19.465059],[-99.134921,19.465009],[-99.134229,19.464981],[-99.133838,19.464962],[-99.133681,19.464939],[-99.133337,19.464854],[-99.133121,19.464765],[-99.132862,19.464641],[-99.132426,19.464376],[-99.131419,19.463783],[-99.130906,19.463477],[-99.130432,19.463196],[-99.129512,19.46265],[-99.129191,19.462467],[-99.128843,19.462267],[-99.128471,19.462054],[-99.128111,19.461848],[-99.127551,19.461527],[-99.127377,19.461461],[-99.126406,19.461153],[-99.126318,19.461367],[-99.126142,19.461803],[-99.125474,19.463452],[-99.125293,19.463921],[-99.125063,19.464508],[-99.124667,19.465526],[-99.124525,19.465891],[-99.124249,19.466602],[-99.124015,19.467202],[-99.123952,19.467365],[-99.123756,19.467869]]]}},{"type":"Feature","properties":{"cp":"07889"},"geometry":{"type":"Polygon","coordinates":[[[-99.116992,19.458444],[-99.116596,19.46006],[-99.116181,19.461726],[-99.11582,19.46318],[-99.115802,19.46323],[-99.115771,19.463316],[-99.116154,19.463451],[-99.117164,19.463768],[-99.118968,19.464334],[-99.119135,19.464381],[-99.119225,19.464249],[-99.12022,19.46279],[-99.120283,19.462667],[-99.121343,19.461133],[-99.12173,19.460572],[-99.121586,19.460409],[-99.12155,19.460437],[-99.121454,19.460511],[-99.121314,19.460579],[-99.121192,19.460605],[-99.120972,19.460624],[-99.120722,19.460588],[-99.120531,19.460519],[-99.120087,19.460284],[-99.119635,19.459959],[-99.11921,19.459653],[-99.118761,19.459315],[-99.118332,19.459023],[-99.118297,19.459],[-99.117866,19.458689],[-99.117482,19.45845],[-99.117372,19.458525],[-99.116992,19.458444],[-99.116992,19.458444]]]}},{"type":"Feature","properties":{"cp":"08200"},"geometry":{"type":"Polygon","coordinates":[[[-99.125007,19.401411],[-99.12503,19.401488],[-99.12513,19.401845],[-99.125539,19.403601],[-99.125601,19.403952],[-99.125617,19.404092],[-99.125698,19.404331],[-99.126405,19.404196],[-99.126476,19.404185],[-99.127064,19.404068],[-99.127516,19.403927],[-99.127695,19.403876],[-99.127922,19.403811],[-99.128144,19.403742],[-99.128315,19.40369],[-99.128835,19.403546],[-99.129504,19.403339],[-99.129791,19.403261],[-99.130039,19.403208],[-99.130311,19.403165],[-99.130529,19.403136],[-99.130589,19.40313],[-99.130857,19.403111],[-99.131057,19.403106],[-99.131119,19.403103],[-99.131498,19.403119],[-99.131619,19.403125],[-99.131976,19.403148],[-99.132183,19.403163],[-99.132499,19.403191],[-99.132735,19.403206],[-99.132912,19.403213],[-99.133241,19.403237],[-99.133787,19.403264],[-99.1338,19.403265],[-99.134298,19.403299],[-99.134719,19.403323],[-99.135163,19.40335],[-99.135421,19.403363],[-99.13564,19.403281],[-99.13575,19.403197],[-99.135874,19.403055],[-99.136039,19.402911],[-99.136251,19.402842],[-99.136442,19.402811],[-99.136588,19.402812],[-99.136795,19.401557],[-99.13682,19.401342],[-99.137057,19.399855],[-99.137205,19.399035],[-99.130945,19.398818],[-99.130364,19.398814],[-99.129746,19.398798],[-99.129004,19.398784],[-99.128247,19.39877],[-99.128192,19.398764],[-99.127681,19.39876],[-99.127536,19.398759],[-99.12725,19.398759],[-99.126692,19.398733],[-99.126609,19.39928],[-99.126578,19.399683],[-99.126534,19.399796],[-99.126516,19.400326],[-99.126497,19.400831],[-99.126569,19.400838],[-99.126596,19.401112],[-99.126641,19.401403],[-99.126279,19.401406],[-99.125963,19.401413],[-99.125545,19.401423],[-99.125007,19.401411]]]}},{"type":"Feature","properties":{"cp":"08210"},"geometry":{"type":"Polygon","coordinates":[[[-99.130945,19.398818],[-99.130946,19.398747],[-99.130967,19.397664],[-99.130981,19.396785],[-99.130894,19.396897],[-99.130837,19.396964],[-99.130736,19.397072],[-99.13063,19.397174],[-99.130516,19.397272],[-99.130369,19.397376],[-99.130236,19.397462],[-99.1301,19.39753],[-99.129885,19.397602],[-99.129726,19.397661],[-99.129614,19.397708],[-99.129502,19.397741],[-99.129349,19.39779],[-99.129181,19.397835],[-99.128933,19.397844],[-99.128246,19.397862],[-99.127552,19.397896],[-99.126765,19.397963],[-99.123883,19.398035],[-99.124072,19.39868],[-99.124257,19.399246],[-99.124426,19.399745],[-99.12461,19.400274],[-99.124686,19.400462],[-99.124782,19.40075],[-99.124916,19.401141],[-99.125007,19.401411],[-99.125545,19.401423],[-99.125963,19.401413],[-99.126279,19.401406],[-99.126641,19.401403],[-99.126596,19.401112],[-99.126569,19.400838],[-99.126497,19.400831],[-99.126516,19.400326],[-99.126534,19.399796],[-99.126578,19.399683],[-99.126609,19.39928],[-99.126692,19.398733],[-99.12725,19.398759],[-99.127536,19.398759],[-99.127681,19.39876],[-99.128192,19.398764],[-99.128247,19.39877],[-99.129004,19.398784],[-99.129746,19.398798],[-99.130364,19.398814],[-99.130945,19.398818]]]}},{"type":"Feature","properties":{"cp":"08220"},"geometry":{"type":"Polygon","coordinates":[[[-99.130981,19.396785],[-99.131163,19.396541],[-99.131292,19.396276],[-99.131432,19.395746],[-99.131477,19.395553],[-99.131656,19.394683],[-99.131688,19.394523],[-99.131861,19.39367],[-99.131885,19.393548],[-99.132042,19.392793],[-99.132065,19.392662],[-99.132107,19.392492],[-99.132387,19.391202],[-99.131644,19.391131],[-99.13111,19.391073],[-99.131019,19.391064],[-99.130605,19.391023],[-99.130138,19.390976],[-99.129868,19.390949],[-99.129711,19.390934],[-99.129193,19.390898],[-99.126908,19.390676],[-99.126814,19.394346],[-99.126791,19.395456],[-99.126765,19.397963],[-99.127552,19.397896],[-99.128246,19.397862],[-99.128933,19.397844],[-99.129181,19.397835],[-99.129349,19.39779],[-99.129502,19.397741],[-99.129614,19.397708],[-99.129726,19.397661],[-99.129885,19.397602],[-99.1301,19.39753],[-99.130236,19.397462],[-99.130369,19.397376],[-99.130516,19.397272],[-99.13063,19.397174],[-99.130736,19.397072],[-99.130837,19.396964],[-99.130894,19.396897],[-99.130981,19.396785]]]}},{"type":"Feature","properties":{"cp":"08230"},"geometry":{"type":"Polygon","coordinates":[[[-99.123883,19.398035],[-99.126765,19.397963],[-99.126791,19.395456],[-99.126814,19.394346],[-99.126212,19.394221],[-99.125777,19.394138],[-99.125321,19.394048],[-99.124903,19.39399],[-99.124941,19.393855],[-99.124739,19.393817],[-99.124072,19.393718],[-99.123972,19.394093],[-99.123516,19.394099],[-99.123029,19.394131],[-99.123302,19.395224],[-99.123391,19.395761],[-99.123556,19.396667],[-99.123611,19.397007],[-99.123883,19.398035]]]}},{"type":"Feature","properties":{"cp":"08240"},"geometry":{"type":"Polygon","coordinates":[[[-99.122189,19.391287],[-99.122418,19.391982],[-99.123029,19.394131],[-99.123516,19.394099],[-99.123972,19.394093],[-99.124072,19.393718],[-99.124739,19.393817],[-99.124941,19.393855],[-99.124903,19.39399],[-99.125321,19.394048],[-99.125777,19.394138],[-99.126212,19.394221],[-99.126814,19.394346],[-99.126908,19.390676],[-99.122004,19.390205],[-99.122,19.390365],[-99.122023,19.390619],[-99.122189,19.391287]]]}},{"type":"Feature","properties":{"cp":"08300"},"geometry":{"type":"Polygon","coordinates":[[[-99.125007,19.401411],[-99.124916,19.401141],[-99.124782,19.40075],[-99.124686,19.400462],[-99.12461,19.400274],[-99.124426,19.399745],[-99.124257,19.399246],[-99.124072,19.39868],[-99.123883,19.398035],[-99.119894,19.398155],[-99.119593,19.398165],[-99.116663,19.39825],[-99.114191,19.398318],[-99.114875,19.398734],[-99.115146,19.39906],[-99.115492,19.399445],[-99.116139,19.400159],[-99.116521,19.400597],[-99.116849,19.401011],[-99.117028,19.401231],[-99.117227,19.401431],[-99.11766,19.401951],[-99.118786,19.403174],[-99.119339,19.403816],[-99.119655,19.404187],[-99.119958,19.404687],[-99.12008,19.404914],[-99.120084,19.405009],[-99.120035,19.405153],[-99.120146,19.405292],[-99.12102,19.405153],[-99.121117,19.405141],[-99.121614,19.405049],[-99.121733,19.405031],[-99.122281,19.404949],[-99.123275,19.404767],[-99.123936,19.404638],[-99.125698,19.404331],[-99.125617,19.404092],[-99.125601,19.403952],[-99.125539,19.403601],[-99.12513,19.401845],[-99.12503,19.401488],[-99.125007,19.401411]]]}},{"type":"Feature","properties":{"cp":"08600"},"geometry":{"type":"Polygon","coordinates":[[[-99.116597,19.390434],[-99.11691,19.390504],[-99.117566,19.390621],[-99.117559,19.390669],[-99.117519,19.390883],[-99.117462,19.391238],[-99.117499,19.391243],[-99.117639,19.391262],[-99.117864,19.391291],[-99.120548,19.391921],[-99.120578,19.391949],[-99.120922,19.392092],[-99.121348,19.392253],[-99.121734,19.392406],[-99.121901,19.391934],[-99.121922,19.391291],[-99.122124,19.391287],[-99.122189,19.391287],[-99.122023,19.390619],[-99.122,19.390365],[-99.122004,19.390205],[-99.122084,19.3895],[-99.121561,19.389453],[-99.120957,19.389356],[-99.120589,19.389311],[-99.120255,19.389312],[-99.119866,19.389314],[-99.119643,19.389296],[-99.119261,19.389177],[-99.118432,19.388916],[-99.118444,19.388839],[-99.117969,19.388725],[-99.117704,19.388676],[-99.117433,19.388631],[-99.117266,19.388608],[-99.116939,19.388579],[-99.116597,19.390434]]]}},{"type":"Feature","properties":{"cp":"08610"},"geometry":{"type":"Polygon","coordinates":[[[-99.119593,19.398165],[-99.119894,19.398155],[-99.123883,19.398035],[-99.123611,19.397007],[-99.123556,19.396667],[-99.123391,19.395761],[-99.123302,19.395224],[-99.123029,19.394131],[-99.122418,19.391982],[-99.122189,19.391287],[-99.122124,19.391287],[-99.121922,19.391291],[-99.121901,19.391934],[-99.121734,19.392406],[-99.121348,19.392253],[-99.120922,19.392092],[-99.120578,19.391949],[-99.120478,19.392326],[-99.120457,19.392459],[-99.12043,19.392718],[-99.120426,19.392933],[-99.118738,19.392529],[-99.118376,19.39436],[-99.118437,19.394365],[-99.118332,19.395183],[-99.118531,19.395208],[-99.118805,19.395241],[-99.119011,19.395239],[-99.12005,19.395318],[-99.120012,19.395548],[-99.119605,19.397967],[-99.119593,19.398165]]]}},{"type":"Feature","properties":{"cp":"08800"},"geometry":{"type":"Polygon","coordinates":[[[-99.122004,19.390205],[-99.126908,19.390676],[-99.129193,19.390898],[-99.129214,19.389571],[-99.129282,19.387932],[-99.129325,19.385954],[-99.12934,19.385657],[-99.1289,19.385652],[-99.128141,19.38568],[-99.127832,19.385698],[-99.127482,19.385658],[-99.127033,19.385675],[-99.126581,19.385681],[-99.126132,19.385703],[-99.125769,19.385715],[-99.125421,19.385719],[-99.125049,19.385737],[-99.124458,19.385757],[-99.123959,19.385768],[-99.124111,19.384757],[-99.124196,19.384236],[-99.12441,19.382862],[-99.123894,19.382766],[-99.12339,19.382673],[-99.122666,19.382548],[-99.122477,19.382441],[-99.122399,19.383998],[-99.122219,19.387825],[-99.122194,19.388103],[-99.122144,19.388872],[-99.122084,19.3895],[-99.122004,19.390205]]]}},{"type":"Feature","properties":{"cp":"08810"},"geometry":{"type":"Polygon","coordinates":[[[-99.133625,19.385772],[-99.133904,19.384546],[-99.133681,19.384518],[-99.133264,19.384442],[-99.13322,19.38443],[-99.132831,19.384362],[-99.132734,19.384343],[-99.132337,19.384275],[-99.132243,19.38425],[-99.131844,19.384189],[-99.131685,19.384156],[-99.131391,19.384105],[-99.131076,19.384046],[-99.130923,19.384025],[-99.130484,19.383939],[-99.130394,19.383925],[-99.129902,19.383837],[-99.129511,19.383772],[-99.129297,19.383731],[-99.12893,19.383671],[-99.1282,19.383528],[-99.127483,19.383404],[-99.127075,19.383334],[-99.126656,19.383261],[-99.126196,19.383176],[-99.126049,19.383144],[-99.125474,19.383049],[-99.124886,19.382951],[-99.12441,19.382862],[-99.124196,19.384236],[-99.124111,19.384757],[-99.123959,19.385768],[-99.124458,19.385757],[-99.125049,19.385737],[-99.125421,19.385719],[-99.125769,19.385715],[-99.126132,19.385703],[-99.126581,19.385681],[-99.127033,19.385675],[-99.127482,19.385658],[-99.127832,19.385698],[-99.128141,19.38568],[-99.1289,19.385652],[-99.12934,19.385657],[-99.129325,19.385954],[-99.129282,19.387932],[-99.129214,19.389571],[-99.129193,19.390898],[-99.129711,19.390934],[-99.129868,19.390949],[-99.130138,19.390976],[-99.130605,19.391023],[-99.131019,19.391064],[-99.13111,19.391073],[-99.131644,19.391131],[-99.132387,19.391202],[-99.132652,19.390265],[-99.132752,19.389793],[-99.132861,19.389289],[-99.133032,19.388432],[-99.1333,19.387128],[-99.13344,19.386531],[-99.133625,19.385772]]]}},{"type":"Feature","properties":{"cp":"08830"},"geometry":{"type":"Polygon","coordinates":[[[-99.122566,19.37772],[-99.122589,19.378913],[-99.122606,19.380105],[-99.122608,19.380205],[-99.122555,19.381414],[-99.122555,19.381414],[-99.122477,19.382441],[-99.122666,19.382548],[-99.12339,19.382673],[-99.123894,19.382766],[-99.12441,19.382862],[-99.124886,19.382951],[-99.125474,19.383049],[-99.126049,19.383144],[-99.126196,19.383176],[-99.126656,19.383261],[-99.127075,19.383334],[-99.127483,19.383404],[-99.1282,19.383528],[-99.12893,19.383671],[-99.129297,19.383731],[-99.129511,19.383772],[-99.129902,19.383837],[-99.130394,19.383925],[-99.130484,19.383939],[-99.130923,19.384025],[-99.131076,19.384046],[-99.131391,19.384105],[-99.131685,19.384156],[-99.131844,19.384189],[-99.132243,19.38425],[-99.132337,19.384275],[-99.132734,19.384343],[-99.132831,19.384362],[-99.13322,19.38443],[-99.133264,19.384442],[-99.133681,19.384518],[-99.133904,19.384546],[-99.134172,19.383294],[-99.134324,19.38251],[-99.134392,19.38217],[-99.134436,19.381967],[-99.13456,19.381291],[-99.134706,19.380581],[-99.134982,19.379345],[-99.134378,19.379262],[-99.134325,19.379258],[-99.133886,19.379199],[-99.133789,19.379179],[-99.133397,19.379136],[-99.13329,19.379117],[-99.132892,19.379061],[-99.132839,19.379051],[-99.132394,19.379016],[-99.131939,19.378947],[-99.131807,19.378934],[-99.131515,19.378891],[-99.131218,19.378853],[-99.131018,19.378817],[-99.130524,19.37876],[-99.130027,19.37869],[-99.129678,19.378646],[-99.12943,19.378613],[-99.129052,19.378566],[-99.128352,19.37843],[-99.128347,19.37843],[-99.127919,19.37838],[-99.127606,19.378363],[-99.127181,19.378318],[-99.12677,19.378264],[-99.126323,19.378204],[-99.126194,19.37819],[-99.125872,19.378143],[-99.125435,19.378088],[-99.125004,19.378029],[-99.124544,19.377968],[-99.124045,19.377901],[-99.123534,19.377838],[-99.123151,19.377789],[-99.122566,19.37772]]]}},{"type":"Feature","properties":{"cp":"08840"},"geometry":{"type":"Polygon","coordinates":[[[-99.122566,19.37772],[-99.123151,19.377789],[-99.123534,19.377838],[-99.124045,19.377901],[-99.124544,19.377968],[-99.125004,19.378029],[-99.125435,19.378088],[-99.125872,19.378143],[-99.126194,19.37819],[-99.126323,19.378204],[-99.12677,19.378264],[-99.127181,19.378318],[-99.127606,19.378363],[-99.127919,19.37838],[-99.128347,19.37843],[-99.128352,19.37843],[-99.129052,19.378566],[-99.12943,19.378613],[-99.129678,19.378646],[-99.130027,19.37869],[-99.130524,19.37876],[-99.131018,19.378817],[-99.131218,19.378853],[-99.131515,19.378891],[-99.131807,19.378934],[-99.131939,19.378947],[-99.132394,19.379016],[-99.132839,19.379051],[-99.132892,19.379061],[-99.13329,19.379117],[-99.133397,19.379136],[-99.133789,19.379179],[-99.133886,19.379199],[-99.134325,19.379258],[-99.134378,19.379262],[-99.134982,19.379345],[-99.135332,19.377961],[-99.135465,19.377301],[-99.135027,19.377351],[-99.134151,19.377481],[-99.13385,19.377448],[-99.133331,19.377397],[-99.132879,19.37735],[-99.132448,19.377303],[-99.132007,19.377256],[-99.131534,19.377192],[-99.131386,19.377202],[-99.131064,19.377163],[-99.130846,19.377138],[-99.130563,19.377109],[-99.130065,19.377045],[-99.129581,19.376998],[-99.129103,19.376922],[-99.128401,19.376782],[-99.127849,19.376678],[-99.127639,19.376639],[-99.127428,19.376593],[-99.127289,19.376565],[-99.127118,19.376521],[-99.126814,19.376448],[-99.126674,19.376422],[-99.126385,19.376366],[-99.125912,19.376292],[-99.125465,19.376214],[-99.125297,19.376185],[-99.125048,19.376144],[-99.12459,19.37606],[-99.124461,19.376029],[-99.124104,19.375963],[-99.123991,19.37594],[-99.123564,19.375864],[-99.12318,19.3758],[-99.122674,19.375702],[-99.122544,19.375679],[-99.122566,19.37772]]]}},{"type":"Feature","properties":{"cp":"08910"},"geometry":{"type":"Polygon","coordinates":[[[-99.122084,19.3895],[-99.122144,19.388872],[-99.122194,19.388103],[-99.122219,19.387825],[-99.121994,19.387808],[-99.121889,19.387759],[-99.120682,19.387563],[-99.120685,19.387518],[-99.120102,19.387419],[-99.120159,19.387117],[-99.120088,19.387097],[-99.119748,19.387045],[-99.11961,19.387031],[-99.119468,19.387005],[-99.119456,19.387031],[-99.119274,19.386996],[-99.119067,19.38695],[-99.118943,19.386926],[-99.118627,19.386886],[-99.118616,19.386986],[-99.118619,19.387646],[-99.118546,19.388103],[-99.118444,19.388839],[-99.118432,19.388916],[-99.119261,19.389177],[-99.119643,19.389296],[-99.119866,19.389314],[-99.120255,19.389312],[-99.120589,19.389311],[-99.120957,19.389356],[-99.121561,19.389453],[-99.122084,19.3895]]]}},{"type":"Feature","properties":{"cp":"08930"},"geometry":{"type":"Polygon","coordinates":[[[-99.110936,19.381356],[-99.110583,19.381314],[-99.110557,19.381311],[-99.110526,19.381309],[-99.110459,19.381302],[-99.110415,19.381296],[-99.110425,19.381321],[-99.110655,19.381933],[-99.110674,19.381984],[-99.112079,19.388306],[-99.114872,19.388629],[-99.115278,19.388615],[-99.115461,19.386429],[-99.117408,19.386617],[-99.117421,19.386572],[-99.117755,19.386619],[-99.117768,19.386772],[-99.118385,19.386846],[-99.118627,19.386886],[-99.118943,19.386926],[-99.119067,19.38695],[-99.119274,19.386996],[-99.119456,19.387031],[-99.119468,19.387005],[-99.11961,19.387031],[-99.119748,19.387045],[-99.120088,19.387097],[-99.120159,19.387117],[-99.120102,19.387419],[-99.120685,19.387518],[-99.120682,19.387563],[-99.121889,19.387759],[-99.121994,19.387808],[-99.122219,19.387825],[-99.122399,19.383998],[-99.122477,19.382441],[-99.117686,19.382159],[-99.111334,19.381442],[-99.111123,19.381401],[-99.110936,19.381356]]]}},{"type":"Feature","properties":{"cp":"09060"},"geometry":{"type":"Polygon","coordinates":[[[-99.108203,19.370135],[-99.112428,19.369884],[-99.112777,19.369865],[-99.112892,19.369849],[-99.113186,19.369833],[-99.122394,19.369315],[-99.122298,19.36373],[-99.114392,19.362914],[-99.114817,19.36105],[-99.115228,19.359212],[-99.115733,19.356974],[-99.115219,19.356898],[-99.114699,19.35685],[-99.114249,19.356817],[-99.114213,19.356814],[-99.113746,19.356775],[-99.113294,19.356737],[-99.113249,19.356733],[-99.111298,19.356586],[-99.108274,19.369883],[-99.108203,19.370135]]]}},{"type":"Feature","properties":{"cp":"09080"},"geometry":{"type":"Polygon","coordinates":[[[-99.130633,19.359724],[-99.131178,19.358661],[-99.13087,19.358627],[-99.130093,19.358543],[-99.129526,19.358481],[-99.129386,19.358466],[-99.129098,19.358435],[-99.12893,19.358417],[-99.128695,19.358391],[-99.128398,19.35836],[-99.128277,19.358346],[-99.127767,19.35829],[-99.127708,19.358284],[-99.127171,19.358226],[-99.127089,19.358217],[-99.126734,19.358178],[-99.126583,19.358162],[-99.126113,19.358111],[-99.125866,19.358084],[-99.125614,19.358057],[-99.125115,19.358002],[-99.124624,19.357949],[-99.123799,19.357859],[-99.123621,19.35784],[-99.122908,19.357763],[-99.122477,19.357716],[-99.121881,19.35766],[-99.122068,19.359602],[-99.122097,19.359957],[-99.122102,19.360061],[-99.122147,19.360527],[-99.125312,19.361182],[-99.125646,19.359824],[-99.125711,19.359563],[-99.125793,19.359231],[-99.126259,19.359329],[-99.126479,19.35938],[-99.126696,19.35942],[-99.127123,19.359517],[-99.127467,19.359601],[-99.127749,19.359563],[-99.128251,19.359589],[-99.128684,19.359601],[-99.129121,19.35962],[-99.129497,19.359644],[-99.129961,19.35966],[-99.130633,19.359724]]]}},{"type":"Feature","properties":{"cp":"09089"},"geometry":{"type":"Polygon","coordinates":[[[-99.129234,19.361948],[-99.129639,19.361301],[-99.130155,19.360514],[-99.130212,19.360412],[-99.130633,19.359724],[-99.129961,19.35966],[-99.129497,19.359644],[-99.129121,19.35962],[-99.128684,19.359601],[-99.128251,19.359589],[-99.127749,19.359563],[-99.127467,19.359601],[-99.127123,19.359517],[-99.126696,19.35942],[-99.126479,19.35938],[-99.126259,19.359329],[-99.125793,19.359231],[-99.125711,19.359563],[-99.125646,19.359824],[-99.125312,19.361182],[-99.122147,19.360527],[-99.122167,19.360758],[-99.122298,19.36373],[-99.122394,19.369315],[-99.122868,19.369286],[-99.122949,19.369279],[-99.123394,19.369259],[-99.12382,19.369182],[-99.12397,19.369149],[-99.124383,19.368996],[-99.124679,19.368854],[-99.124911,19.368712],[-99.124985,19.368663],[-99.125301,19.368412],[-99.125469,19.368209],[-99.125579,19.368049],[-99.125813,19.367771],[-99.125906,19.36761],[-99.125998,19.36745],[-99.126459,19.366681],[-99.126748,19.366202],[-99.126779,19.36615],[-99.126974,19.365706],[-99.128783,19.36266],[-99.129159,19.362072],[-99.129234,19.361948]]]}},{"type":"Feature","properties":{"cp":"09090"},"geometry":{"type":"Polygon","coordinates":[[[-99.122298,19.36373],[-99.122167,19.360758],[-99.122147,19.360527],[-99.122102,19.360061],[-99.122097,19.359957],[-99.121677,19.359897],[-99.115617,19.359256],[-99.115228,19.359212],[-99.114817,19.36105],[-99.114392,19.362914],[-99.122298,19.36373]]]}},{"type":"Feature","properties":{"cp":"09099"},"geometry":{"type":"Polygon","coordinates":[[[-99.115228,19.359212],[-99.115617,19.359256],[-99.121677,19.359897],[-99.122097,19.359957],[-99.122068,19.359602],[-99.121881,19.35766],[-99.121881,19.35766],[-99.121861,19.356978],[-99.121554,19.354335],[-99.121437,19.353919],[-99.12072,19.353853],[-99.120211,19.353807],[-99.120168,19.354502],[-99.120047,19.355671],[-99.119534,19.355606],[-99.119515,19.355798],[-99.118994,19.355767],[-99.118585,19.357492],[-99.118201,19.357418],[-99.11778,19.357333],[-99.117363,19.357245],[-99.116935,19.357158],[-99.116135,19.357037],[-99.115733,19.356974],[-99.115228,19.359212]]]}},{"type":"Feature","properties":{"cp":"09400"},"geometry":{"type":"Polygon","coordinates":[[[-99.108203,19.370135],[-99.108107,19.370561],[-99.107965,19.371272],[-99.107717,19.372053],[-99.107679,19.372505],[-99.107679,19.372747],[-99.107684,19.372858],[-99.107705,19.373475],[-99.111086,19.373583],[-99.111535,19.373614],[-99.112027,19.373644],[-99.112241,19.373684],[-99.114077,19.374039],[-99.114785,19.37417],[-99.115962,19.374388],[-99.11928,19.375045],[-99.122544,19.375679],[-99.122544,19.375679],[-99.122505,19.374317],[-99.1225,19.373504],[-99.122499,19.373363],[-99.122429,19.369993],[-99.122394,19.369315],[-99.113186,19.369833],[-99.112892,19.369849],[-99.112777,19.369865],[-99.112428,19.369884],[-99.108203,19.370135]]]}},{"type":"Feature","properties":{"cp":"09430"},"geometry":{"type":"Polygon","coordinates":[[[-99.122544,19.375679],[-99.11928,19.375045],[-99.118958,19.376416],[-99.118442,19.378597],[-99.117095,19.378279],[-99.11693,19.378229],[-99.116942,19.378194],[-99.116375,19.378028],[-99.116012,19.377931],[-99.115441,19.377765],[-99.115529,19.377262],[-99.11513,19.377186],[-99.114771,19.377113],[-99.114719,19.377356],[-99.114426,19.377304],[-99.114055,19.378508],[-99.113505,19.378374],[-99.113123,19.378279],[-99.112524,19.378138],[-99.111137,19.377747],[-99.110931,19.37902],[-99.110901,19.37926],[-99.110705,19.380364],[-99.110677,19.380543],[-99.110688,19.380647],[-99.110699,19.380751],[-99.110759,19.381026],[-99.110936,19.381356],[-99.111123,19.381401],[-99.111334,19.381442],[-99.117686,19.382159],[-99.122477,19.382441],[-99.122555,19.381414],[-99.122555,19.381414],[-99.122608,19.380205],[-99.122606,19.380105],[-99.122589,19.378913],[-99.122566,19.37772],[-99.122544,19.375679]]]}},{"type":"Feature","properties":{"cp":"09440"},"geometry":{"type":"Polygon","coordinates":[[[-99.135465,19.377301],[-99.13573,19.376192],[-99.135798,19.375871],[-99.135939,19.375229],[-99.136,19.374872],[-99.136229,19.373847],[-99.136454,19.372872],[-99.136726,19.371627],[-99.136931,19.37079],[-99.137178,19.369616],[-99.137413,19.368639],[-99.137556,19.368012],[-99.137734,19.367231],[-99.136968,19.367108],[-99.136384,19.367031],[-99.133282,19.36665],[-99.129873,19.366263],[-99.129804,19.367996],[-99.129756,19.369749],[-99.129176,19.369743],[-99.128681,19.369725],[-99.128656,19.369517],[-99.128315,19.368684],[-99.128059,19.367948],[-99.127671,19.366973],[-99.127371,19.366966],[-99.127413,19.366337],[-99.127411,19.366175],[-99.12733,19.366031],[-99.127151,19.366045],[-99.126779,19.36615],[-99.126748,19.366202],[-99.126459,19.366681],[-99.125998,19.36745],[-99.125906,19.36761],[-99.125813,19.367771],[-99.125579,19.368049],[-99.125469,19.368209],[-99.125301,19.368412],[-99.124985,19.368663],[-99.124911,19.368712],[-99.124679,19.368854],[-99.124383,19.368996],[-99.12397,19.369149],[-99.12382,19.369182],[-99.123394,19.369259],[-99.122949,19.369279],[-99.122868,19.369286],[-99.122394,19.369315],[-99.122429,19.369993],[-99.122499,19.373363],[-99.1225,19.373504],[-99.122505,19.374317],[-99.122544,19.375679],[-99.122544,19.375679],[-99.122674,19.375702],[-99.12318,19.3758],[-99.123564,19.375864],[-99.123991,19.37594],[-99.124104,19.375963],[-99.124461,19.376029],[-99.12459,19.37606],[-99.125048,19.376144],[-99.125297,19.376185],[-99.125465,19.376214],[-99.125912,19.376292],[-99.126385,19.376366],[-99.126674,19.376422],[-99.126814,19.376448],[-99.127118,19.376521],[-99.127289,19.376565],[-99.127428,19.376593],[-99.127639,19.376639],[-99.127849,19.376678],[-99.128401,19.376782],[-99.129103,19.376922],[-99.129581,19.376998],[-99.130065,19.377045],[-99.130563,19.377109],[-99.130846,19.377138],[-99.131064,19.377163],[-99.131386,19.377202],[-99.131534,19.377192],[-99.132007,19.377256],[-99.132448,19.377303],[-99.132879,19.37735],[-99.133331,19.377397],[-99.13385,19.377448],[-99.134151,19.377481],[-99.135027,19.377351],[-99.135465,19.377301]]]}},{"type":"Feature","properties":{"cp":"09450"},"geometry":{"type":"Polygon","coordinates":[[[-99.138767,19.362461],[-99.138904,19.361808],[-99.13904,19.361126],[-99.139188,19.360486],[-99.139392,19.359572],[-99.13588,19.359174],[-99.135808,19.359166],[-99.134809,19.364981],[-99.136685,19.365281],[-99.136384,19.367031],[-99.136968,19.367108],[-99.137734,19.367231],[-99.13783,19.366704],[-99.13795,19.366091],[-99.138079,19.365503],[-99.138226,19.364911],[-99.138383,19.364287],[-99.138519,19.363631],[-99.138638,19.363081],[-99.138767,19.362461]]]}},{"type":"Feature","properties":{"cp":"09460"},"geometry":{"type":"Polygon","coordinates":[[[-99.133282,19.36665],[-99.136384,19.367031],[-99.136685,19.365281],[-99.134809,19.364981],[-99.135808,19.359166],[-99.135536,19.359139],[-99.135251,19.359108],[-99.135184,19.359099],[-99.134601,19.359038],[-99.133657,19.364563],[-99.133636,19.364683],[-99.133423,19.365943],[-99.133282,19.36665]]]}},{"type":"Feature","properties":{"cp":"09470"},"geometry":{"type":"Polygon","coordinates":[[[-99.133657,19.364563],[-99.134601,19.359038],[-99.131178,19.358661],[-99.130633,19.359724],[-99.130212,19.360412],[-99.130155,19.360514],[-99.129639,19.361301],[-99.129234,19.361948],[-99.133657,19.364563]]]}},{"type":"Feature","properties":{"cp":"09479"},"geometry":{"type":"Polygon","coordinates":[[[-99.127371,19.366966],[-99.127671,19.366973],[-99.128059,19.367948],[-99.128315,19.368684],[-99.128656,19.369517],[-99.128681,19.369725],[-99.129176,19.369743],[-99.129756,19.369749],[-99.129804,19.367996],[-99.129873,19.366263],[-99.133282,19.36665],[-99.133423,19.365943],[-99.133636,19.364683],[-99.133657,19.364563],[-99.129234,19.361948],[-99.129159,19.362072],[-99.128783,19.36266],[-99.126974,19.365706],[-99.126779,19.36615],[-99.127151,19.366045],[-99.12733,19.366031],[-99.127411,19.366175],[-99.127413,19.366337],[-99.127371,19.366966]]]}},{"type":"Feature","properties":{"cp":"09480"},"geometry":{"type":"Polygon","coordinates":[[[-99.140004,19.35693],[-99.139232,19.356865],[-99.137722,19.356768],[-99.137279,19.356743],[-99.136937,19.356717],[-99.136574,19.356695],[-99.136254,19.356675],[-99.135915,19.356646],[-99.135524,19.356623],[-99.135031,19.356589],[-99.134747,19.356569],[-99.13456,19.356564],[-99.134396,19.356547],[-99.13427,19.356541],[-99.133971,19.356534],[-99.133674,19.356552],[-99.133488,19.356588],[-99.133074,19.356736],[-99.132915,19.356801],[-99.132691,19.356918],[-99.132502,19.357034],[-99.132369,19.35712],[-99.132328,19.357149],[-99.132287,19.357177],[-99.132127,19.357301],[-99.131913,19.35752],[-99.131763,19.357717],[-99.131424,19.35826],[-99.131394,19.358315],[-99.131361,19.358376],[-99.131178,19.358661],[-99.134601,19.359038],[-99.135184,19.359099],[-99.135251,19.359108],[-99.135536,19.359139],[-99.135808,19.359166],[-99.13588,19.359174],[-99.139392,19.359572],[-99.139656,19.358354],[-99.139894,19.35737],[-99.140004,19.35693]]]}},{"type":"Feature","properties":{"cp":"09810"},"geometry":{"type":"Polygon","coordinates":[[[-99.120146,19.350428],[-99.120017,19.350491],[-99.119517,19.350458],[-99.113947,19.350083],[-99.111,19.349809],[-99.110928,19.349817],[-99.110198,19.349754],[-99.10972,19.349709],[-99.109659,19.349706],[-99.109163,19.349676],[-99.108703,19.349646],[-99.108224,19.349614],[-99.107755,19.349549],[-99.107138,19.356221],[-99.109036,19.356379],[-99.111298,19.356586],[-99.113249,19.356733],[-99.113294,19.356737],[-99.113746,19.356775],[-99.114213,19.356814],[-99.114249,19.356817],[-99.114699,19.35685],[-99.115219,19.356898],[-99.115733,19.356974],[-99.116135,19.357037],[-99.116935,19.357158],[-99.117363,19.357245],[-99.11778,19.357333],[-99.118201,19.357418],[-99.118585,19.357492],[-99.118994,19.355767],[-99.119515,19.355798],[-99.119534,19.355606],[-99.120047,19.355671],[-99.120168,19.354502],[-99.120211,19.353807],[-99.12072,19.353853],[-99.121437,19.353919],[-99.121262,19.35334],[-99.120931,19.352315],[-99.120777,19.351841],[-99.120361,19.350845],[-99.120242,19.350561],[-99.120146,19.350428]]]}},{"type":"Feature","properties":{"cp":"10130"},"geometry":{"type":"Polygon","coordinates":[[[-99.213391,19.336524],[-99.213568,19.336555],[-99.21377,19.33659],[-99.214146,19.336453],[-99.214647,19.336372],[-99.214434,19.335725],[-99.214253,19.335002],[-99.213807,19.33511],[-99.21334,19.33522],[-99.212855,19.33531],[-99.211665,19.335513],[-99.211164,19.335609],[-99.210348,19.335719],[-99.209769,19.335822],[-99.209017,19.335963],[-99.20876,19.336018],[-99.20864,19.33605],[-99.208194,19.336735],[-99.207941,19.337289],[-99.207959,19.337317],[-99.208026,19.33733],[-99.20809,19.337321],[-99.208144,19.337304],[-99.208198,19.337284],[-99.208252,19.337262],[-99.208306,19.337238],[-99.20836,19.337212],[-99.208414,19.337185],[-99.208468,19.337157],[-99.208575,19.3371],[-99.208629,19.337071],[-99.208683,19.337043],[-99.208738,19.337017],[-99.208792,19.336992],[-99.208847,19.336968],[-99.208901,19.336947],[-99.208956,19.336929],[-99.209013,19.336916],[-99.209073,19.336907],[-99.209134,19.336899],[-99.209192,19.336888],[-99.209247,19.336868],[-99.209295,19.336836],[-99.209288,19.336738],[-99.209314,19.336552],[-99.209589,19.336469],[-99.20988,19.33644],[-99.210133,19.336393],[-99.210328,19.336361],[-99.210499,19.336268],[-99.210806,19.336098],[-99.210914,19.336078],[-99.211062,19.336104],[-99.211117,19.336168],[-99.211174,19.336227],[-99.211235,19.336235],[-99.211283,19.336241],[-99.211307,19.336228],[-99.211504,19.336238],[-99.211744,19.33625],[-99.211996,19.336261],[-99.212629,19.33629],[-99.213149,19.336481],[-99.213248,19.336499],[-99.213391,19.336524]]]}},{"type":"Feature","properties":{"cp":"10200"},"geometry":{"type":"Polygon","coordinates":[[[-99.20864,19.33605],[-99.20876,19.336018],[-99.209017,19.335963],[-99.209769,19.335822],[-99.210348,19.335719],[-99.211164,19.335609],[-99.211665,19.335513],[-99.212855,19.33531],[-99.21334,19.33522],[-99.213807,19.33511],[-99.214253,19.335002],[-99.214434,19.335725],[-99.214647,19.336372],[-99.214772,19.336408],[-99.214864,19.336388],[-99.215128,19.336252],[-99.215311,19.33611],[-99.215418,19.335675],[-99.21556,19.335522],[-99.215734,19.335397],[-99.215885,19.335322],[-99.216016,19.335272],[-99.216586,19.335227],[-99.216838,19.335087],[-99.217014,19.334813],[-99.217138,19.334692],[-99.217505,19.334652],[-99.217544,19.334647],[-99.217829,19.334612],[-99.218563,19.334391],[-99.219138,19.333979],[-99.22003,19.33394],[-99.221327,19.333822],[-99.22189,19.333703],[-99.222403,19.333537],[-99.223212,19.333155],[-99.223343,19.333093],[-99.224216,19.332749],[-99.224115,19.332497],[-99.224205,19.332358],[-99.226271,19.331563],[-99.22667,19.331604],[-99.227157,19.331604],[-99.228875,19.330781],[-99.229115,19.330624],[-99.22919,19.330577],[-99.22929,19.330515],[-99.229683,19.330365],[-99.230062,19.330233],[-99.230543,19.330037],[-99.231146,19.329788],[-99.231485,19.3292],[-99.231799,19.328951],[-99.232226,19.32853],[-99.232571,19.328174],[-99.232936,19.327932],[-99.2332,19.327603],[-99.233588,19.327346],[-99.234176,19.326947],[-99.234825,19.326525],[-99.235964,19.325799],[-99.236394,19.32553],[-99.236331,19.325271],[-99.237153,19.324628],[-99.237505,19.324527],[-99.238147,19.32454],[-99.238194,19.324541],[-99.238198,19.324541],[-99.238195,19.324537],[-99.238076,19.324293],[-99.237961,19.324076],[-99.237678,19.323491],[-99.237655,19.32341],[-99.23742,19.322931],[-99.23693,19.321947],[-99.237251,19.321727],[-99.237549,19.321466],[-99.238108,19.321133],[-99.238684,19.320794],[-99.23881,19.320454],[-99.238637,19.320283],[-99.23931,19.319399],[-99.239365,19.319314],[-99.238204,19.31847],[-99.237764,19.318177],[-99.236886,19.317527],[-99.236474,19.317214],[-99.23595,19.316867],[-99.235516,19.316539],[-99.235193,19.3163],[-99.234746,19.316111],[-99.234462,19.316087],[-99.233449,19.31623],[-99.232938,19.316288],[-99.23268,19.316365],[-99.232244,19.316635],[-99.231927,19.316834],[-99.231482,19.317133],[-99.231061,19.317449],[-99.230886,19.317673],[-99.230719,19.317986],[-99.230387,19.318594],[-99.230322,19.318689],[-99.230076,19.318934],[-99.229595,19.319161],[-99.229151,19.319354],[-99.228908,19.319467],[-99.228696,19.319633],[-99.228607,19.319747],[-99.228524,19.319889],[-99.228244,19.320307],[-99.228091,19.320438],[-99.227892,19.320565],[-99.227477,19.320807],[-99.226971,19.321126],[-99.226872,19.321216],[-99.226707,19.321432],[-99.226309,19.321921],[-99.226222,19.322024],[-99.225982,19.32222],[-99.225634,19.322316],[-99.224994,19.322457],[-99.224675,19.322583],[-99.224433,19.322712],[-99.224192,19.322873],[-99.224055,19.322968],[-99.223845,19.323047],[-99.223728,19.323063],[-99.223568,19.32305],[-99.223418,19.323016],[-99.223285,19.322957],[-99.223167,19.322878],[-99.222324,19.322345],[-99.221696,19.321915],[-99.22196,19.321573],[-99.222322,19.3211],[-99.222714,19.320674],[-99.222904,19.320393],[-99.22317,19.319762],[-99.223496,19.31897],[-99.22316,19.318881],[-99.222781,19.318862],[-99.22241,19.318779],[-99.221803,19.318596],[-99.221453,19.318516],[-99.221478,19.318692],[-99.221486,19.318969],[-99.221467,19.319301],[-99.221408,19.319644],[-99.22131,19.319909],[-99.221232,19.320096],[-99.221147,19.320269],[-99.221034,19.320445],[-99.220901,19.320648],[-99.220717,19.320858],[-99.220571,19.32099],[-99.22047,19.321081],[-99.220058,19.321388],[-99.21931,19.321898],[-99.218564,19.322416],[-99.217561,19.323103],[-99.215941,19.324212],[-99.214349,19.325321],[-99.213609,19.325918],[-99.212783,19.326797],[-99.212688,19.326923],[-99.212467,19.327235],[-99.21211,19.327828],[-99.211797,19.328434],[-99.21126,19.32952],[-99.210659,19.330736],[-99.210505,19.331036],[-99.210477,19.33109],[-99.210454,19.331134],[-99.210277,19.331495],[-99.210236,19.331578],[-99.209587,19.332891],[-99.209463,19.333111],[-99.209369,19.333278],[-99.209124,19.333633],[-99.208932,19.333908],[-99.208632,19.334329],[-99.208444,19.334573],[-99.208205,19.334851],[-99.207972,19.335082],[-99.207457,19.335512],[-99.206967,19.335949],[-99.206326,19.336505],[-99.206908,19.336568],[-99.207103,19.336601],[-99.20776,19.336359],[-99.208126,19.336244],[-99.208403,19.336142],[-99.208606,19.336063],[-99.20864,19.33605]]]}},{"type":"Feature","properties":{"cp":"11000"},"geometry":{"type":"Polygon","coordinates":[[[-99.208544,19.43196],[-99.208784,19.431389],[-99.208842,19.431423],[-99.209034,19.431688],[-99.209404,19.432501],[-99.209617,19.432914],[-99.209693,19.433102],[-99.209967,19.433428],[-99.211243,19.433227],[-99.212626,19.433015],[-99.213022,19.432969],[-99.213342,19.432923],[-99.213499,19.43289],[-99.213608,19.432829],[-99.214117,19.432455],[-99.2148,19.431911],[-99.215158,19.431587],[-99.215408,19.431342],[-99.215639,19.431141],[-99.215778,19.431023],[-99.216013,19.430878],[-99.216423,19.430637],[-99.216982,19.430308],[-99.217386,19.430076],[-99.218152,19.42968],[-99.219334,19.429371],[-99.220463,19.42918],[-99.220861,19.428919],[-99.221825,19.428654],[-99.222433,19.428622],[-99.222956,19.428777],[-99.22302,19.428738],[-99.223,19.428613],[-99.223293,19.428333],[-99.223686,19.427932],[-99.224526,19.427041],[-99.22464,19.426966],[-99.224847,19.426849],[-99.22516,19.426714],[-99.225463,19.426587],[-99.225705,19.42641],[-99.22587,19.426226],[-99.22607,19.425828],[-99.226244,19.425434],[-99.226331,19.425238],[-99.226699,19.424666],[-99.226797,19.424539],[-99.227017,19.42432],[-99.227189,19.424257],[-99.227421,19.424253],[-99.227538,19.42425],[-99.227639,19.424221],[-99.227729,19.424183],[-99.227786,19.424129],[-99.227832,19.424062],[-99.227849,19.423973],[-99.227862,19.423793],[-99.227855,19.423679],[-99.227852,19.423645],[-99.227875,19.423604],[-99.227939,19.423566],[-99.228069,19.423543],[-99.228166,19.423537],[-99.228303,19.423511],[-99.228457,19.423419],[-99.228495,19.423326],[-99.228652,19.423192],[-99.228739,19.422977],[-99.228869,19.422729],[-99.228969,19.422624],[-99.229169,19.422459],[-99.229363,19.422237],[-99.229383,19.422204],[-99.229542,19.42216],[-99.229683,19.422103],[-99.229762,19.421995],[-99.230098,19.421826],[-99.230286,19.42181],[-99.23039,19.421799],[-99.230533,19.421761],[-99.230664,19.421743],[-99.23077,19.421734],[-99.230844,19.421707],[-99.230891,19.421637],[-99.230926,19.421547],[-99.230958,19.421367],[-99.230969,19.42126],[-99.231025,19.42107],[-99.231061,19.42098],[-99.231112,19.420934],[-99.231216,19.420858],[-99.231307,19.42081],[-99.231507,19.420756],[-99.231559,19.420737],[-99.23157,19.4206],[-99.231626,19.420306],[-99.231675,19.420165],[-99.231817,19.419991],[-99.232105,19.419873],[-99.232357,19.419793],[-99.232357,19.419685],[-99.232376,19.419567],[-99.232417,19.419473],[-99.232466,19.419421],[-99.232546,19.419391],[-99.232635,19.41938],[-99.232911,19.41943],[-99.232974,19.419395],[-99.232987,19.419263],[-99.232971,19.419023],[-99.232991,19.418894],[-99.233056,19.41866],[-99.233091,19.418586],[-99.233069,19.418483],[-99.23306,19.418388],[-99.233122,19.418272],[-99.23316,19.418158],[-99.233191,19.418047],[-99.233235,19.417839],[-99.233363,19.417798],[-99.233379,19.417558],[-99.233369,19.417497],[-99.233422,19.417345],[-99.233442,19.417222],[-99.233613,19.416585],[-99.233623,19.416453],[-99.233553,19.416194],[-99.233544,19.415933],[-99.233535,19.41583],[-99.233466,19.415575],[-99.233362,19.415332],[-99.233311,19.415049],[-99.233351,19.41461],[-99.233416,19.414297],[-99.233431,19.414188],[-99.233468,19.413835],[-99.233476,19.413592],[-99.233469,19.413451],[-99.233334,19.413344],[-99.233318,19.413331],[-99.233269,19.413228],[-99.233155,19.412991],[-99.233034,19.41287],[-99.232801,19.412638],[-99.232558,19.412401],[-99.23235,19.412198],[-99.232327,19.412136],[-99.232326,19.412134],[-99.232325,19.412132],[-99.232289,19.412038],[-99.232275,19.41163],[-99.232282,19.411579],[-99.232299,19.411463],[-99.232305,19.411249],[-99.232308,19.411144],[-99.232377,19.410965],[-99.232518,19.410689],[-99.232659,19.410455],[-99.232632,19.410162],[-99.232614,19.409973],[-99.232638,19.409728],[-99.232763,19.409224],[-99.232802,19.408503],[-99.232873,19.407573],[-99.232917,19.40722],[-99.232745,19.406937],[-99.232626,19.406882],[-99.232583,19.406862],[-99.232469,19.406792],[-99.232346,19.406687],[-99.232257,19.406584],[-99.23197,19.405789],[-99.231909,19.405649],[-99.231833,19.405595],[-99.231692,19.405576],[-99.231468,19.405579],[-99.230882,19.405728],[-99.230709,19.405737],[-99.230059,19.405331],[-99.229703,19.405153],[-99.229704,19.405151],[-99.229376,19.404932],[-99.228739,19.405601],[-99.228639,19.405734],[-99.228635,19.405731],[-99.228596,19.405703],[-99.228607,19.405636],[-99.228416,19.405519],[-99.228266,19.405427],[-99.2282,19.405404],[-99.228165,19.405399],[-99.228139,19.405383],[-99.227802,19.405173],[-99.227443,19.404969],[-99.226748,19.404857],[-99.226397,19.404823],[-99.226399,19.404818],[-99.226199,19.404793],[-99.225358,19.404682],[-99.22477,19.404655],[-99.223821,19.404703],[-99.223312,19.404732],[-99.222956,19.40475],[-99.22296,19.404758],[-99.222955,19.404825],[-99.222937,19.40489],[-99.222905,19.404958],[-99.222809,19.404991],[-99.222623,19.405006],[-99.222373,19.405068],[-99.222222,19.405132],[-99.222206,19.405139],[-99.222135,19.405171],[-99.222,19.405273],[-99.221852,19.405425],[-99.221598,19.40569],[-99.221474,19.405822],[-99.221394,19.405891],[-99.221217,19.406039],[-99.2211,19.406124],[-99.220911,19.406246],[-99.220798,19.406323],[-99.220666,19.406445],[-99.220552,19.40658],[-99.220441,19.406733],[-99.220333,19.406935],[-99.22026,19.407128],[-99.220132,19.407376],[-99.219998,19.407633],[-99.219781,19.407875],[-99.21966,19.407986],[-99.22007,19.408172],[-99.220158,19.408185],[-99.219977,19.408368],[-99.219953,19.408418],[-99.219266,19.409128],[-99.219223,19.409149],[-99.219208,19.409153],[-99.21828,19.410098],[-99.217803,19.409957],[-99.217168,19.410062],[-99.21697,19.41014],[-99.216839,19.410192],[-99.216772,19.4102],[-99.216495,19.410207],[-99.216108,19.410275],[-99.216079,19.410281],[-99.215794,19.410346],[-99.21576,19.410357],[-99.215759,19.410357],[-99.215725,19.410367],[-99.215441,19.410445],[-99.214794,19.410492],[-99.214747,19.410497],[-99.214695,19.410501],[-99.21395,19.41065],[-99.21395,19.410653],[-99.213948,19.410653],[-99.213962,19.410977],[-99.214065,19.411254],[-99.214064,19.411401],[-99.214064,19.411562],[-99.214064,19.411566],[-99.214026,19.411761],[-99.214014,19.411883],[-99.213988,19.412123],[-99.213951,19.41231],[-99.213818,19.412461],[-99.213607,19.412622],[-99.213495,19.412819],[-99.213415,19.412904],[-99.213315,19.413017],[-99.213215,19.413102],[-99.213115,19.413168],[-99.212788,19.413252],[-99.212639,19.41344],[-99.212598,19.413619],[-99.212598,19.413635],[-99.212597,19.413641],[-99.212596,19.414026],[-99.212635,19.41411],[-99.213068,19.41451],[-99.213124,19.414532],[-99.212941,19.414876],[-99.212692,19.415077],[-99.212568,19.41515],[-99.212568,19.415171],[-99.212568,19.415184],[-99.212568,19.415207],[-99.212437,19.415225],[-99.212435,19.415225],[-99.212225,19.415279],[-99.211971,19.415128],[-99.211726,19.415313],[-99.211545,19.415396],[-99.211368,19.415471],[-99.211195,19.415534],[-99.211194,19.415535],[-99.210496,19.415896],[-99.21014,19.41606],[-99.209767,19.416289],[-99.209105,19.416753],[-99.208499,19.417254],[-99.208496,19.417257],[-99.208496,19.417257],[-99.208492,19.417261],[-99.208315,19.417422],[-99.207966,19.417912],[-99.207766,19.418277],[-99.207528,19.418725],[-99.207353,19.419078],[-99.207179,19.419385],[-99.207178,19.419387],[-99.20653,19.419107],[-99.20593,19.418741],[-99.205618,19.418543],[-99.205605,19.418536],[-99.205601,19.418534],[-99.205588,19.418525],[-99.204125,19.42005],[-99.20368,19.42049],[-99.203529,19.420706],[-99.202765,19.421894],[-99.202752,19.421913],[-99.202528,19.422245],[-99.202522,19.422255],[-99.202523,19.422254],[-99.202751,19.422188],[-99.202905,19.422184],[-99.202908,19.422184],[-99.20291,19.422183],[-99.202935,19.422183],[-99.20303,19.422226],[-99.203051,19.422233],[-99.203051,19.422242],[-99.203321,19.42233],[-99.203788,19.422413],[-99.204209,19.422472],[-99.204211,19.422472],[-99.204362,19.422439],[-99.204193,19.422535],[-99.203929,19.422959],[-99.203845,19.423103],[-99.20368,19.42352],[-99.203626,19.42376],[-99.203573,19.424126],[-99.203554,19.424446],[-99.203553,19.424982],[-99.203543,19.425169],[-99.203509,19.425458],[-99.203348,19.425804],[-99.203354,19.425826],[-99.203361,19.425848],[-99.203361,19.425851],[-99.203303,19.426419],[-99.203294,19.426525],[-99.203196,19.42692],[-99.203197,19.427],[-99.203242,19.427107],[-99.203446,19.427261],[-99.203402,19.427622],[-99.203405,19.42763],[-99.203418,19.42767],[-99.203285,19.427732],[-99.203151,19.427913],[-99.203141,19.427926],[-99.203216,19.427989],[-99.204301,19.429098],[-99.20431,19.429107],[-99.208544,19.43196],[-99.208544,19.43196]]]}},{"type":"Feature","properties":{"cp":"11040"},"geometry":{"type":"Polygon","coordinates":[[[-99.203051,19.422242],[-99.20305,19.422252],[-99.202733,19.422955],[-99.202549,19.423547],[-99.202729,19.423896],[-99.202949,19.42461],[-99.203326,19.425834],[-99.203351,19.425832],[-99.203354,19.425826],[-99.203348,19.425804],[-99.203509,19.425458],[-99.203543,19.425169],[-99.203553,19.424982],[-99.203554,19.424446],[-99.203573,19.424126],[-99.203626,19.42376],[-99.20368,19.42352],[-99.203845,19.423103],[-99.203929,19.422959],[-99.204193,19.422535],[-99.204362,19.422439],[-99.204211,19.422472],[-99.204209,19.422472],[-99.203788,19.422413],[-99.203321,19.42233],[-99.203051,19.422242]]]}},{"type":"Feature","properties":{"cp":"11100"},"geometry":{"type":"Polygon","coordinates":[[[-99.212568,19.399806],[-99.212208,19.400082],[-99.21098,19.40086],[-99.210796,19.400973],[-99.210746,19.401003],[-99.208407,19.402437],[-99.207027,19.403315],[-99.205486,19.404301],[-99.204706,19.404788],[-99.204124,19.405152],[-99.203312,19.405659],[-99.202908,19.405904],[-99.202902,19.405911],[-99.202888,19.405924],[-99.202877,19.405934],[-99.200856,19.407051],[-99.200856,19.407052],[-99.197921,19.40865],[-99.195932,19.409717],[-99.19468,19.41039],[-99.194076,19.410729],[-99.19383,19.410839],[-99.193766,19.411254],[-99.19358,19.412478],[-99.193401,19.41355],[-99.193373,19.41368],[-99.193352,19.41397],[-99.19337,19.414237],[-99.193386,19.414506],[-99.193423,19.414755],[-99.193526,19.415048],[-99.193674,19.415339],[-99.193768,19.415525],[-99.194378,19.416566],[-99.194891,19.417447],[-99.195048,19.417696],[-99.195193,19.417996],[-99.195317,19.418276],[-99.195387,19.418863],[-99.195394,19.419194],[-99.195387,19.419278],[-99.19535,19.419697],[-99.195372,19.420096],[-99.195421,19.420412],[-99.195546,19.420686],[-99.195671,19.420845],[-99.196057,19.421383],[-99.196337,19.421782],[-99.196682,19.422108],[-99.19705,19.422378],[-99.197531,19.422576],[-99.197825,19.422652],[-99.198333,19.422759],[-99.198737,19.422855],[-99.198992,19.422996],[-99.199337,19.423299],[-99.20034,19.42465],[-99.200472,19.424829],[-99.200609,19.425003],[-99.201001,19.425449],[-99.201763,19.42644],[-99.202121,19.426922],[-99.201824,19.42706],[-99.201805,19.427069],[-99.201458,19.427171],[-99.201234,19.427163],[-99.200371,19.427041],[-99.200333,19.427127],[-99.200368,19.427186],[-99.200289,19.427286],[-99.200272,19.42743],[-99.200381,19.427751],[-99.200498,19.427967],[-99.200676,19.428188],[-99.200947,19.428394],[-99.201245,19.428542],[-99.201493,19.428598],[-99.202361,19.42867],[-99.202808,19.428719],[-99.202854,19.42855],[-99.202927,19.428168],[-99.202989,19.42808],[-99.203141,19.427926],[-99.203151,19.427913],[-99.203285,19.427732],[-99.203418,19.42767],[-99.203405,19.42763],[-99.203402,19.427622],[-99.203446,19.427261],[-99.203242,19.427107],[-99.203197,19.427],[-99.203196,19.42692],[-99.203294,19.426525],[-99.203303,19.426419],[-99.203361,19.425851],[-99.203361,19.425848],[-99.203354,19.425826],[-99.203351,19.425832],[-99.203326,19.425834],[-99.202949,19.42461],[-99.202729,19.423896],[-99.202549,19.423547],[-99.202733,19.422955],[-99.20305,19.422252],[-99.203051,19.422242],[-99.203051,19.422233],[-99.20303,19.422226],[-99.202935,19.422183],[-99.20291,19.422183],[-99.202908,19.422184],[-99.202905,19.422184],[-99.202751,19.422188],[-99.202523,19.422254],[-99.202522,19.422255],[-99.202528,19.422245],[-99.202752,19.421913],[-99.202765,19.421894],[-99.203529,19.420706],[-99.20368,19.42049],[-99.204125,19.42005],[-99.205588,19.418525],[-99.205601,19.418534],[-99.205605,19.418536],[-99.205618,19.418543],[-99.20593,19.418741],[-99.20653,19.419107],[-99.207178,19.419387],[-99.207179,19.419385],[-99.207353,19.419078],[-99.207528,19.418725],[-99.207766,19.418277],[-99.207966,19.417912],[-99.208315,19.417422],[-99.208492,19.417261],[-99.208496,19.417257],[-99.208496,19.417257],[-99.208499,19.417254],[-99.209105,19.416753],[-99.209767,19.416289],[-99.21014,19.41606],[-99.210496,19.415896],[-99.211194,19.415535],[-99.211195,19.415534],[-99.211368,19.415471],[-99.211545,19.415396],[-99.211726,19.415313],[-99.211971,19.415128],[-99.212225,19.415279],[-99.212435,19.415225],[-99.212437,19.415225],[-99.212568,19.415207],[-99.212568,19.415184],[-99.212568,19.415171],[-99.212568,19.41515],[-99.212692,19.415077],[-99.212941,19.414876],[-99.213124,19.414532],[-99.213068,19.41451],[-99.212635,19.41411],[-99.212596,19.414026],[-99.212597,19.413641],[-99.212598,19.413635],[-99.212598,19.413619],[-99.212639,19.41344],[-99.212788,19.413252],[-99.213115,19.413168],[-99.213215,19.413102],[-99.213315,19.413017],[-99.213415,19.412904],[-99.213495,19.412819],[-99.213607,19.412622],[-99.213818,19.412461],[-99.213951,19.41231],[-99.213988,19.412123],[-99.214014,19.411883],[-99.214026,19.411761],[-99.214064,19.411566],[-99.214064,19.411562],[-99.214064,19.411401],[-99.214065,19.411254],[-99.213962,19.410977],[-99.213948,19.410653],[-99.21395,19.410653],[-99.21395,19.41065],[-99.214695,19.410501],[-99.214747,19.410497],[-99.214794,19.410492],[-99.215441,19.410445],[-99.215725,19.410367],[-99.215759,19.410357],[-99.21576,19.410357],[-99.215794,19.410346],[-99.216079,19.410281],[-99.216108,19.410275],[-99.216495,19.410207],[-99.216772,19.4102],[-99.216839,19.410192],[-99.21697,19.41014],[-99.217168,19.410062],[-99.217803,19.409957],[-99.21828,19.410098],[-99.219208,19.409153],[-99.219223,19.409149],[-99.219266,19.409128],[-99.219953,19.408418],[-99.219977,19.408368],[-99.220158,19.408185],[-99.22007,19.408172],[-99.21966,19.407986],[-99.219781,19.407875],[-99.219998,19.407633],[-99.220132,19.407376],[-99.22026,19.407128],[-99.220333,19.406935],[-99.220441,19.406733],[-99.220552,19.40658],[-99.220666,19.406445],[-99.220798,19.406323],[-99.220911,19.406246],[-99.2211,19.406124],[-99.221217,19.406039],[-99.221394,19.405891],[-99.221474,19.405822],[-99.221598,19.40569],[-99.221852,19.405425],[-99.222,19.405273],[-99.222135,19.405171],[-99.222206,19.405139],[-99.222222,19.405132],[-99.222373,19.405068],[-99.222623,19.405006],[-99.222809,19.404991],[-99.222905,19.404958],[-99.222937,19.40489],[-99.222955,19.404825],[-99.22296,19.404758],[-99.222956,19.40475],[-99.222928,19.404684],[-99.222873,19.404599],[-99.222764,19.404531],[-99.222633,19.404513],[-99.222309,19.404521],[-99.222222,19.404522],[-99.221892,19.404527],[-99.221609,19.404537],[-99.221408,19.404559],[-99.221144,19.404683],[-99.220946,19.404812],[-99.220772,19.404929],[-99.22056,19.405025],[-99.220387,19.405102],[-99.220344,19.405054],[-99.22037,19.405018],[-99.220494,19.404929],[-99.220568,19.404848],[-99.220626,19.404784],[-99.220661,19.404709],[-99.220689,19.404637],[-99.220702,19.404573],[-99.220702,19.404473],[-99.220646,19.404177],[-99.220608,19.403992],[-99.220557,19.40376],[-99.220447,19.403484],[-99.220411,19.403424],[-99.220383,19.403399],[-99.220343,19.403374],[-99.220311,19.403359],[-99.220269,19.403349],[-99.220175,19.403342],[-99.21994,19.403415],[-99.219443,19.403561],[-99.218776,19.40373],[-99.218213,19.403821],[-99.217561,19.403931],[-99.217122,19.404003],[-99.217664,19.40364],[-99.218544,19.403045],[-99.219464,19.402404],[-99.21994,19.402103],[-99.220387,19.40181],[-99.220928,19.401458],[-99.221377,19.401194],[-99.22182,19.400963],[-99.222222,19.400723],[-99.222388,19.400624],[-99.223087,19.399822],[-99.223553,19.399177],[-99.223485,19.398718],[-99.223522,19.398285],[-99.223431,19.398075],[-99.223327,19.397835],[-99.223339,19.397645],[-99.223347,19.39753],[-99.223429,19.397265],[-99.223412,19.397058],[-99.223257,19.396855],[-99.223046,19.396755],[-99.22288,19.396677],[-99.222488,19.396587],[-99.222235,19.39649],[-99.22212,19.396383],[-99.219513,19.397171],[-99.218316,19.397555],[-99.217077,19.397974],[-99.216906,19.398034],[-99.216292,19.398253],[-99.215876,19.398377],[-99.214856,19.398706],[-99.21448,19.39884],[-99.213866,19.399118],[-99.213025,19.399559],[-99.212674,19.399765],[-99.212568,19.399806]]]}},{"type":"Feature","properties":{"cp":"11200"},"geometry":{"type":"Polygon","coordinates":[[[-99.211211,19.449969],[-99.211341,19.449988],[-99.211627,19.450031],[-99.211815,19.450122],[-99.212031,19.450249],[-99.212409,19.450509],[-99.212519,19.450598],[-99.212714,19.450758],[-99.212847,19.450865],[-99.212851,19.450868],[-99.212853,19.45087],[-99.212859,19.450874],[-99.212957,19.450954],[-99.213129,19.451094],[-99.213332,19.45125],[-99.213571,19.451432],[-99.214254,19.451952],[-99.214662,19.452249],[-99.215735,19.453028],[-99.216282,19.453461],[-99.216954,19.454092],[-99.217365,19.453671],[-99.217915,19.453362],[-99.218136,19.45325],[-99.218523,19.453054],[-99.218221,19.452536],[-99.218213,19.452506],[-99.216781,19.44984],[-99.216885,19.449781],[-99.216955,19.449695],[-99.21708,19.448593],[-99.217086,19.44853],[-99.217098,19.448405],[-99.217225,19.447238],[-99.217263,19.446845],[-99.217303,19.446487],[-99.21732,19.446322],[-99.217398,19.445692],[-99.217404,19.445272],[-99.21754,19.444747],[-99.217561,19.444661],[-99.212533,19.444495],[-99.211402,19.444461],[-99.211417,19.444512],[-99.211267,19.444748],[-99.211075,19.444928],[-99.210939,19.445013],[-99.210767,19.44509],[-99.210618,19.445119],[-99.21038,19.445024],[-99.210277,19.444935],[-99.209925,19.445152],[-99.208962,19.44577],[-99.20769,19.446616],[-99.207695,19.446641],[-99.207698,19.44667],[-99.207697,19.446695],[-99.207682,19.44675],[-99.207654,19.446797],[-99.207618,19.446834],[-99.207572,19.446861],[-99.207544,19.446872],[-99.207471,19.446883],[-99.20744,19.446881],[-99.207386,19.446867],[-99.207359,19.446856],[-99.207345,19.446846],[-99.207323,19.446832],[-99.206837,19.447219],[-99.207762,19.447677],[-99.208224,19.447904],[-99.208664,19.448129],[-99.209056,19.448318],[-99.209398,19.448483],[-99.210089,19.448819],[-99.210248,19.448974],[-99.210276,19.449001],[-99.210288,19.449011],[-99.210348,19.449061],[-99.210451,19.449145],[-99.210458,19.44915],[-99.21094,19.449459],[-99.211127,19.449583],[-99.211377,19.449709],[-99.211345,19.449762],[-99.211211,19.449969]]]}},{"type":"Feature","properties":{"cp":"11210"},"geometry":{"type":"Polygon","coordinates":[[[-99.190444,19.470459],[-99.190956,19.47063],[-99.191411,19.470768],[-99.192696,19.471068],[-99.193363,19.471224],[-99.194134,19.471404],[-99.194616,19.471538],[-99.195147,19.471686],[-99.195625,19.471829],[-99.196133,19.471972],[-99.196658,19.472126],[-99.197083,19.472252],[-99.19746,19.472364],[-99.197951,19.472512],[-99.198369,19.472642],[-99.199089,19.472876],[-99.199765,19.473083],[-99.200094,19.473182],[-99.200676,19.473345],[-99.201015,19.47336],[-99.201447,19.473237],[-99.202327,19.473015],[-99.203444,19.472692],[-99.20434,19.472403],[-99.204967,19.472192],[-99.205285,19.472024],[-99.206496,19.471356],[-99.206825,19.471215],[-99.207174,19.469568],[-99.208863,19.470082],[-99.209912,19.469382],[-99.210451,19.468786],[-99.210565,19.468658],[-99.210723,19.468481],[-99.210961,19.468267],[-99.211435,19.468001],[-99.211537,19.467993],[-99.211639,19.467406],[-99.211729,19.467138],[-99.211785,19.467082],[-99.211942,19.467079],[-99.212148,19.467114],[-99.212416,19.46631],[-99.213544,19.462919],[-99.212964,19.462622],[-99.212632,19.462451],[-99.212463,19.462691],[-99.211345,19.464487],[-99.211005,19.465005],[-99.210866,19.465158],[-99.210712,19.465224],[-99.210544,19.465249],[-99.210362,19.465238],[-99.210118,19.465153],[-99.209526,19.464895],[-99.209171,19.464743],[-99.209033,19.464741],[-99.208881,19.464782],[-99.208732,19.464873],[-99.208665,19.464946],[-99.208505,19.465281],[-99.208483,19.465274],[-99.208481,19.465278],[-99.20848,19.46528],[-99.208297,19.465209],[-99.208257,19.465194],[-99.207439,19.464913],[-99.206586,19.464624],[-99.205669,19.464313],[-99.204839,19.464019],[-99.203994,19.463744],[-99.20318,19.463467],[-99.202333,19.463179],[-99.201654,19.462968],[-99.202201,19.46111],[-99.201619,19.461118],[-99.199691,19.461268],[-99.199269,19.461313],[-99.198369,19.461237],[-99.198204,19.462103],[-99.197904,19.463237],[-99.197857,19.463396],[-99.197234,19.46326],[-99.196994,19.464116],[-99.19691,19.464415],[-99.196827,19.464701],[-99.196622,19.464823],[-99.1961,19.46467],[-99.195624,19.464533],[-99.195154,19.464394],[-99.194626,19.464236],[-99.19419,19.464105],[-99.192713,19.463653],[-99.192633,19.463629],[-99.192632,19.463628],[-99.192251,19.463187],[-99.192247,19.463182],[-99.190973,19.462928],[-99.190709,19.462924],[-99.190575,19.463005],[-99.190679,19.463882],[-99.190729,19.46449],[-99.190731,19.464671],[-99.190671,19.46572],[-99.190661,19.465946],[-99.190579,19.467936],[-99.190444,19.470459]]]}},{"type":"Feature","properties":{"cp":"11220"},"geometry":{"type":"Polygon","coordinates":[[[-99.217857,19.44402],[-99.217576,19.444602],[-99.217561,19.444661],[-99.21754,19.444747],[-99.217404,19.445272],[-99.217398,19.445692],[-99.21732,19.446322],[-99.217303,19.446487],[-99.217263,19.446845],[-99.217225,19.447238],[-99.217098,19.448405],[-99.217086,19.44853],[-99.21708,19.448593],[-99.216955,19.449695],[-99.216885,19.449781],[-99.216781,19.44984],[-99.218213,19.452506],[-99.218221,19.452536],[-99.218523,19.453054],[-99.218644,19.452985],[-99.218997,19.452996],[-99.219358,19.452845],[-99.219703,19.452824],[-99.219973,19.45288],[-99.219968,19.452537],[-99.219959,19.451879],[-99.219955,19.451549],[-99.220116,19.448998],[-99.220128,19.447987],[-99.220136,19.447277],[-99.220146,19.446441],[-99.220149,19.446116],[-99.220113,19.445971],[-99.22006,19.445759],[-99.219977,19.445557],[-99.219847,19.445354],[-99.219638,19.44512],[-99.219409,19.444906],[-99.219226,19.444774],[-99.218305,19.444299],[-99.218216,19.444235],[-99.218154,19.444156],[-99.218133,19.444112],[-99.217857,19.44402]]]}},{"type":"Feature","properties":{"cp":"11230"},"geometry":{"type":"Polygon","coordinates":[[[-99.212632,19.462451],[-99.213939,19.460406],[-99.214045,19.459518],[-99.214224,19.458674],[-99.214248,19.458559],[-99.214856,19.457371],[-99.215166,19.456543],[-99.215009,19.456524],[-99.213587,19.456094],[-99.21289,19.455868],[-99.211907,19.455535],[-99.211635,19.455472],[-99.211396,19.455435],[-99.211027,19.455401],[-99.210665,19.45544],[-99.210288,19.455518],[-99.20993,19.455612],[-99.209669,19.455688],[-99.208926,19.455904],[-99.2086,19.455998],[-99.20841,19.456054],[-99.207531,19.456309],[-99.206097,19.456732],[-99.205499,19.456903],[-99.205185,19.456992],[-99.205046,19.457033],[-99.204471,19.457203],[-99.203727,19.457436],[-99.203018,19.457652],[-99.202279,19.457863],[-99.201548,19.458086],[-99.201548,19.458089],[-99.201548,19.458091],[-99.201549,19.458155],[-99.201549,19.458177],[-99.200837,19.458176],[-99.20014,19.458313],[-99.199452,19.458461],[-99.199089,19.458544],[-99.198769,19.458596],[-99.198369,19.461237],[-99.199269,19.461313],[-99.199691,19.461268],[-99.201619,19.461118],[-99.202201,19.46111],[-99.201654,19.462968],[-99.202333,19.463179],[-99.20318,19.463467],[-99.203994,19.463744],[-99.204839,19.464019],[-99.205669,19.464313],[-99.206586,19.464624],[-99.207439,19.464913],[-99.208257,19.465194],[-99.208297,19.465209],[-99.20848,19.46528],[-99.208481,19.465278],[-99.208483,19.465274],[-99.208505,19.465281],[-99.208665,19.464946],[-99.208732,19.464873],[-99.208881,19.464782],[-99.209033,19.464741],[-99.209171,19.464743],[-99.209526,19.464895],[-99.210118,19.465153],[-99.210362,19.465238],[-99.210544,19.465249],[-99.210712,19.465224],[-99.210866,19.465158],[-99.211005,19.465005],[-99.211345,19.464487],[-99.212463,19.462691],[-99.212632,19.462451]]]}},{"type":"Feature","properties":{"cp":"11240"},"geometry":{"type":"Polygon","coordinates":[[[-99.198204,19.462103],[-99.197599,19.461958],[-99.196922,19.461798],[-99.196412,19.461665],[-99.196055,19.462959],[-99.195758,19.464071],[-99.195624,19.464533],[-99.1961,19.46467],[-99.196622,19.464823],[-99.196827,19.464701],[-99.19691,19.464415],[-99.196994,19.464116],[-99.197234,19.46326],[-99.197857,19.463396],[-99.197904,19.463237],[-99.198204,19.462103]]]}},{"type":"Feature","properties":{"cp":"11250"},"geometry":{"type":"Polygon","coordinates":[[[-99.205991,19.44797],[-99.207176,19.44854],[-99.208232,19.449046],[-99.208997,19.449335],[-99.209066,19.449354],[-99.210123,19.449812],[-99.21064,19.449887],[-99.210858,19.449918],[-99.210984,19.449936],[-99.211211,19.449969],[-99.211345,19.449762],[-99.211377,19.449709],[-99.211127,19.449583],[-99.21094,19.449459],[-99.210458,19.44915],[-99.210451,19.449145],[-99.210348,19.449061],[-99.210288,19.449011],[-99.210276,19.449001],[-99.210248,19.448974],[-99.210089,19.448819],[-99.209398,19.448483],[-99.209056,19.448318],[-99.208664,19.448129],[-99.208224,19.447904],[-99.207762,19.447677],[-99.206837,19.447219],[-99.205991,19.44797]]]}},{"type":"Feature","properties":{"cp":"11260"},"geometry":{"type":"Polygon","coordinates":[[[-99.205991,19.44797],[-99.204674,19.448982],[-99.204746,19.449088],[-99.204781,19.449205],[-99.204739,19.449336],[-99.204716,19.449417],[-99.204675,19.449489],[-99.204602,19.449575],[-99.204478,19.44963],[-99.204421,19.449644],[-99.204337,19.449649],[-99.204261,19.449639],[-99.20419,19.449616],[-99.204077,19.449519],[-99.204033,19.449484],[-99.203128,19.450245],[-99.202773,19.450544],[-99.202833,19.450624],[-99.202853,19.450698],[-99.202847,19.450754],[-99.202827,19.450806],[-99.202799,19.450862],[-99.202794,19.450861],[-99.202769,19.450886],[-99.202743,19.450906],[-99.202696,19.45093],[-99.202638,19.450945],[-99.202574,19.450946],[-99.202571,19.450946],[-99.202544,19.450941],[-99.202503,19.450927],[-99.202473,19.450912],[-99.20244,19.450888],[-99.202438,19.450886],[-99.202411,19.450857],[-99.20239,19.450824],[-99.199826,19.452548],[-99.199904,19.452572],[-99.200737,19.452825],[-99.20188,19.453171],[-99.202239,19.453285],[-99.202856,19.453475],[-99.2036,19.453712],[-99.203818,19.453778],[-99.203909,19.453788],[-99.204126,19.453811],[-99.20421,19.45382],[-99.204645,19.45391],[-99.204791,19.453946],[-99.204871,19.453971],[-99.205778,19.454265],[-99.206376,19.454435],[-99.206895,19.454554],[-99.207031,19.454572],[-99.207857,19.45475],[-99.208671,19.454969],[-99.209701,19.45524],[-99.209807,19.455295],[-99.20993,19.455612],[-99.210288,19.455518],[-99.210665,19.45544],[-99.211027,19.455401],[-99.211396,19.455435],[-99.211635,19.455472],[-99.211907,19.455535],[-99.21289,19.455868],[-99.213587,19.456094],[-99.215009,19.456524],[-99.215166,19.456543],[-99.215202,19.456446],[-99.215221,19.456396],[-99.215253,19.456311],[-99.215285,19.456224],[-99.215728,19.455618],[-99.215975,19.455293],[-99.216077,19.455158],[-99.216274,19.454898],[-99.216767,19.454284],[-99.216954,19.454092],[-99.216282,19.453461],[-99.215735,19.453028],[-99.214662,19.452249],[-99.214254,19.451952],[-99.213571,19.451432],[-99.213332,19.45125],[-99.213129,19.451094],[-99.212957,19.450954],[-99.212859,19.450874],[-99.212853,19.45087],[-99.212851,19.450868],[-99.212847,19.450865],[-99.212714,19.450758],[-99.212519,19.450598],[-99.212409,19.450509],[-99.212031,19.450249],[-99.211815,19.450122],[-99.211627,19.450031],[-99.211341,19.449988],[-99.211211,19.449969],[-99.210984,19.449936],[-99.210858,19.449918],[-99.21064,19.449887],[-99.210123,19.449812],[-99.209066,19.449354],[-99.208997,19.449335],[-99.208232,19.449046],[-99.207176,19.44854],[-99.205991,19.44797]]]}},{"type":"Feature","properties":{"cp":"11270"},"geometry":{"type":"Polygon","coordinates":[[[-99.201315,19.454879],[-99.201186,19.455911],[-99.201038,19.456962],[-99.20033,19.456906],[-99.199737,19.456874],[-99.199386,19.456906],[-99.198949,19.456956],[-99.198519,19.457019],[-99.198203,19.457853],[-99.197941,19.458668],[-99.197904,19.458784],[-99.198769,19.458596],[-99.199089,19.458544],[-99.199452,19.458461],[-99.20014,19.458313],[-99.200837,19.458176],[-99.201549,19.458177],[-99.201549,19.458155],[-99.201548,19.458091],[-99.201548,19.458089],[-99.201548,19.458086],[-99.202279,19.457863],[-99.203018,19.457652],[-99.203727,19.457436],[-99.204471,19.457203],[-99.205046,19.457033],[-99.205185,19.456992],[-99.205499,19.456903],[-99.206097,19.456732],[-99.207531,19.456309],[-99.20841,19.456054],[-99.2086,19.455998],[-99.208926,19.455904],[-99.209669,19.455688],[-99.20993,19.455612],[-99.209807,19.455295],[-99.209701,19.45524],[-99.208671,19.454969],[-99.207857,19.45475],[-99.207031,19.454572],[-99.206895,19.454554],[-99.206376,19.454435],[-99.205778,19.454265],[-99.204871,19.453971],[-99.204791,19.453946],[-99.204645,19.45391],[-99.20421,19.45382],[-99.204126,19.453811],[-99.203909,19.453788],[-99.203818,19.453778],[-99.2036,19.453712],[-99.202856,19.453475],[-99.202239,19.453285],[-99.20188,19.453171],[-99.201715,19.453684],[-99.20167,19.453703],[-99.201485,19.454064],[-99.201391,19.454313],[-99.201315,19.454879]]]}},{"type":"Feature","properties":{"cp":"11280"},"geometry":{"type":"Polygon","coordinates":[[[-99.198519,19.457019],[-99.198834,19.456036],[-99.199087,19.455366],[-99.199197,19.455004],[-99.198609,19.454865],[-99.198113,19.454755],[-99.197506,19.454629],[-99.197007,19.454495],[-99.196914,19.454467],[-99.194836,19.455903],[-99.19247,19.457512],[-99.190325,19.459017],[-99.189969,19.459239],[-99.189651,19.45954],[-99.189864,19.459551],[-99.189887,19.459553],[-99.190764,19.459593],[-99.191222,19.459599],[-99.191773,19.459649],[-99.191851,19.459651],[-99.192156,19.459693],[-99.192461,19.459701],[-99.193083,19.45972],[-99.193545,19.459691],[-99.193833,19.459656],[-99.194418,19.459532],[-99.19443,19.459529],[-99.194577,19.459497],[-99.194895,19.459425],[-99.19542,19.459308],[-99.196114,19.459152],[-99.197194,19.458931],[-99.19781,19.458805],[-99.197904,19.458784],[-99.197941,19.458668],[-99.198203,19.457853],[-99.198519,19.457019]]]}},{"type":"Feature","properties":{"cp":"11289"},"geometry":{"type":"Polygon","coordinates":[[[-99.20188,19.453171],[-99.200737,19.452825],[-99.199904,19.452572],[-99.199826,19.452548],[-99.199067,19.453011],[-99.199027,19.452981],[-99.198999,19.452967],[-99.198952,19.452952],[-99.1989,19.452945],[-99.198861,19.452948],[-99.198822,19.452956],[-99.198793,19.452967],[-99.198751,19.45299],[-99.198712,19.453023],[-99.198688,19.453053],[-99.198666,19.453094],[-99.198656,19.453121],[-99.198648,19.453186],[-99.19865,19.453213],[-99.198655,19.453251],[-99.198678,19.453295],[-99.196914,19.454467],[-99.197007,19.454495],[-99.197506,19.454629],[-99.198113,19.454755],[-99.198609,19.454865],[-99.199197,19.455004],[-99.199087,19.455366],[-99.198834,19.456036],[-99.198519,19.457019],[-99.198949,19.456956],[-99.199386,19.456906],[-99.199737,19.456874],[-99.20033,19.456906],[-99.201038,19.456962],[-99.201186,19.455911],[-99.201315,19.454879],[-99.201391,19.454313],[-99.201485,19.454064],[-99.20167,19.453703],[-99.201715,19.453684],[-99.20188,19.453171]]]}},{"type":"Feature","properties":{"cp":"11290"},"geometry":{"type":"Polygon","coordinates":[[[-99.190731,19.464671],[-99.190729,19.46449],[-99.190679,19.463882],[-99.190575,19.463005],[-99.190709,19.462924],[-99.190973,19.462928],[-99.192247,19.463182],[-99.192251,19.463187],[-99.192632,19.463628],[-99.192633,19.463629],[-99.192713,19.463653],[-99.19419,19.464105],[-99.194626,19.464236],[-99.195154,19.464394],[-99.195624,19.464533],[-99.195758,19.464071],[-99.196055,19.462959],[-99.196412,19.461665],[-99.196922,19.461798],[-99.197599,19.461958],[-99.198204,19.462103],[-99.198369,19.461237],[-99.198769,19.458596],[-99.197904,19.458784],[-99.19781,19.458805],[-99.197194,19.458931],[-99.196114,19.459152],[-99.19542,19.459308],[-99.194895,19.459425],[-99.194577,19.459497],[-99.19443,19.459529],[-99.194418,19.459532],[-99.193833,19.459656],[-99.193545,19.459691],[-99.193083,19.45972],[-99.192461,19.459701],[-99.192156,19.459693],[-99.191851,19.459651],[-99.191773,19.459649],[-99.191222,19.459599],[-99.190764,19.459593],[-99.189887,19.459553],[-99.189864,19.459551],[-99.189651,19.45954],[-99.1897,19.459697],[-99.189868,19.460235],[-99.189992,19.460639],[-99.190136,19.461606],[-99.190122,19.462756],[-99.190014,19.46443],[-99.190731,19.464671]]]}},{"type":"Feature","properties":{"cp":"11300"},"geometry":{"type":"Polygon","coordinates":[[[-99.179374,19.436088],[-99.178153,19.435466],[-99.176578,19.434676],[-99.175627,19.434207],[-99.175287,19.434027],[-99.174571,19.433593],[-99.172972,19.432536],[-99.172353,19.432181],[-99.172336,19.432173],[-99.172209,19.432402],[-99.171504,19.433492],[-99.171463,19.43356],[-99.171433,19.433603],[-99.171385,19.43367],[-99.171325,19.433773],[-99.171192,19.433981],[-99.17114,19.434048],[-99.170593,19.434873],[-99.170582,19.434891],[-99.170581,19.434892],[-99.169678,19.436325],[-99.169117,19.436111],[-99.169678,19.436325],[-99.17276,19.438159],[-99.174156,19.439098],[-99.175215,19.439784],[-99.175819,19.440321],[-99.176101,19.440669],[-99.177151,19.439366],[-99.178033,19.438257],[-99.178492,19.437513],[-99.178762,19.437064],[-99.179374,19.436088]]]}},{"type":"Feature","properties":{"cp":"11310"},"geometry":{"type":"Polygon","coordinates":[[[-99.182363,19.448251],[-99.182474,19.447393],[-99.182634,19.446068],[-99.182746,19.445477],[-99.183111,19.443547],[-99.182,19.443457],[-99.180888,19.44331],[-99.179775,19.443141],[-99.179168,19.443069],[-99.178706,19.443005],[-99.177907,19.442908],[-99.179629,19.445011],[-99.179678,19.44507],[-99.180858,19.446496],[-99.182363,19.448251]]]}},{"type":"Feature","properties":{"cp":"11320"},"geometry":{"type":"Polygon","coordinates":[[[-99.16893,19.44409],[-99.168544,19.445231],[-99.169171,19.445583],[-99.169314,19.445666],[-99.170816,19.447809],[-99.171222,19.448434],[-99.171224,19.448432],[-99.171522,19.448863],[-99.171931,19.448917],[-99.172258,19.448988],[-99.173357,19.449243],[-99.174402,19.449481],[-99.175505,19.449741],[-99.176543,19.449952],[-99.177447,19.450166],[-99.177478,19.450174],[-99.178392,19.450396],[-99.179074,19.450562],[-99.179823,19.450725],[-99.180556,19.45088],[-99.180886,19.450951],[-99.181269,19.451032],[-99.181825,19.451161],[-99.181935,19.451187],[-99.18263,19.451345],[-99.183019,19.451425],[-99.183403,19.451512],[-99.184081,19.451656],[-99.184815,19.451812],[-99.18538,19.451867],[-99.185199,19.451655],[-99.182363,19.448251],[-99.180858,19.446496],[-99.179678,19.44507],[-99.179629,19.445011],[-99.177907,19.442908],[-99.178706,19.443005],[-99.179168,19.443069],[-99.179775,19.443141],[-99.180888,19.44331],[-99.182,19.443457],[-99.183111,19.443547],[-99.183257,19.441711],[-99.183604,19.439961],[-99.183603,19.439309],[-99.18342,19.438159],[-99.183425,19.43816],[-99.1834,19.437401],[-99.183282,19.437372],[-99.182911,19.437237],[-99.18252,19.437129],[-99.182076,19.437018],[-99.181655,19.436914],[-99.181062,19.436778],[-99.18044,19.436599],[-99.179374,19.436088],[-99.178762,19.437064],[-99.178492,19.437513],[-99.178033,19.438257],[-99.177151,19.439366],[-99.176101,19.440669],[-99.175819,19.440321],[-99.175215,19.439784],[-99.174156,19.439098],[-99.17276,19.438159],[-99.172749,19.438251],[-99.172623,19.439076],[-99.172465,19.439003],[-99.172095,19.439506],[-99.171754,19.440029],[-99.171731,19.440119],[-99.171226,19.440818],[-99.171107,19.441051],[-99.170783,19.441551],[-99.170591,19.441888],[-99.170479,19.442026],[-99.170075,19.442541],[-99.169697,19.443028],[-99.169082,19.44374],[-99.169023,19.443821],[-99.16893,19.44409]]]}},{"type":"Feature","properties":{"cp":"11330"},"geometry":{"type":"Polygon","coordinates":[[[-99.168544,19.445231],[-99.167703,19.444747],[-99.167188,19.444441],[-99.167107,19.445595],[-99.166982,19.447033],[-99.166852,19.448449],[-99.166762,19.44949],[-99.166699,19.450309],[-99.168881,19.450705],[-99.171772,19.451172],[-99.172526,19.451293],[-99.172613,19.451272],[-99.172945,19.451104],[-99.173013,19.451069],[-99.171522,19.448863],[-99.171224,19.448432],[-99.171222,19.448434],[-99.170816,19.447809],[-99.169314,19.445666],[-99.169171,19.445583],[-99.168544,19.445231]]]}},{"type":"Feature","properties":{"cp":"11340"},"geometry":{"type":"Polygon","coordinates":[[[-99.166699,19.450309],[-99.166518,19.451232],[-99.166449,19.452192],[-99.168582,19.452487],[-99.171576,19.452901],[-99.173638,19.453184],[-99.174167,19.452794],[-99.174768,19.452378],[-99.173539,19.451554],[-99.173193,19.451306],[-99.173016,19.451067],[-99.173013,19.451069],[-99.172945,19.451104],[-99.172613,19.451272],[-99.172526,19.451293],[-99.171772,19.451172],[-99.168881,19.450705],[-99.166699,19.450309]]]}},{"type":"Feature","properties":{"cp":"11350"},"geometry":{"type":"Polygon","coordinates":[[[-99.167445,19.457032],[-99.168306,19.457177],[-99.171179,19.457643],[-99.171249,19.457255],[-99.171223,19.45719],[-99.170921,19.457128],[-99.171427,19.455486],[-99.171527,19.455101],[-99.17156,19.454875],[-99.173638,19.453184],[-99.171576,19.452901],[-99.168582,19.452487],[-99.166449,19.452192],[-99.166253,19.453961],[-99.165882,19.456163],[-99.16573,19.45613],[-99.165606,19.456737],[-99.167445,19.457032]]]}},{"type":"Feature","properties":{"cp":"11360"},"geometry":{"type":"Polygon","coordinates":[[[-99.165606,19.456737],[-99.16573,19.45613],[-99.165882,19.456163],[-99.166253,19.453961],[-99.166449,19.452192],[-99.166518,19.451232],[-99.166699,19.450309],[-99.166762,19.44949],[-99.166852,19.448449],[-99.166982,19.447033],[-99.167107,19.445595],[-99.167188,19.444441],[-99.165777,19.443661],[-99.165721,19.443821],[-99.165534,19.444587],[-99.165385,19.445184],[-99.165302,19.445537],[-99.16522,19.445906],[-99.165135,19.446293],[-99.165039,19.446698],[-99.164918,19.447277],[-99.164839,19.447671],[-99.164734,19.448173],[-99.164331,19.449985],[-99.164306,19.450627],[-99.164272,19.451849],[-99.164228,19.452336],[-99.1642,19.452682],[-99.164081,19.453714],[-99.164012,19.454273],[-99.163831,19.455754],[-99.163823,19.455817],[-99.163719,19.456397],[-99.163713,19.456435],[-99.164191,19.456511],[-99.16506,19.456659],[-99.165606,19.456737]]]}},{"type":"Feature","properties":{"cp":"11370"},"geometry":{"type":"Polygon","coordinates":[[[-99.17276,19.438159],[-99.169678,19.436325],[-99.169111,19.437161],[-99.168798,19.437633],[-99.168487,19.438152],[-99.167418,19.440359],[-99.16689,19.441462],[-99.166415,19.442524],[-99.165902,19.443385],[-99.165777,19.443661],[-99.167188,19.444441],[-99.167703,19.444747],[-99.168544,19.445231],[-99.16893,19.44409],[-99.169023,19.443821],[-99.169082,19.44374],[-99.169697,19.443028],[-99.170075,19.442541],[-99.170479,19.442026],[-99.170591,19.441888],[-99.170783,19.441551],[-99.171107,19.441051],[-99.171226,19.440818],[-99.171731,19.440119],[-99.171754,19.440029],[-99.172095,19.439506],[-99.172465,19.439003],[-99.172623,19.439076],[-99.172749,19.438251],[-99.17276,19.438159]]]}},{"type":"Feature","properties":{"cp":"11400"},"geometry":{"type":"Polygon","coordinates":[[[-99.171522,19.448863],[-99.173013,19.451069],[-99.173016,19.451067],[-99.173193,19.451306],[-99.173539,19.451554],[-99.174768,19.452378],[-99.176779,19.453792],[-99.176018,19.454884],[-99.175723,19.455287],[-99.175367,19.45581],[-99.174887,19.456497],[-99.174365,19.457243],[-99.173988,19.457799],[-99.173761,19.458063],[-99.174604,19.458199],[-99.175766,19.458387],[-99.176892,19.45857],[-99.177455,19.458661],[-99.177984,19.458756],[-99.178694,19.458909],[-99.178783,19.458929],[-99.179916,19.459126],[-99.181082,19.459301],[-99.182012,19.459475],[-99.183115,19.459647],[-99.184098,19.459839],[-99.184283,19.459327],[-99.184139,19.459276],[-99.183795,19.459166],[-99.183982,19.458369],[-99.184116,19.458386],[-99.184307,19.457306],[-99.18457,19.455879],[-99.184731,19.455228],[-99.184648,19.455125],[-99.184606,19.45503],[-99.18459,19.45489],[-99.184602,19.454818],[-99.184633,19.454738],[-99.18471,19.454626],[-99.18477,19.454581],[-99.184882,19.454531],[-99.185038,19.453965],[-99.18445,19.453829],[-99.184619,19.452863],[-99.184815,19.451812],[-99.184081,19.451656],[-99.183403,19.451512],[-99.183019,19.451425],[-99.18263,19.451345],[-99.181935,19.451187],[-99.181825,19.451161],[-99.181269,19.451032],[-99.180886,19.450951],[-99.180556,19.45088],[-99.179823,19.450725],[-99.179074,19.450562],[-99.178392,19.450396],[-99.177478,19.450174],[-99.177447,19.450166],[-99.176543,19.449952],[-99.175505,19.449741],[-99.174402,19.449481],[-99.173357,19.449243],[-99.172258,19.448988],[-99.171931,19.448917],[-99.171522,19.448863]]]}},{"type":"Feature","properties":{"cp":"11410"},"geometry":{"type":"Polygon","coordinates":[[[-99.184815,19.451812],[-99.184619,19.452863],[-99.18445,19.453829],[-99.185038,19.453965],[-99.184882,19.454531],[-99.18477,19.454581],[-99.18471,19.454626],[-99.184633,19.454738],[-99.184602,19.454818],[-99.18459,19.45489],[-99.184606,19.45503],[-99.184648,19.455125],[-99.184731,19.455228],[-99.18457,19.455879],[-99.184307,19.457306],[-99.184116,19.458386],[-99.183982,19.458369],[-99.183795,19.459166],[-99.184139,19.459276],[-99.184283,19.459327],[-99.184098,19.459839],[-99.185273,19.46002],[-99.185388,19.460014],[-99.187284,19.460478],[-99.18852,19.46079],[-99.188026,19.463659],[-99.188,19.463815],[-99.189142,19.464151],[-99.190014,19.46443],[-99.190122,19.462756],[-99.190136,19.461606],[-99.189992,19.460639],[-99.189868,19.460235],[-99.1897,19.459697],[-99.189651,19.45954],[-99.189969,19.459239],[-99.190325,19.459017],[-99.19247,19.457512],[-99.194836,19.455903],[-99.196914,19.454467],[-99.196904,19.454464],[-99.196762,19.454441],[-99.196257,19.454341],[-99.195181,19.454095],[-99.194476,19.453927],[-99.193417,19.453708],[-99.193349,19.453694],[-99.192643,19.45355],[-99.191926,19.453375],[-99.191244,19.453225],[-99.190057,19.452963],[-99.189124,19.452754],[-99.188503,19.452599],[-99.187966,19.452487],[-99.186185,19.45209],[-99.185688,19.451999],[-99.18538,19.451867],[-99.184815,19.451812]]]}},{"type":"Feature","properties":{"cp":"11420"},"geometry":{"type":"Polygon","coordinates":[[[-99.173638,19.453184],[-99.17156,19.454875],[-99.171527,19.455101],[-99.171427,19.455486],[-99.170921,19.457128],[-99.171223,19.45719],[-99.171249,19.457255],[-99.171179,19.457643],[-99.173761,19.458063],[-99.173988,19.457799],[-99.174365,19.457243],[-99.174887,19.456497],[-99.175367,19.45581],[-99.175723,19.455287],[-99.176018,19.454884],[-99.176779,19.453792],[-99.174768,19.452378],[-99.174167,19.452794],[-99.173638,19.453184]]]}},{"type":"Feature","properties":{"cp":"11430"},"geometry":{"type":"Polygon","coordinates":[[[-99.193967,19.451931],[-99.193842,19.452402],[-99.193519,19.453238],[-99.193417,19.453708],[-99.194476,19.453927],[-99.195181,19.454095],[-99.196257,19.454341],[-99.196762,19.454441],[-99.196904,19.454464],[-99.196914,19.454467],[-99.198678,19.453295],[-99.198655,19.453251],[-99.19865,19.453213],[-99.198648,19.453186],[-99.198656,19.453121],[-99.198666,19.453094],[-99.198688,19.453053],[-99.198712,19.453023],[-99.198751,19.45299],[-99.198793,19.452967],[-99.198822,19.452956],[-99.198861,19.452948],[-99.1989,19.452945],[-99.198952,19.452952],[-99.198999,19.452967],[-99.199027,19.452981],[-99.199067,19.453011],[-99.199826,19.452548],[-99.199741,19.452523],[-99.199213,19.452394],[-99.199335,19.451911],[-99.199484,19.451415],[-99.199634,19.450794],[-99.199738,19.450356],[-99.198726,19.450069],[-99.198407,19.449976],[-99.198061,19.449889],[-99.198255,19.449085],[-99.19863,19.447596],[-99.198312,19.447532],[-99.197828,19.447465],[-99.197376,19.447369],[-99.19685,19.447299],[-99.196551,19.447254],[-99.195827,19.447166],[-99.195431,19.447134],[-99.195269,19.447562],[-99.194889,19.448847],[-99.194723,19.449424],[-99.194524,19.450169],[-99.194301,19.450918],[-99.194196,19.451247],[-99.193967,19.451931]]]}},{"type":"Feature","properties":{"cp":"11440"},"geometry":{"type":"Polygon","coordinates":[[[-99.18538,19.451867],[-99.185688,19.451999],[-99.186185,19.45209],[-99.187966,19.452487],[-99.188503,19.452599],[-99.189124,19.452754],[-99.190057,19.452963],[-99.191244,19.453225],[-99.191926,19.453375],[-99.192643,19.45355],[-99.193349,19.453694],[-99.193417,19.453708],[-99.193519,19.453238],[-99.193842,19.452402],[-99.193967,19.451931],[-99.194196,19.451247],[-99.194301,19.450918],[-99.194524,19.450169],[-99.194723,19.449424],[-99.194889,19.448847],[-99.195269,19.447562],[-99.195431,19.447134],[-99.19509,19.447091],[-99.194537,19.447021],[-99.193991,19.446951],[-99.193471,19.446887],[-99.192324,19.446717],[-99.191574,19.446616],[-99.191202,19.448416],[-99.191075,19.449115],[-99.190969,19.44961],[-99.190599,19.451055],[-99.189772,19.450769],[-99.18924,19.450595],[-99.188665,19.450411],[-99.187627,19.450121],[-99.187083,19.450007],[-99.187071,19.450005],[-99.186538,19.449927],[-99.186018,19.44984],[-99.185475,19.449807],[-99.185386,19.450526],[-99.185269,19.451323],[-99.185199,19.451655],[-99.18538,19.451867]]]}},{"type":"Feature","properties":{"cp":"11450"},"geometry":{"type":"Polygon","coordinates":[[[-99.185475,19.449807],[-99.186018,19.44984],[-99.186538,19.449927],[-99.187071,19.450005],[-99.187083,19.450007],[-99.187627,19.450121],[-99.188665,19.450411],[-99.18924,19.450595],[-99.189772,19.450769],[-99.190599,19.451055],[-99.190969,19.44961],[-99.191075,19.449115],[-99.191202,19.448416],[-99.191574,19.446616],[-99.191788,19.444771],[-99.192123,19.442685],[-99.192249,19.442452],[-99.192095,19.442301],[-99.189833,19.44248],[-99.18983,19.44248],[-99.189806,19.442656],[-99.189639,19.443933],[-99.189553,19.444501],[-99.188475,19.444371],[-99.188189,19.446184],[-99.18796,19.44814],[-99.186847,19.447998],[-99.18631,19.447917],[-99.185744,19.44786],[-99.185475,19.449807]]]}},{"type":"Feature","properties":{"cp":"11460"},"geometry":{"type":"Polygon","coordinates":[[[-99.185199,19.451655],[-99.185269,19.451323],[-99.185386,19.450526],[-99.185475,19.449807],[-99.185744,19.44786],[-99.18631,19.447917],[-99.186847,19.447998],[-99.18796,19.44814],[-99.188189,19.446184],[-99.188475,19.444371],[-99.189553,19.444501],[-99.189639,19.443933],[-99.189806,19.442656],[-99.18983,19.44248],[-99.187607,19.442689],[-99.187325,19.44272],[-99.187022,19.442791],[-99.186721,19.442862],[-99.186504,19.442986],[-99.186268,19.443116],[-99.185968,19.443349],[-99.185246,19.443924],[-99.184818,19.444318],[-99.183212,19.445532],[-99.182634,19.446068],[-99.182474,19.447393],[-99.182363,19.448251],[-99.185199,19.451655]]]}},{"type":"Feature","properties":{"cp":"11470"},"geometry":{"type":"Polygon","coordinates":[[[-99.199826,19.452548],[-99.20239,19.450824],[-99.202411,19.450857],[-99.202438,19.450886],[-99.20244,19.450888],[-99.202473,19.450912],[-99.202503,19.450927],[-99.202544,19.450941],[-99.202571,19.450946],[-99.202574,19.450946],[-99.202638,19.450945],[-99.202696,19.45093],[-99.202743,19.450906],[-99.202769,19.450886],[-99.202794,19.450861],[-99.202799,19.450862],[-99.202827,19.450806],[-99.202847,19.450754],[-99.202853,19.450698],[-99.202833,19.450624],[-99.202773,19.450544],[-99.203128,19.450245],[-99.204033,19.449484],[-99.204077,19.449519],[-99.20419,19.449616],[-99.204261,19.449639],[-99.204337,19.449649],[-99.204421,19.449644],[-99.204478,19.44963],[-99.204602,19.449575],[-99.204675,19.449489],[-99.204716,19.449417],[-99.204739,19.449336],[-99.204781,19.449205],[-99.204746,19.449088],[-99.204674,19.448982],[-99.204558,19.448926],[-99.204522,19.448911],[-99.204424,19.448871],[-99.204325,19.448858],[-99.204215,19.448871],[-99.204124,19.448908],[-99.203919,19.448709],[-99.203854,19.448627],[-99.203728,19.448526],[-99.203605,19.448427],[-99.203421,19.448333],[-99.203114,19.448234],[-99.202533,19.448041],[-99.202048,19.447881],[-99.201464,19.44768],[-99.200976,19.447517],[-99.200557,19.447341],[-99.200031,19.446956],[-99.199653,19.446646],[-99.19928,19.446374],[-99.198996,19.446194],[-99.19863,19.447596],[-99.198255,19.449085],[-99.198061,19.449889],[-99.198407,19.449976],[-99.198726,19.450069],[-99.199738,19.450356],[-99.199634,19.450794],[-99.199484,19.451415],[-99.199335,19.451911],[-99.199213,19.452394],[-99.199741,19.452523],[-99.199826,19.452548]]]}},{"type":"Feature","properties":{"cp":"11480"},"geometry":{"type":"Polygon","coordinates":[[[-99.1978,19.443758],[-99.197564,19.445429],[-99.197485,19.445534],[-99.197894,19.445714],[-99.198288,19.445881],[-99.198638,19.446033],[-99.198996,19.446194],[-99.19928,19.446374],[-99.199653,19.446646],[-99.200031,19.446956],[-99.200557,19.447341],[-99.200976,19.447517],[-99.201464,19.44768],[-99.202048,19.447881],[-99.202533,19.448041],[-99.203114,19.448234],[-99.203421,19.448333],[-99.203605,19.448427],[-99.203728,19.448526],[-99.203854,19.448627],[-99.203919,19.448709],[-99.204124,19.448908],[-99.204215,19.448871],[-99.204325,19.448858],[-99.204424,19.448871],[-99.204522,19.448911],[-99.204558,19.448926],[-99.204674,19.448982],[-99.205991,19.44797],[-99.205816,19.447846],[-99.20567,19.447698],[-99.205536,19.447562],[-99.205522,19.447541],[-99.205441,19.44742],[-99.20521,19.447073],[-99.205094,19.446957],[-99.204998,19.446861],[-99.204891,19.446796],[-99.204889,19.446794],[-99.204717,19.44669],[-99.204064,19.446399],[-99.202734,19.445816],[-99.202361,19.445654],[-99.202194,19.445581],[-99.201521,19.445287],[-99.200809,19.444989],[-99.199276,19.444351],[-99.199159,19.444304],[-99.198232,19.443903],[-99.1978,19.443758]]]}},{"type":"Feature","properties":{"cp":"11489"},"geometry":{"type":"Polygon","coordinates":[[[-99.196411,19.443288],[-99.196237,19.444325],[-99.196081,19.44535],[-99.196295,19.445393],[-99.196672,19.445408],[-99.197147,19.445426],[-99.197485,19.445534],[-99.197564,19.445429],[-99.1978,19.443758],[-99.196945,19.44347],[-99.196622,19.443374],[-99.196411,19.443288]]]}},{"type":"Feature","properties":{"cp":"11490"},"geometry":{"type":"Polygon","coordinates":[[[-99.192249,19.442452],[-99.192123,19.442685],[-99.191788,19.444771],[-99.191574,19.446616],[-99.192324,19.446717],[-99.193471,19.446887],[-99.193991,19.446951],[-99.194537,19.447021],[-99.19509,19.447091],[-99.195431,19.447134],[-99.195827,19.447166],[-99.196551,19.447254],[-99.19685,19.447299],[-99.197376,19.447369],[-99.197828,19.447465],[-99.198312,19.447532],[-99.19863,19.447596],[-99.198996,19.446194],[-99.198638,19.446033],[-99.198288,19.445881],[-99.197894,19.445714],[-99.197485,19.445534],[-99.197147,19.445426],[-99.196672,19.445408],[-99.196295,19.445393],[-99.196081,19.44535],[-99.196237,19.444325],[-99.196411,19.443288],[-99.196039,19.443203],[-99.194147,19.442975],[-99.19289,19.442799],[-99.192621,19.44269],[-99.192515,19.442647],[-99.192339,19.442518],[-99.192249,19.442452]]]}},{"type":"Feature","properties":{"cp":"11500"},"geometry":{"type":"Polygon","coordinates":[[[-99.205405,19.439355],[-99.205378,19.439626],[-99.205249,19.440125],[-99.20521,19.44025],[-99.205192,19.440362],[-99.205071,19.442665],[-99.204969,19.444583],[-99.204926,19.446119],[-99.204897,19.446682],[-99.204889,19.446794],[-99.204891,19.446796],[-99.204998,19.446861],[-99.205094,19.446957],[-99.20521,19.447073],[-99.205441,19.44742],[-99.205522,19.447541],[-99.205536,19.447562],[-99.20567,19.447698],[-99.205816,19.447846],[-99.205991,19.44797],[-99.206837,19.447219],[-99.207323,19.446832],[-99.207345,19.446846],[-99.207359,19.446856],[-99.207386,19.446867],[-99.20744,19.446881],[-99.207471,19.446883],[-99.207544,19.446872],[-99.207572,19.446861],[-99.207618,19.446834],[-99.207654,19.446797],[-99.207682,19.44675],[-99.207697,19.446695],[-99.207698,19.44667],[-99.207695,19.446641],[-99.20769,19.446616],[-99.208962,19.44577],[-99.209925,19.445152],[-99.210277,19.444935],[-99.21038,19.445024],[-99.210618,19.445119],[-99.210767,19.44509],[-99.210939,19.445013],[-99.211075,19.444928],[-99.211267,19.444748],[-99.211417,19.444512],[-99.211402,19.444461],[-99.212533,19.444495],[-99.217561,19.444661],[-99.217576,19.444602],[-99.217857,19.44402],[-99.217738,19.443963],[-99.217398,19.443684],[-99.216383,19.442573],[-99.21597,19.442116],[-99.215843,19.441971],[-99.215029,19.440452],[-99.214475,19.439425],[-99.214242,19.438949],[-99.206295,19.438567],[-99.205956,19.43857],[-99.205405,19.439355]]]}},{"type":"Feature","properties":{"cp":"11510"},"geometry":{"type":"Polygon","coordinates":[[[-99.205956,19.43857],[-99.206295,19.438567],[-99.214242,19.438949],[-99.213158,19.436744],[-99.213075,19.436615],[-99.212539,19.435778],[-99.212359,19.43554],[-99.212203,19.435357],[-99.211845,19.435],[-99.211335,19.434555],[-99.210898,19.434161],[-99.210262,19.433664],[-99.209967,19.433428],[-99.209693,19.433102],[-99.209617,19.432914],[-99.209404,19.432501],[-99.209034,19.431688],[-99.208842,19.431423],[-99.208784,19.431389],[-99.208544,19.43196],[-99.208544,19.43196],[-99.208574,19.432535],[-99.208096,19.433542],[-99.20756,19.434551],[-99.206898,19.436364],[-99.206096,19.438392],[-99.205956,19.43857]]]}},{"type":"Feature","properties":{"cp":"11520"},"geometry":{"type":"Polygon","coordinates":[[[-99.200835,19.438368],[-99.195404,19.438065],[-99.193746,19.437992],[-99.192117,19.43792],[-99.190449,19.437828],[-99.190446,19.437828],[-99.189701,19.437787],[-99.18957,19.43778],[-99.189399,19.437774],[-99.188882,19.437757],[-99.185272,19.437634],[-99.184846,19.437651],[-99.184383,19.437598],[-99.184275,19.437585],[-99.183998,19.437566],[-99.1834,19.437401],[-99.183425,19.43816],[-99.18342,19.438159],[-99.183603,19.439309],[-99.183604,19.439961],[-99.183257,19.441711],[-99.183111,19.443547],[-99.182746,19.445477],[-99.182634,19.446068],[-99.183212,19.445532],[-99.184818,19.444318],[-99.185246,19.443924],[-99.185968,19.443349],[-99.186268,19.443116],[-99.186504,19.442986],[-99.186721,19.442862],[-99.187022,19.442791],[-99.187325,19.44272],[-99.187607,19.442689],[-99.18983,19.44248],[-99.189833,19.44248],[-99.192095,19.442301],[-99.19314,19.442067],[-99.193309,19.442052],[-99.193523,19.442047],[-99.193933,19.442013],[-99.194191,19.442],[-99.195305,19.44189],[-99.195824,19.441845],[-99.196217,19.44179],[-99.196656,19.441744],[-99.197015,19.441712],[-99.197403,19.441673],[-99.198393,19.441583],[-99.199875,19.441446],[-99.200545,19.441383],[-99.200692,19.44138],[-99.201807,19.441284],[-99.202319,19.441174],[-99.202948,19.440988],[-99.203582,19.440752],[-99.203888,19.4406],[-99.204216,19.440411],[-99.204378,19.440265],[-99.204492,19.440168],[-99.204745,19.439915],[-99.205405,19.439355],[-99.205956,19.43857],[-99.200835,19.438368]]]}},{"type":"Feature","properties":{"cp":"11529"},"geometry":{"type":"Polygon","coordinates":[[[-99.192095,19.442301],[-99.192249,19.442452],[-99.192339,19.442518],[-99.192515,19.442647],[-99.192621,19.44269],[-99.19289,19.442799],[-99.194147,19.442975],[-99.196039,19.443203],[-99.196411,19.443288],[-99.196622,19.443374],[-99.196945,19.44347],[-99.1978,19.443758],[-99.198232,19.443903],[-99.199159,19.444304],[-99.199276,19.444351],[-99.200809,19.444989],[-99.201521,19.445287],[-99.202194,19.445581],[-99.202361,19.445654],[-99.202734,19.445816],[-99.204064,19.446399],[-99.204717,19.44669],[-99.204889,19.446794],[-99.204897,19.446682],[-99.204926,19.446119],[-99.204969,19.444583],[-99.205071,19.442665],[-99.205192,19.440362],[-99.20521,19.44025],[-99.205249,19.440125],[-99.205378,19.439626],[-99.205405,19.439355],[-99.204745,19.439915],[-99.204492,19.440168],[-99.204378,19.440265],[-99.204216,19.440411],[-99.203888,19.4406],[-99.203582,19.440752],[-99.202948,19.440988],[-99.202319,19.441174],[-99.201807,19.441284],[-99.200692,19.44138],[-99.200545,19.441383],[-99.199875,19.441446],[-99.198393,19.441583],[-99.197403,19.441673],[-99.197015,19.441712],[-99.196656,19.441744],[-99.196217,19.44179],[-99.195824,19.441845],[-99.195305,19.44189],[-99.194191,19.442],[-99.193933,19.442013],[-99.193523,19.442047],[-99.193309,19.442052],[-99.19314,19.442067],[-99.192095,19.442301]]]}},{"type":"Feature","properties":{"cp":"11530"},"geometry":{"type":"Polygon","coordinates":[[[-99.202808,19.428719],[-99.20268,19.429181],[-99.202625,19.429335],[-99.202585,19.429502],[-99.202648,19.429607],[-99.202813,19.4297],[-99.202535,19.43027],[-99.201901,19.432188],[-99.201521,19.434409],[-99.200835,19.438368],[-99.205956,19.43857],[-99.206096,19.438392],[-99.206898,19.436364],[-99.20756,19.434551],[-99.208096,19.433542],[-99.208574,19.432535],[-99.208544,19.43196],[-99.20431,19.429107],[-99.204301,19.429098],[-99.203216,19.427989],[-99.203141,19.427926],[-99.202989,19.42808],[-99.202927,19.428168],[-99.202854,19.42855],[-99.202808,19.428719]]]}},{"type":"Feature","properties":{"cp":"11540"},"geometry":{"type":"Polygon","coordinates":[[[-99.202808,19.428719],[-99.202361,19.42867],[-99.201493,19.428598],[-99.201245,19.428542],[-99.200947,19.428394],[-99.200676,19.428188],[-99.200498,19.427967],[-99.200381,19.427751],[-99.200272,19.42743],[-99.200289,19.427286],[-99.200368,19.427186],[-99.200333,19.427127],[-99.200371,19.427041],[-99.200171,19.426997],[-99.198381,19.426719],[-99.197555,19.42659],[-99.197429,19.42657],[-99.197323,19.427286],[-99.197024,19.42912],[-99.196931,19.429876],[-99.196836,19.43001],[-99.196483,19.430494],[-99.196332,19.430699],[-99.195845,19.431433],[-99.195688,19.431662],[-99.195625,19.433637],[-99.195605,19.434083],[-99.195496,19.435811],[-99.195404,19.438065],[-99.200835,19.438368],[-99.201521,19.434409],[-99.201901,19.432188],[-99.202535,19.43027],[-99.202813,19.4297],[-99.202648,19.429607],[-99.202585,19.429502],[-99.202625,19.429335],[-99.20268,19.429181],[-99.202808,19.428719]]]}},{"type":"Feature","properties":{"cp":"11550"},"geometry":{"type":"Polygon","coordinates":[[[-99.191974,19.425751],[-99.191967,19.425805],[-99.191858,19.426214],[-99.191834,19.426438],[-99.191836,19.426746],[-99.191834,19.427133],[-99.191734,19.427705],[-99.19165,19.428467],[-99.191569,19.429069],[-99.191333,19.430396],[-99.191274,19.430833],[-99.191261,19.430907],[-99.191245,19.431028],[-99.191204,19.431345],[-99.191147,19.431701],[-99.191092,19.432059],[-99.190834,19.433568],[-99.190666,19.435612],[-99.190446,19.437828],[-99.190449,19.437828],[-99.192117,19.43792],[-99.193746,19.437992],[-99.195404,19.438065],[-99.195496,19.435811],[-99.195605,19.434083],[-99.195625,19.433637],[-99.195688,19.431662],[-99.195845,19.431433],[-99.196332,19.430699],[-99.196483,19.430494],[-99.196836,19.43001],[-99.196931,19.429876],[-99.197024,19.42912],[-99.197323,19.427286],[-99.197429,19.42657],[-99.193798,19.426061],[-99.191974,19.425751]]]}},{"type":"Feature","properties":{"cp":"11560"},"geometry":{"type":"Polygon","coordinates":[[[-99.191974,19.425751],[-99.1919,19.425739],[-99.191779,19.425724],[-99.191696,19.425764],[-99.190589,19.426295],[-99.188754,19.427089],[-99.187275,19.427726],[-99.185557,19.428468],[-99.182636,19.429715],[-99.182586,19.429691],[-99.182487,19.42963],[-99.182444,19.429602],[-99.182309,19.429513],[-99.182059,19.429283],[-99.181877,19.429096],[-99.181766,19.428962],[-99.181665,19.428783],[-99.181557,19.428591],[-99.181494,19.428465],[-99.181389,19.428311],[-99.181262,19.428179],[-99.181073,19.428067],[-99.180937,19.428034],[-99.180708,19.428031],[-99.180509,19.42807],[-99.180399,19.428109],[-99.18021,19.428213],[-99.17994,19.428443],[-99.179995,19.428594],[-99.18012,19.428967],[-99.180568,19.430185],[-99.180714,19.43054],[-99.181004,19.431224],[-99.181054,19.431327],[-99.18178,19.433116],[-99.181932,19.433558],[-99.182251,19.434258],[-99.182714,19.435283],[-99.182975,19.435969],[-99.183341,19.437104],[-99.1834,19.437401],[-99.183998,19.437566],[-99.184275,19.437585],[-99.184383,19.437598],[-99.184846,19.437651],[-99.185272,19.437634],[-99.188882,19.437757],[-99.189399,19.437774],[-99.18957,19.43778],[-99.189701,19.437787],[-99.190446,19.437828],[-99.190666,19.435612],[-99.190834,19.433568],[-99.191092,19.432059],[-99.191147,19.431701],[-99.191204,19.431345],[-99.191245,19.431028],[-99.191261,19.430907],[-99.191274,19.430833],[-99.191333,19.430396],[-99.191569,19.429069],[-99.19165,19.428467],[-99.191734,19.427705],[-99.191834,19.427133],[-99.191836,19.426746],[-99.191834,19.426438],[-99.191858,19.426214],[-99.191967,19.425805],[-99.191974,19.425751]]]}},{"type":"Feature","properties":{"cp":"11580"},"geometry":{"type":"Polygon","coordinates":[[[-99.197429,19.42657],[-99.197555,19.42659],[-99.198381,19.426719],[-99.200171,19.426997],[-99.200371,19.427041],[-99.201234,19.427163],[-99.201458,19.427171],[-99.201805,19.427069],[-99.201824,19.42706],[-99.202121,19.426922],[-99.201763,19.42644],[-99.201001,19.425449],[-99.200609,19.425003],[-99.200472,19.424829],[-99.20034,19.42465],[-99.199337,19.423299],[-99.198992,19.422996],[-99.198737,19.422855],[-99.198333,19.422759],[-99.197825,19.422652],[-99.197531,19.422576],[-99.19705,19.422378],[-99.196682,19.422108],[-99.196337,19.421782],[-99.196057,19.421383],[-99.195671,19.420845],[-99.195546,19.420686],[-99.195421,19.420412],[-99.195372,19.420096],[-99.19535,19.419697],[-99.195387,19.419278],[-99.195394,19.419194],[-99.195387,19.418863],[-99.195317,19.418276],[-99.195193,19.417996],[-99.195048,19.417696],[-99.194891,19.417447],[-99.194378,19.416566],[-99.193768,19.415525],[-99.193674,19.415339],[-99.193526,19.415048],[-99.193423,19.414755],[-99.193386,19.414506],[-99.19337,19.414237],[-99.193352,19.41397],[-99.193373,19.41368],[-99.193401,19.41355],[-99.19358,19.412478],[-99.193766,19.411254],[-99.19383,19.410839],[-99.191604,19.412023],[-99.191534,19.41206],[-99.191233,19.412199],[-99.190709,19.412441],[-99.190699,19.412445],[-99.189831,19.412849],[-99.187786,19.413908],[-99.187153,19.414236],[-99.186433,19.414633],[-99.185796,19.414984],[-99.185072,19.415288],[-99.183708,19.41582],[-99.182827,19.416121],[-99.182267,19.416222],[-99.180999,19.41645],[-99.180746,19.41662],[-99.18049,19.41688],[-99.180321,19.417204],[-99.180025,19.417773],[-99.179718,19.418443],[-99.179597,19.418706],[-99.179507,19.418929],[-99.179358,19.41922],[-99.179122,19.419683],[-99.179088,19.419751],[-99.179087,19.419752],[-99.179067,19.419783],[-99.178931,19.419998],[-99.178862,19.420086],[-99.178748,19.420195],[-99.178576,19.420307],[-99.178374,19.420424],[-99.178142,19.420491],[-99.177982,19.420518],[-99.177787,19.420654],[-99.177795,19.420998],[-99.177799,19.42115],[-99.177805,19.421323],[-99.177072,19.421304],[-99.176779,19.421257],[-99.176501,19.421083],[-99.176378,19.420973],[-99.176333,19.421041],[-99.176359,19.421126],[-99.176388,19.421204],[-99.17638,19.421276],[-99.176307,19.421469],[-99.175661,19.422596],[-99.175591,19.422671],[-99.175508,19.422722],[-99.175426,19.422735],[-99.175296,19.422756],[-99.175406,19.422897],[-99.175447,19.423013],[-99.175678,19.423338],[-99.175936,19.423332],[-99.17622,19.423358],[-99.176944,19.423473],[-99.177636,19.423596],[-99.178053,19.423662],[-99.178059,19.423672],[-99.178209,19.424096],[-99.178508,19.424812],[-99.179279,19.426688],[-99.17994,19.428443],[-99.18021,19.428213],[-99.180399,19.428109],[-99.180509,19.42807],[-99.180708,19.428031],[-99.180937,19.428034],[-99.181073,19.428067],[-99.181262,19.428179],[-99.181389,19.428311],[-99.181494,19.428465],[-99.181557,19.428591],[-99.181665,19.428783],[-99.181766,19.428962],[-99.181877,19.429096],[-99.182059,19.429283],[-99.182309,19.429513],[-99.182444,19.429602],[-99.182487,19.42963],[-99.182586,19.429691],[-99.182636,19.429715],[-99.185557,19.428468],[-99.187275,19.427726],[-99.188754,19.427089],[-99.190589,19.426295],[-99.191696,19.425764],[-99.191779,19.425724],[-99.1919,19.425739],[-99.191974,19.425751],[-99.193798,19.426061],[-99.197429,19.42657]]]}},{"type":"Feature","properties":{"cp":"11590"},"geometry":{"type":"Polygon","coordinates":[[[-99.1834,19.437401],[-99.183341,19.437104],[-99.182975,19.435969],[-99.182714,19.435283],[-99.182251,19.434258],[-99.181932,19.433558],[-99.18178,19.433116],[-99.181054,19.431327],[-99.181004,19.431224],[-99.180714,19.43054],[-99.180568,19.430185],[-99.18012,19.428967],[-99.179995,19.428594],[-99.17994,19.428443],[-99.179279,19.426688],[-99.178508,19.424812],[-99.178209,19.424096],[-99.178059,19.423672],[-99.178053,19.423662],[-99.177636,19.423596],[-99.177066,19.424524],[-99.176655,19.425179],[-99.176457,19.425466],[-99.176186,19.425916],[-99.175658,19.426723],[-99.174816,19.427974],[-99.174743,19.428087],[-99.174684,19.428178],[-99.17439,19.428635],[-99.174265,19.428829],[-99.173827,19.429478],[-99.173783,19.429545],[-99.173074,19.430827],[-99.173013,19.430939],[-99.172635,19.431631],[-99.172336,19.432173],[-99.172353,19.432181],[-99.172972,19.432536],[-99.174571,19.433593],[-99.175287,19.434027],[-99.175627,19.434207],[-99.176578,19.434676],[-99.178153,19.435466],[-99.179374,19.436088],[-99.18044,19.436599],[-99.181062,19.436778],[-99.181655,19.436914],[-99.182076,19.437018],[-99.18252,19.437129],[-99.182911,19.437237],[-99.183282,19.437372],[-99.1834,19.437401]]]}},{"type":"Feature","properties":{"cp":"11600"},"geometry":{"type":"Polygon","coordinates":[[[-99.226508,19.431073],[-99.226429,19.431037],[-99.225175,19.430461],[-99.224768,19.430252],[-99.224431,19.430077],[-99.224299,19.430008],[-99.223714,19.429706],[-99.223635,19.429665],[-99.223417,19.42972],[-99.222794,19.429783],[-99.222893,19.430276],[-99.222447,19.430342],[-99.222229,19.430412],[-99.222036,19.430528],[-99.221765,19.430633],[-99.221651,19.430686],[-99.221447,19.430781],[-99.221017,19.430953],[-99.220186,19.43129],[-99.219752,19.43148],[-99.21956,19.431579],[-99.219293,19.431695],[-99.219224,19.431791],[-99.21926,19.431864],[-99.218306,19.432258],[-99.216816,19.432834],[-99.216915,19.433056],[-99.215569,19.433568],[-99.214006,19.434208],[-99.21323,19.434497],[-99.212923,19.435028],[-99.212791,19.435146],[-99.212373,19.435292],[-99.212203,19.435357],[-99.212359,19.43554],[-99.212539,19.435778],[-99.213075,19.436615],[-99.213158,19.436744],[-99.214242,19.438949],[-99.214475,19.439425],[-99.215029,19.440452],[-99.215843,19.441971],[-99.21597,19.442116],[-99.218307,19.43926],[-99.219587,19.437763],[-99.220254,19.436993],[-99.222748,19.433852],[-99.223611,19.433227],[-99.226508,19.431073]]]}},{"type":"Feature","properties":{"cp":"11610"},"geometry":{"type":"Polygon","coordinates":[[[-99.229628,19.437375],[-99.228657,19.43687],[-99.228542,19.43681],[-99.228695,19.436712],[-99.22816,19.436046],[-99.22805,19.436198],[-99.227362,19.435874],[-99.227284,19.435867],[-99.227503,19.43523],[-99.227493,19.435091],[-99.227465,19.435026],[-99.22743,19.434945],[-99.227341,19.43479],[-99.227209,19.43466],[-99.22702,19.434549],[-99.226393,19.43421],[-99.226296,19.434131],[-99.226225,19.434061],[-99.226171,19.433965],[-99.226152,19.43386],[-99.226157,19.433719],[-99.226416,19.432764],[-99.226665,19.432271],[-99.226753,19.432027],[-99.226802,19.431892],[-99.226872,19.431586],[-99.22686,19.431444],[-99.226818,19.431338],[-99.226731,19.431246],[-99.226622,19.431154],[-99.226508,19.431073],[-99.223611,19.433227],[-99.222748,19.433852],[-99.220254,19.436993],[-99.219587,19.437763],[-99.218307,19.43926],[-99.21597,19.442116],[-99.216383,19.442573],[-99.217398,19.443684],[-99.217738,19.443963],[-99.217857,19.44402],[-99.218133,19.444112],[-99.21818,19.444057],[-99.218689,19.443973],[-99.219506,19.443869],[-99.220136,19.443811],[-99.220583,19.443675],[-99.227851,19.438559],[-99.228099,19.438379],[-99.22851,19.438111],[-99.228566,19.438074],[-99.228673,19.438004],[-99.228945,19.437826],[-99.229061,19.437751],[-99.229628,19.437375]]]}},{"type":"Feature","properties":{"cp":"11619"},"geometry":{"type":"Polygon","coordinates":[[[-99.218133,19.444112],[-99.218154,19.444156],[-99.218216,19.444235],[-99.218305,19.444299],[-99.219226,19.444774],[-99.219409,19.444906],[-99.219638,19.44512],[-99.219847,19.445354],[-99.219977,19.445557],[-99.22006,19.445759],[-99.220113,19.445971],[-99.220149,19.446116],[-99.220146,19.446441],[-99.220136,19.447277],[-99.220128,19.447987],[-99.220116,19.448998],[-99.219955,19.451549],[-99.219959,19.451879],[-99.219968,19.452537],[-99.220589,19.452235],[-99.221568,19.451714],[-99.221647,19.45161],[-99.221555,19.451211],[-99.221543,19.450981],[-99.22197,19.449442],[-99.222231,19.449135],[-99.223964,19.448416],[-99.223359,19.447501],[-99.223364,19.447098],[-99.225016,19.446075],[-99.226493,19.44512],[-99.230543,19.443773],[-99.235913,19.44353],[-99.235686,19.443135],[-99.235514,19.442925],[-99.235278,19.442752],[-99.234649,19.442314],[-99.234006,19.442117],[-99.233831,19.441996],[-99.233664,19.441303],[-99.233444,19.439507],[-99.233433,19.439269],[-99.233149,19.438139],[-99.23298,19.437777],[-99.232757,19.437544],[-99.232548,19.43774],[-99.2319,19.437439],[-99.231599,19.437732],[-99.229628,19.437375],[-99.229061,19.437751],[-99.228945,19.437826],[-99.228673,19.438004],[-99.228566,19.438074],[-99.22851,19.438111],[-99.228099,19.438379],[-99.227851,19.438559],[-99.220583,19.443675],[-99.220136,19.443811],[-99.219506,19.443869],[-99.218689,19.443973],[-99.21818,19.444057],[-99.218133,19.444112]]]}},{"type":"Feature","properties":{"cp":"11650"},"geometry":{"type":"Polygon","coordinates":[[[-99.209967,19.433428],[-99.210262,19.433664],[-99.210898,19.434161],[-99.211335,19.434555],[-99.211845,19.435],[-99.212203,19.435357],[-99.212373,19.435292],[-99.212791,19.435146],[-99.212923,19.435028],[-99.21323,19.434497],[-99.214006,19.434208],[-99.215569,19.433568],[-99.216915,19.433056],[-99.216816,19.432834],[-99.218306,19.432258],[-99.21926,19.431864],[-99.219224,19.431791],[-99.219293,19.431695],[-99.21956,19.431579],[-99.219752,19.43148],[-99.220186,19.43129],[-99.221017,19.430953],[-99.221447,19.430781],[-99.221651,19.430686],[-99.221765,19.430633],[-99.222036,19.430528],[-99.222229,19.430412],[-99.222447,19.430342],[-99.222893,19.430276],[-99.222794,19.429783],[-99.223417,19.42972],[-99.223635,19.429665],[-99.223553,19.429623],[-99.223378,19.429505],[-99.223286,19.429414],[-99.22321,19.429307],[-99.223153,19.429183],[-99.223107,19.429066],[-99.22302,19.428738],[-99.222956,19.428777],[-99.222433,19.428622],[-99.221825,19.428654],[-99.220861,19.428919],[-99.220463,19.42918],[-99.219334,19.429371],[-99.218152,19.42968],[-99.217386,19.430076],[-99.216982,19.430308],[-99.216423,19.430637],[-99.216013,19.430878],[-99.215778,19.431023],[-99.215639,19.431141],[-99.215408,19.431342],[-99.215158,19.431587],[-99.2148,19.431911],[-99.214117,19.432455],[-99.213608,19.432829],[-99.213499,19.43289],[-99.213342,19.432923],[-99.213022,19.432969],[-99.212626,19.433015],[-99.211243,19.433227],[-99.209967,19.433428]]]}},{"type":"Feature","properties":{"cp":"11800"},"geometry":{"type":"Polygon","coordinates":[[[-99.178903,19.397369],[-99.178201,19.39752],[-99.177728,19.39762],[-99.176723,19.397832],[-99.17664,19.397849],[-99.176046,19.39798],[-99.175532,19.398094],[-99.174519,19.39854],[-99.174467,19.398555],[-99.17445,19.39856],[-99.174075,19.398676],[-99.173986,19.398703],[-99.17338,19.398889],[-99.173105,19.398973],[-99.172252,19.399234],[-99.170515,19.399766],[-99.170435,19.39979],[-99.170395,19.39995],[-99.170359,19.400201],[-99.170374,19.400332],[-99.170766,19.401798],[-99.170773,19.40184],[-99.170855,19.402215],[-99.170972,19.402748],[-99.171209,19.403527],[-99.171652,19.403663],[-99.171748,19.403693],[-99.172614,19.403931],[-99.173467,19.40421],[-99.174388,19.404522],[-99.174873,19.404681],[-99.175297,19.404825],[-99.176202,19.405123],[-99.177129,19.405447],[-99.177947,19.405748],[-99.178916,19.40607],[-99.179819,19.406376],[-99.180682,19.406648],[-99.180723,19.406661],[-99.182472,19.407218],[-99.184304,19.407827],[-99.184374,19.407781],[-99.184371,19.407757],[-99.184331,19.407488],[-99.184422,19.406274],[-99.184538,19.405106],[-99.184636,19.4039],[-99.184675,19.403238],[-99.184677,19.403202],[-99.184718,19.402631],[-99.184722,19.402586],[-99.18476,19.402138],[-99.184824,19.401369],[-99.184897,19.400499],[-99.184936,19.400027],[-99.184942,19.399971],[-99.18497,19.399683],[-99.184978,19.399583],[-99.185018,19.398995],[-99.185047,19.398627],[-99.185057,19.398508],[-99.185131,19.397947],[-99.185174,19.397631],[-99.185216,19.396974],[-99.185312,19.395933],[-99.185208,19.395964],[-99.184525,19.396105],[-99.184299,19.396134],[-99.184095,19.396157],[-99.183417,19.39641],[-99.183415,19.396411],[-99.182461,19.396761],[-99.182241,19.396867],[-99.182099,19.396961],[-99.181714,19.396994],[-99.181209,19.397093],[-99.18098,19.397096],[-99.180958,19.397096],[-99.180149,19.397272],[-99.179512,19.3974],[-99.178903,19.397369]]]}},{"type":"Feature","properties":{"cp":"11810"},"geometry":{"type":"Polygon","coordinates":[[[-99.21051,19.400425],[-99.209048,19.400657],[-99.208415,19.400765],[-99.207845,19.400854],[-99.206172,19.401066],[-99.20504,19.401215],[-99.204568,19.401275],[-99.204712,19.401789],[-99.204858,19.402291],[-99.205024,19.402905],[-99.205209,19.403573],[-99.205486,19.404301],[-99.207027,19.403315],[-99.208407,19.402437],[-99.210746,19.401003],[-99.210796,19.400973],[-99.21098,19.40086],[-99.212208,19.400082],[-99.212568,19.399806],[-99.212027,19.39995],[-99.211475,19.40013],[-99.210945,19.400277],[-99.21051,19.400425]]]}},{"type":"Feature","properties":{"cp":"11820"},"geometry":{"type":"Polygon","coordinates":[[[-99.200501,19.402033],[-99.200673,19.402364],[-99.200726,19.402547],[-99.200754,19.402828],[-99.200767,19.403112],[-99.200782,19.403425],[-99.200786,19.403782],[-99.200785,19.40403],[-99.200774,19.40447],[-99.20074,19.404818],[-99.200674,19.405108],[-99.200651,19.405334],[-99.200676,19.405848],[-99.200709,19.406075],[-99.200741,19.406507],[-99.200771,19.406903],[-99.200856,19.407051],[-99.202877,19.405934],[-99.202888,19.405924],[-99.202902,19.405911],[-99.202908,19.405904],[-99.203312,19.405659],[-99.204124,19.405152],[-99.204706,19.404788],[-99.205486,19.404301],[-99.205209,19.403573],[-99.205024,19.402905],[-99.204858,19.402291],[-99.204712,19.401789],[-99.204568,19.401275],[-99.203766,19.401362],[-99.203076,19.401434],[-99.202474,19.401502],[-99.202211,19.401527],[-99.201902,19.401556],[-99.201549,19.401655],[-99.201401,19.401694],[-99.200996,19.401843],[-99.200501,19.402033]]]}},{"type":"Feature","properties":{"cp":"11830"},"geometry":{"type":"Polygon","coordinates":[[[-99.197614,19.403091],[-99.197853,19.405152],[-99.197842,19.405538],[-99.19786,19.405705],[-99.197853,19.405891],[-99.197871,19.406577],[-99.197903,19.40723],[-99.197899,19.407927],[-99.197921,19.40865],[-99.200856,19.407052],[-99.200856,19.407051],[-99.200771,19.406903],[-99.200741,19.406507],[-99.200709,19.406075],[-99.200676,19.405848],[-99.200651,19.405334],[-99.200674,19.405108],[-99.20074,19.404818],[-99.200774,19.40447],[-99.200785,19.40403],[-99.200786,19.403782],[-99.200782,19.403425],[-99.200767,19.403112],[-99.200754,19.402828],[-99.200726,19.402547],[-99.200673,19.402364],[-99.200501,19.402033],[-99.199866,19.402279],[-99.199563,19.402398],[-99.198939,19.402663],[-99.198435,19.402885],[-99.198306,19.402934],[-99.198069,19.403004],[-99.197614,19.403091]]]}},{"type":"Feature","properties":{"cp":"11840"},"geometry":{"type":"Polygon","coordinates":[[[-99.197921,19.40865],[-99.197899,19.407927],[-99.197903,19.40723],[-99.197871,19.406577],[-99.197853,19.405891],[-99.19786,19.405705],[-99.197842,19.405538],[-99.197853,19.405152],[-99.197696,19.405282],[-99.197158,19.405708],[-99.196598,19.406107],[-99.196401,19.406243],[-99.195877,19.406627],[-99.195086,19.4072],[-99.194918,19.407321],[-99.194799,19.407327],[-99.194738,19.407329],[-99.194628,19.407335],[-99.194601,19.407336],[-99.194144,19.407332],[-99.193577,19.407344],[-99.193429,19.407349],[-99.19327,19.407357],[-99.193152,19.407409],[-99.192626,19.407652],[-99.192063,19.407827],[-99.191558,19.407995],[-99.191342,19.408071],[-99.19002,19.408487],[-99.1903,19.409105],[-99.190593,19.409753],[-99.190781,19.410165],[-99.19097,19.410588],[-99.191059,19.410824],[-99.191531,19.412054],[-99.191534,19.41206],[-99.191604,19.412023],[-99.19383,19.410839],[-99.194076,19.410729],[-99.19468,19.41039],[-99.195932,19.409717],[-99.197921,19.40865]]]}},{"type":"Feature","properties":{"cp":"11850"},"geometry":{"type":"Polygon","coordinates":[[[-99.176416,19.420838],[-99.176378,19.420973],[-99.176501,19.421083],[-99.176779,19.421257],[-99.177072,19.421304],[-99.177805,19.421323],[-99.177799,19.42115],[-99.177795,19.420998],[-99.177787,19.420654],[-99.177982,19.420518],[-99.178142,19.420491],[-99.178374,19.420424],[-99.178576,19.420307],[-99.178748,19.420195],[-99.178862,19.420086],[-99.178931,19.419998],[-99.179067,19.419783],[-99.179087,19.419752],[-99.179088,19.419751],[-99.179122,19.419683],[-99.179358,19.41922],[-99.179507,19.418929],[-99.179597,19.418706],[-99.179718,19.418443],[-99.180025,19.417773],[-99.180321,19.417204],[-99.18049,19.41688],[-99.180746,19.41662],[-99.180999,19.41645],[-99.182267,19.416222],[-99.182827,19.416121],[-99.183708,19.41582],[-99.185072,19.415288],[-99.185796,19.414984],[-99.186433,19.414633],[-99.187153,19.414236],[-99.187786,19.413908],[-99.189831,19.412849],[-99.190699,19.412445],[-99.190709,19.412441],[-99.191233,19.412199],[-99.191534,19.41206],[-99.191531,19.412054],[-99.191059,19.410824],[-99.19097,19.410588],[-99.190781,19.410165],[-99.190593,19.409753],[-99.1903,19.409105],[-99.19002,19.408487],[-99.189646,19.407686],[-99.189278,19.406933],[-99.188932,19.406225],[-99.188632,19.405611],[-99.188586,19.405516],[-99.188259,19.404846],[-99.187752,19.403862],[-99.187779,19.403862],[-99.187699,19.40369],[-99.187297,19.402953],[-99.187071,19.402644],[-99.186363,19.403907],[-99.186337,19.403908],[-99.185675,19.405228],[-99.185433,19.405703],[-99.185061,19.406342],[-99.185012,19.406426],[-99.184692,19.407143],[-99.184499,19.407487],[-99.184383,19.407761],[-99.184374,19.407781],[-99.184304,19.407827],[-99.183548,19.40932],[-99.183501,19.409406],[-99.18301,19.410252],[-99.182939,19.410377],[-99.182936,19.410381],[-99.182521,19.410915],[-99.182149,19.411487],[-99.181624,19.412358],[-99.18136,19.412713],[-99.181143,19.413079],[-99.181006,19.413297],[-99.180502,19.414145],[-99.180323,19.414465],[-99.179749,19.415547],[-99.179532,19.415931],[-99.178977,19.41693],[-99.178329,19.418112],[-99.1781,19.418524],[-99.177897,19.418954],[-99.177766,19.419286],[-99.177494,19.419469],[-99.177148,19.420027],[-99.177025,19.420183],[-99.176871,19.420224],[-99.176706,19.420246],[-99.176673,19.420301],[-99.176617,19.420377],[-99.176549,19.420454],[-99.176473,19.420563],[-99.176453,19.420636],[-99.176439,19.420687],[-99.176416,19.420838]]]}},{"type":"Feature","properties":{"cp":"11860"},"geometry":{"type":"Polygon","coordinates":[[[-99.192201,19.403743],[-99.191401,19.40379],[-99.191363,19.403797],[-99.191005,19.403864],[-99.190804,19.403877],[-99.189333,19.403878],[-99.188322,19.403868],[-99.187779,19.403862],[-99.187752,19.403862],[-99.188259,19.404846],[-99.188586,19.405516],[-99.188632,19.405611],[-99.188932,19.406225],[-99.189278,19.406933],[-99.189646,19.407686],[-99.19002,19.408487],[-99.191342,19.408071],[-99.191558,19.407995],[-99.192063,19.407827],[-99.192626,19.407652],[-99.193152,19.407409],[-99.19327,19.407357],[-99.193429,19.407349],[-99.193577,19.407344],[-99.194144,19.407332],[-99.194601,19.407336],[-99.194628,19.407335],[-99.194738,19.407329],[-99.194799,19.407327],[-99.194918,19.407321],[-99.195086,19.4072],[-99.195877,19.406627],[-99.196401,19.406243],[-99.196598,19.406107],[-99.197158,19.405708],[-99.197696,19.405282],[-99.197853,19.405152],[-99.197614,19.403091],[-99.196712,19.403192],[-99.196628,19.403205],[-99.195877,19.403292],[-99.19545,19.403344],[-99.194658,19.403468],[-99.194521,19.403485],[-99.194322,19.403507],[-99.194159,19.403527],[-99.193838,19.403565],[-99.193732,19.403577],[-99.19299,19.403656],[-99.19248,19.403712],[-99.192365,19.403725],[-99.192201,19.403743]]]}},{"type":"Feature","properties":{"cp":"11870"},"geometry":{"type":"Polygon","coordinates":[[[-99.189108,19.395717],[-99.189095,19.395686],[-99.189087,19.395665],[-99.189076,19.395639],[-99.189055,19.39559],[-99.188617,19.395633],[-99.18851,19.395645],[-99.187822,19.395679],[-99.187598,19.395692],[-99.187549,19.395693],[-99.18649,19.395641],[-99.186376,19.395649],[-99.185962,19.395752],[-99.185312,19.395933],[-99.185312,19.395933],[-99.185312,19.395933],[-99.185216,19.396974],[-99.185174,19.397631],[-99.185131,19.397947],[-99.185057,19.398508],[-99.185047,19.398627],[-99.185018,19.398995],[-99.184978,19.399583],[-99.18497,19.399683],[-99.184942,19.399971],[-99.184936,19.400027],[-99.184897,19.400499],[-99.184824,19.401369],[-99.18476,19.402138],[-99.184722,19.402586],[-99.184718,19.402631],[-99.184677,19.403202],[-99.184675,19.403238],[-99.184636,19.4039],[-99.184538,19.405106],[-99.184422,19.406274],[-99.184331,19.407488],[-99.184371,19.407757],[-99.184374,19.407781],[-99.184383,19.407761],[-99.184499,19.407487],[-99.184692,19.407143],[-99.185012,19.406426],[-99.185061,19.406342],[-99.185433,19.405703],[-99.185675,19.405228],[-99.186337,19.403908],[-99.186363,19.403907],[-99.187071,19.402644],[-99.187297,19.402953],[-99.187699,19.40369],[-99.187779,19.403862],[-99.188322,19.403868],[-99.189333,19.403878],[-99.190804,19.403877],[-99.191005,19.403864],[-99.191363,19.403797],[-99.191401,19.40379],[-99.192201,19.403743],[-99.192186,19.403238],[-99.192197,19.403096],[-99.192223,19.402857],[-99.192248,19.402628],[-99.192272,19.402387],[-99.192345,19.401653],[-99.192318,19.401393],[-99.192296,19.401329],[-99.192225,19.401132],[-99.192133,19.400981],[-99.192025,19.400856],[-99.191888,19.400727],[-99.191491,19.400437],[-99.191282,19.400265],[-99.191154,19.400109],[-99.190826,19.39965],[-99.19079,19.399595],[-99.190614,19.399322],[-99.190476,19.399022],[-99.190363,19.398756],[-99.190179,19.398315],[-99.189923,19.397707],[-99.189876,19.397586],[-99.189584,19.396854],[-99.189258,19.396075],[-99.189108,19.395717]]]}},{"type":"Feature","properties":{"cp":"11950"},"geometry":{"type":"Polygon","coordinates":[[[-99.22212,19.396383],[-99.222235,19.39649],[-99.222488,19.396587],[-99.22288,19.396677],[-99.223046,19.396755],[-99.223257,19.396855],[-99.223412,19.397058],[-99.223429,19.397265],[-99.223347,19.39753],[-99.223339,19.397645],[-99.223327,19.397835],[-99.223431,19.398075],[-99.223522,19.398285],[-99.223485,19.398718],[-99.223553,19.399177],[-99.223087,19.399822],[-99.222388,19.400624],[-99.222222,19.400723],[-99.22182,19.400963],[-99.221377,19.401194],[-99.220928,19.401458],[-99.220387,19.40181],[-99.21994,19.402103],[-99.219464,19.402404],[-99.218544,19.403045],[-99.217664,19.40364],[-99.217122,19.404003],[-99.217561,19.403931],[-99.218213,19.403821],[-99.218776,19.40373],[-99.219443,19.403561],[-99.21994,19.403415],[-99.220175,19.403342],[-99.220269,19.403349],[-99.220311,19.403359],[-99.220343,19.403374],[-99.220383,19.403399],[-99.220411,19.403424],[-99.220447,19.403484],[-99.220557,19.40376],[-99.220608,19.403992],[-99.220646,19.404177],[-99.220702,19.404473],[-99.220702,19.404573],[-99.220689,19.404637],[-99.220661,19.404709],[-99.220626,19.404784],[-99.220568,19.404848],[-99.220494,19.404929],[-99.22037,19.405018],[-99.220344,19.405054],[-99.220387,19.405102],[-99.22056,19.405025],[-99.220772,19.404929],[-99.220946,19.404812],[-99.221144,19.404683],[-99.221408,19.404559],[-99.221609,19.404537],[-99.221892,19.404527],[-99.222222,19.404522],[-99.222309,19.404521],[-99.222633,19.404513],[-99.222764,19.404531],[-99.222873,19.404599],[-99.222928,19.404684],[-99.222956,19.40475],[-99.223312,19.404732],[-99.223821,19.404703],[-99.22477,19.404655],[-99.225358,19.404682],[-99.226199,19.404793],[-99.226399,19.404818],[-99.226397,19.404823],[-99.226748,19.404857],[-99.227443,19.404969],[-99.227802,19.405173],[-99.228139,19.405383],[-99.228165,19.405399],[-99.2282,19.405404],[-99.228266,19.405427],[-99.228416,19.405519],[-99.228607,19.405636],[-99.228596,19.405703],[-99.228635,19.405731],[-99.228639,19.405734],[-99.228739,19.405601],[-99.229376,19.404932],[-99.229585,19.404653],[-99.229814,19.404392],[-99.230354,19.403739],[-99.231072,19.40288],[-99.231532,19.402339],[-99.232039,19.401734],[-99.232936,19.400792],[-99.233955,19.399664],[-99.234911,19.398675],[-99.235591,19.397967],[-99.236004,19.397566],[-99.237948,19.3963],[-99.238101,19.396204],[-99.238626,19.395643],[-99.238976,19.395271],[-99.239344,19.394896],[-99.239464,19.394794],[-99.239571,19.394648],[-99.239631,19.394553],[-99.239665,19.394445],[-99.239684,19.394286],[-99.239634,19.39397],[-99.239435,19.39282],[-99.239319,19.392192],[-99.239193,19.391561],[-99.239154,19.391273],[-99.239018,19.391087],[-99.238997,19.391061],[-99.239016,19.391701],[-99.239033,19.392286],[-99.239007,19.392473],[-99.238921,19.392674],[-99.238807,19.392824],[-99.238171,19.393285],[-99.238028,19.393397],[-99.237843,19.393491],[-99.237603,19.393567],[-99.237383,19.393599],[-99.237099,19.393605],[-99.236485,19.393546],[-99.236259,19.393541],[-99.23604,19.393563],[-99.235808,19.393626],[-99.235482,19.393743],[-99.232842,19.394814],[-99.232577,19.394904],[-99.232253,19.394933],[-99.231937,19.394907],[-99.23152,19.394869],[-99.231276,19.394872],[-99.231067,19.394899],[-99.230855,19.39495],[-99.230491,19.395083],[-99.230404,19.395113],[-99.229981,19.395256],[-99.22977,19.395303],[-99.229247,19.395417],[-99.228183,19.395645],[-99.227703,19.395731],[-99.227345,19.395796],[-99.226979,19.395803],[-99.226648,19.395772],[-99.226036,19.395691],[-99.22571,19.395666],[-99.225159,19.395639],[-99.224991,19.395633],[-99.22422,19.395746],[-99.223579,19.395853],[-99.222487,19.396241],[-99.22212,19.396383]]]}},{"type":"Feature","properties":{"cp":"15100"},"geometry":{"type":"Polygon","coordinates":[[[-99.125236,19.428338],[-99.125271,19.427633],[-99.12543,19.426776],[-99.125474,19.426538],[-99.125489,19.426437],[-99.125539,19.425849],[-99.125591,19.425553],[-99.125619,19.425399],[-99.125766,19.424362],[-99.125894,19.423501],[-99.126006,19.422873],[-99.12476,19.42273],[-99.124701,19.422723],[-99.124033,19.422647],[-99.12375,19.422612],[-99.122921,19.422512],[-99.122402,19.422472],[-99.121578,19.422381],[-99.121159,19.422326],[-99.120459,19.422226],[-99.120299,19.423242],[-99.120265,19.423422],[-99.12015,19.424133],[-99.120056,19.424757],[-99.119981,19.425227],[-99.119939,19.425532],[-99.119623,19.427744],[-99.119425,19.42878],[-99.119387,19.429003],[-99.118973,19.432211],[-99.120012,19.432312],[-99.121156,19.432455],[-99.121155,19.433559],[-99.121149,19.434346],[-99.121178,19.435195],[-99.121182,19.436139],[-99.121189,19.437231],[-99.1212,19.438447],[-99.1212,19.438468],[-99.121205,19.439344],[-99.121211,19.440212],[-99.121212,19.440766],[-99.12121,19.440966],[-99.121569,19.441374],[-99.122366,19.442208],[-99.122623,19.442404],[-99.123115,19.44266],[-99.123079,19.442495],[-99.123162,19.441581],[-99.123268,19.440853],[-99.123356,19.440191],[-99.123445,19.439556],[-99.123601,19.438639],[-99.123765,19.437495],[-99.12394,19.436419],[-99.124069,19.435587],[-99.124183,19.434712],[-99.124335,19.433924],[-99.124533,19.43281],[-99.124662,19.431985],[-99.124776,19.43127],[-99.124847,19.430856],[-99.125018,19.429818],[-99.125111,19.429189],[-99.125184,19.428711],[-99.125236,19.428338]]]}},{"type":"Feature","properties":{"cp":"15210"},"geometry":{"type":"Polygon","coordinates":[[[-99.122296,19.459798],[-99.123114,19.45851],[-99.123332,19.458154],[-99.123558,19.457045],[-99.12369,19.45643],[-99.123358,19.456292],[-99.122948,19.45617],[-99.122448,19.456021],[-99.121585,19.455765],[-99.120715,19.455505],[-99.11985,19.455252],[-99.118982,19.454988],[-99.118127,19.454733],[-99.117723,19.454612],[-99.117266,19.454476],[-99.116851,19.454352],[-99.116433,19.454228],[-99.115977,19.454093],[-99.115575,19.453974],[-99.114912,19.45378],[-99.114768,19.454395],[-99.11439,19.455851],[-99.114715,19.456118],[-99.114971,19.456318],[-99.115463,19.456702],[-99.115834,19.456992],[-99.116169,19.457254],[-99.116279,19.457339],[-99.116735,19.457696],[-99.116905,19.457828],[-99.116962,19.457873],[-99.117053,19.457939],[-99.117149,19.458],[-99.117269,19.458067],[-99.117349,19.458108],[-99.117464,19.458158],[-99.117511,19.458176],[-99.117688,19.45824],[-99.118005,19.45835],[-99.118451,19.458505],[-99.118496,19.45852],[-99.11897,19.458679],[-99.119387,19.458816],[-99.119814,19.458956],[-99.120261,19.459103],[-99.120324,19.459123],[-99.121116,19.459383],[-99.121588,19.459538],[-99.122296,19.459798]]]}},{"type":"Feature","properties":{"cp":"15220"},"geometry":{"type":"Polygon","coordinates":[[[-99.123781,19.45603],[-99.124106,19.454795],[-99.124166,19.454545],[-99.124278,19.454098],[-99.124423,19.453336],[-99.124782,19.452009],[-99.123594,19.451754],[-99.123518,19.451736],[-99.122476,19.451495],[-99.122419,19.451483],[-99.121352,19.451246],[-99.120202,19.450997],[-99.119062,19.450757],[-99.118759,19.450695],[-99.118483,19.450641],[-99.11822,19.450585],[-99.117927,19.450502],[-99.11585,19.450056],[-99.115511,19.451418],[-99.115305,19.452166],[-99.115141,19.452886],[-99.114912,19.45378],[-99.115575,19.453974],[-99.115977,19.454093],[-99.116433,19.454228],[-99.116851,19.454352],[-99.117266,19.454476],[-99.117723,19.454612],[-99.118127,19.454733],[-99.118982,19.454988],[-99.11985,19.455252],[-99.120715,19.455505],[-99.121585,19.455765],[-99.122448,19.456021],[-99.122948,19.45617],[-99.123358,19.456292],[-99.12369,19.45643],[-99.123781,19.45603]]]}},{"type":"Feature","properties":{"cp":"15230"},"geometry":{"type":"Polygon","coordinates":[[[-99.122419,19.451483],[-99.122476,19.451495],[-99.123518,19.451736],[-99.123594,19.451754],[-99.124782,19.452009],[-99.124644,19.451813],[-99.124173,19.451266],[-99.123543,19.450611],[-99.12341,19.450464],[-99.122892,19.449873],[-99.122329,19.449241],[-99.121288,19.448179],[-99.120921,19.447825],[-99.120053,19.446895],[-99.119808,19.446629],[-99.119121,19.445939],[-99.119004,19.445725],[-99.118735,19.445797],[-99.11879,19.446512],[-99.118794,19.446728],[-99.118644,19.447414],[-99.118507,19.447993],[-99.118395,19.448478],[-99.118293,19.448965],[-99.118173,19.44947],[-99.117927,19.450502],[-99.11822,19.450585],[-99.118483,19.450641],[-99.118759,19.450695],[-99.119062,19.450757],[-99.120202,19.450997],[-99.121352,19.451246],[-99.122419,19.451483]]]}},{"type":"Feature","properties":{"cp":"15270"},"geometry":{"type":"Polygon","coordinates":[[[-99.113823,19.440039],[-99.114343,19.440702],[-99.114895,19.441324],[-99.115119,19.441557],[-99.115416,19.441887],[-99.11636,19.442912],[-99.11658,19.443153],[-99.117328,19.443954],[-99.117399,19.44403],[-99.117846,19.444534],[-99.11821,19.444908],[-99.118285,19.444987],[-99.118582,19.4453],[-99.118803,19.44554],[-99.119004,19.445725],[-99.119121,19.445939],[-99.119808,19.446629],[-99.120053,19.446895],[-99.120921,19.447825],[-99.121288,19.448179],[-99.122329,19.449241],[-99.122892,19.449873],[-99.12341,19.450464],[-99.123543,19.450611],[-99.124173,19.451266],[-99.124644,19.451813],[-99.124782,19.452009],[-99.125016,19.4515],[-99.125068,19.451395],[-99.125213,19.451086],[-99.125481,19.450204],[-99.125553,19.449835],[-99.125686,19.449216],[-99.125889,19.448188],[-99.125889,19.448187],[-99.125929,19.447795],[-99.12593,19.447618],[-99.125867,19.447405],[-99.125708,19.447124],[-99.125589,19.44695],[-99.125382,19.446648],[-99.124482,19.444977],[-99.124195,19.444411],[-99.123854,19.443717],[-99.123785,19.443574],[-99.123115,19.44266],[-99.122623,19.442404],[-99.122366,19.442208],[-99.121569,19.441374],[-99.12121,19.440966],[-99.121212,19.440766],[-99.121211,19.440212],[-99.121205,19.439344],[-99.1212,19.438468],[-99.1212,19.438447],[-99.119409,19.438284],[-99.118689,19.43824],[-99.118396,19.438181],[-99.117217,19.438095],[-99.116629,19.438053],[-99.116101,19.438015],[-99.115343,19.43796],[-99.114733,19.437916],[-99.114249,19.437904],[-99.113914,19.439547],[-99.113823,19.440039]]]}},{"type":"Feature","properties":{"cp":"15290"},"geometry":{"type":"Polygon","coordinates":[[[-99.11633,19.431972],[-99.115909,19.431967],[-99.115275,19.43197],[-99.115227,19.432476],[-99.115203,19.432768],[-99.115086,19.43349],[-99.115061,19.433655],[-99.114954,19.434393],[-99.115725,19.434511],[-99.115825,19.434525],[-99.116115,19.434562],[-99.116533,19.434614],[-99.117051,19.434679],[-99.117566,19.434738],[-99.117929,19.434786],[-99.11829,19.43483],[-99.118829,19.4349],[-99.119771,19.435023],[-99.121178,19.435195],[-99.121149,19.434346],[-99.121155,19.433559],[-99.121156,19.432455],[-99.120012,19.432312],[-99.118973,19.432211],[-99.118754,19.43213],[-99.11779,19.432027],[-99.117264,19.431988],[-99.116732,19.431977],[-99.11633,19.431972]]]}},{"type":"Feature","properties":{"cp":"15350"},"geometry":{"type":"Polygon","coordinates":[[[-99.114249,19.437904],[-99.114733,19.437916],[-99.115343,19.43796],[-99.116101,19.438015],[-99.116629,19.438053],[-99.117217,19.438095],[-99.118396,19.438181],[-99.118689,19.43824],[-99.119409,19.438284],[-99.1212,19.438447],[-99.121189,19.437231],[-99.121182,19.436139],[-99.121178,19.435195],[-99.119771,19.435023],[-99.118829,19.4349],[-99.11829,19.43483],[-99.117929,19.434786],[-99.117566,19.434738],[-99.117051,19.434679],[-99.116533,19.434614],[-99.116115,19.434562],[-99.115825,19.434525],[-99.115725,19.434511],[-99.114954,19.434393],[-99.114845,19.434921],[-99.114762,19.435325],[-99.114741,19.435421],[-99.114478,19.43676],[-99.114249,19.437904]]]}},{"type":"Feature","properties":{"cp":"15800"},"geometry":{"type":"Polygon","coordinates":[[[-99.121614,19.405049],[-99.121637,19.405376],[-99.121648,19.405831],[-99.121678,19.406966],[-99.121692,19.408032],[-99.121714,19.409124],[-99.122348,19.409065],[-99.122792,19.40903],[-99.123282,19.408991],[-99.123752,19.408955],[-99.124213,19.408918],[-99.124778,19.408874],[-99.125323,19.408867],[-99.126766,19.408955],[-99.126543,19.408261],[-99.126393,19.407742],[-99.126272,19.407171],[-99.126188,19.406827],[-99.12615,19.406678],[-99.125867,19.405194],[-99.125698,19.404331],[-99.123936,19.404638],[-99.123275,19.404767],[-99.122281,19.404949],[-99.121733,19.405031],[-99.121614,19.405049]]]}},{"type":"Feature","properties":{"cp":"15810"},"geometry":{"type":"Polygon","coordinates":[[[-99.127409,19.418678],[-99.126341,19.418515],[-99.125169,19.418371],[-99.125135,19.418365],[-99.124524,19.418268],[-99.124453,19.418257],[-99.12396,19.418184],[-99.123525,19.418122],[-99.122997,19.418038],[-99.122597,19.417979],[-99.12219,19.417922],[-99.121748,19.417861],[-99.121075,19.417779],[-99.120936,19.418878],[-99.120777,19.420257],[-99.120626,19.421005],[-99.120459,19.422226],[-99.121159,19.422326],[-99.121578,19.422381],[-99.122402,19.422472],[-99.122921,19.422512],[-99.12375,19.422612],[-99.124033,19.422647],[-99.124701,19.422723],[-99.12476,19.42273],[-99.126006,19.422873],[-99.126034,19.42283],[-99.126079,19.422761],[-99.126221,19.422486],[-99.126583,19.421699],[-99.127008,19.420751],[-99.127139,19.420378],[-99.127373,19.418988],[-99.127409,19.418678]]]}},{"type":"Feature","properties":{"cp":"15820"},"geometry":{"type":"Polygon","coordinates":[[[-99.127618,19.417401],[-99.127829,19.415958],[-99.127901,19.415541],[-99.128079,19.414555],[-99.1282,19.41376],[-99.128167,19.413526],[-99.128155,19.413438],[-99.127364,19.413481],[-99.126168,19.413519],[-99.126059,19.413522],[-99.124826,19.413561],[-99.124414,19.4136],[-99.124015,19.413614],[-99.123932,19.413615],[-99.123551,19.413616],[-99.123511,19.413617],[-99.123118,19.413638],[-99.122736,19.413646],[-99.122279,19.413671],[-99.121654,19.413693],[-99.121538,19.414561],[-99.121406,19.415439],[-99.121385,19.415586],[-99.121218,19.416819],[-99.121075,19.417779],[-99.121748,19.417861],[-99.12219,19.417922],[-99.122597,19.417979],[-99.122997,19.418038],[-99.123525,19.418122],[-99.12396,19.418184],[-99.124453,19.418257],[-99.124524,19.418268],[-99.125135,19.418365],[-99.125169,19.418371],[-99.126341,19.418515],[-99.127409,19.418678],[-99.127618,19.417401]]]}},{"type":"Feature","properties":{"cp":"15830"},"geometry":{"type":"Polygon","coordinates":[[[-99.125323,19.408867],[-99.125322,19.410092],[-99.125361,19.411117],[-99.125029,19.411129],[-99.124847,19.411133],[-99.124561,19.411136],[-99.124254,19.411154],[-99.124321,19.412398],[-99.124414,19.4136],[-99.124826,19.413561],[-99.126059,19.413522],[-99.126168,19.413519],[-99.127364,19.413481],[-99.128155,19.413438],[-99.128003,19.413023],[-99.127847,19.41228],[-99.127757,19.411814],[-99.127691,19.41145],[-99.127591,19.411049],[-99.127418,19.410484],[-99.127297,19.410045],[-99.127191,19.409595],[-99.127169,19.409269],[-99.127168,19.409011],[-99.126766,19.408955],[-99.125323,19.408867]]]}},{"type":"Feature","properties":{"cp":"15840"},"geometry":{"type":"Polygon","coordinates":[[[-99.121714,19.409124],[-99.121743,19.410237],[-99.12175,19.411224],[-99.12176,19.411538],[-99.121767,19.412491],[-99.122401,19.412459],[-99.122862,19.412439],[-99.123489,19.412422],[-99.123856,19.412406],[-99.124321,19.412398],[-99.124254,19.411154],[-99.124561,19.411136],[-99.124847,19.411133],[-99.125029,19.411129],[-99.125361,19.411117],[-99.125322,19.410092],[-99.125323,19.408867],[-99.124778,19.408874],[-99.124213,19.408918],[-99.123752,19.408955],[-99.123282,19.408991],[-99.122792,19.40903],[-99.122348,19.409065],[-99.121714,19.409124]]]}},{"type":"Feature","properties":{"cp":"15850"},"geometry":{"type":"Polygon","coordinates":[[[-99.113227,19.408413],[-99.115383,19.40859],[-99.11586,19.408627],[-99.115823,19.409589],[-99.116202,19.409586],[-99.116555,19.409582],[-99.11717,19.409567],[-99.117618,19.409568],[-99.118034,19.409591],[-99.118217,19.409616],[-99.118335,19.409795],[-99.118754,19.409982],[-99.119206,19.410168],[-99.119793,19.410469],[-99.120853,19.411051],[-99.121149,19.411234],[-99.121367,19.411286],[-99.121573,19.411262],[-99.12175,19.411224],[-99.121743,19.410237],[-99.121714,19.409124],[-99.121692,19.408032],[-99.121678,19.406966],[-99.121648,19.405831],[-99.121637,19.405376],[-99.121614,19.405049],[-99.121117,19.405141],[-99.12102,19.405153],[-99.120146,19.405292],[-99.119665,19.405374],[-99.11881,19.405517],[-99.11722,19.405538],[-99.116381,19.405543],[-99.115551,19.405548],[-99.115067,19.405559],[-99.114571,19.405615],[-99.114417,19.405651],[-99.113852,19.405779],[-99.113496,19.405861],[-99.113437,19.406423],[-99.113312,19.40759],[-99.113227,19.408413]]]}},{"type":"Feature","properties":{"cp":"15860"},"geometry":{"type":"Polygon","coordinates":[[[-99.116122,19.411694],[-99.116312,19.411693],[-99.116528,19.411693],[-99.116961,19.411693],[-99.11745,19.41169],[-99.118081,19.411689],[-99.118616,19.411689],[-99.119042,19.411689],[-99.119482,19.411694],[-99.119886,19.411692],[-99.120278,19.411709],[-99.120741,19.4117],[-99.12117,19.411624],[-99.12176,19.411538],[-99.12175,19.411224],[-99.121573,19.411262],[-99.121367,19.411286],[-99.121149,19.411234],[-99.120853,19.411051],[-99.119793,19.410469],[-99.119206,19.410168],[-99.118754,19.409982],[-99.118335,19.409795],[-99.118217,19.409616],[-99.118034,19.409591],[-99.117618,19.409568],[-99.11717,19.409567],[-99.116555,19.409582],[-99.116202,19.409586],[-99.115823,19.409589],[-99.11586,19.408627],[-99.115383,19.40859],[-99.113227,19.408413],[-99.113168,19.408997],[-99.113056,19.41026],[-99.112973,19.411685],[-99.113113,19.411686],[-99.113403,19.411686],[-99.113664,19.411687],[-99.11408,19.411689],[-99.114538,19.41169],[-99.115129,19.411692],[-99.115739,19.411694],[-99.116122,19.411694]]]}},{"type":"Feature","properties":{"cp":"15870"},"geometry":{"type":"Polygon","coordinates":[[[-99.124414,19.4136],[-99.124321,19.412398],[-99.123856,19.412406],[-99.123489,19.412422],[-99.122862,19.412439],[-99.122401,19.412459],[-99.121767,19.412491],[-99.121751,19.412614],[-99.121659,19.413637],[-99.121654,19.413693],[-99.122279,19.413671],[-99.122736,19.413646],[-99.123118,19.413638],[-99.123511,19.413617],[-99.123551,19.413616],[-99.123932,19.413615],[-99.124015,19.413614],[-99.124414,19.4136]]]}},{"type":"Feature","properties":{"cp":"15960"},"geometry":{"type":"Polygon","coordinates":[[[-99.111116,19.427511],[-99.113484,19.428661],[-99.1148,19.429344],[-99.115072,19.429506],[-99.115292,19.429763],[-99.115333,19.430045],[-99.115315,19.430628],[-99.115298,19.431196],[-99.115276,19.431959],[-99.115276,19.431959],[-99.115275,19.43197],[-99.115909,19.431967],[-99.11633,19.431972],[-99.116732,19.431977],[-99.117264,19.431988],[-99.11779,19.432027],[-99.118754,19.43213],[-99.118973,19.432211],[-99.119387,19.429003],[-99.119425,19.42878],[-99.119623,19.427744],[-99.119939,19.425532],[-99.119981,19.425227],[-99.120056,19.424757],[-99.12015,19.424133],[-99.120265,19.423422],[-99.120299,19.423242],[-99.120459,19.422226],[-99.120626,19.421005],[-99.120777,19.420257],[-99.120936,19.418878],[-99.121075,19.417779],[-99.121218,19.416819],[-99.121385,19.415586],[-99.121406,19.415439],[-99.121538,19.414561],[-99.121654,19.413693],[-99.121453,19.413758],[-99.120915,19.413784],[-99.120475,19.413805],[-99.120039,19.413825],[-99.119618,19.413845],[-99.11918,19.413866],[-99.118873,19.413881],[-99.118757,19.413886],[-99.118336,19.413906],[-99.117767,19.413933],[-99.117609,19.414968],[-99.11751,19.415747],[-99.117354,19.416814],[-99.117201,19.417787],[-99.117148,19.418166],[-99.117047,19.418874],[-99.116902,19.419855],[-99.116719,19.421187],[-99.116585,19.422028],[-99.116368,19.423489],[-99.116126,19.425057],[-99.11438,19.424845],[-99.114257,19.424831],[-99.114172,19.42482],[-99.113769,19.424773],[-99.113431,19.426913],[-99.112918,19.426858],[-99.112203,19.426891],[-99.111668,19.426956],[-99.111237,19.427029],[-99.111116,19.427511]]]}},{"type":"Feature","properties":{"cp":"15990"},"geometry":{"type":"Polygon","coordinates":[[[-99.115788,19.414027],[-99.116255,19.414005],[-99.116681,19.413985],[-99.117106,19.413965],[-99.117767,19.413933],[-99.118336,19.413906],[-99.118757,19.413886],[-99.118873,19.413881],[-99.11918,19.413866],[-99.119618,19.413845],[-99.120039,19.413825],[-99.120475,19.413805],[-99.120915,19.413784],[-99.121453,19.413758],[-99.121654,19.413693],[-99.121659,19.413637],[-99.121751,19.412614],[-99.121767,19.412491],[-99.12176,19.411538],[-99.12117,19.411624],[-99.120741,19.4117],[-99.120278,19.411709],[-99.119886,19.411692],[-99.119482,19.411694],[-99.119042,19.411689],[-99.118616,19.411689],[-99.118081,19.411689],[-99.11745,19.41169],[-99.116961,19.411693],[-99.116528,19.411693],[-99.116312,19.411693],[-99.116122,19.411694],[-99.115952,19.412894],[-99.115819,19.413798],[-99.115788,19.414027]]]}}]}
